id,age,sex,district,ses,education,insured,smoking,pack_years,air_pollution,poor_diet,physical_inactivity,heavy_alcohol,social_isolation,bmi,systolic_bp,family_history_cvd,cvd,depression,lung_cancer,type2_diabetes,injury_past_year,clinic_visit_past_year,followup_years
24990,41,female,Hill,4,tertiary,0,1,5.9,1,0,0,0,0,26.2,107,0,0,0,0,0,0,0,4.4
15061,50,female,Hill,3,tertiary,1,1,8.5,0,0,0,1,0,27.4,129,0,0,0,1,0,0,1,6.8
31251,75,male,Hill,1,tertiary,1,0,0.0,0,1,1,0,1,36.1,133,0,0,0,0,1,0,1,6.0
14182,40,male,Snow,2,primary,1,0,0.0,0,1,0,0,0,23.7,112,0,0,0,0,0,0,0,6.4
84999,75,male,Hill,4,tertiary,0,0,0.0,0,0,1,0,0,35.9,135,0,0,0,0,0,0,0,8.0
78243,37,male,Nightingale,2,secondary,0,0,0.0,0,0,1,1,0,24.2,122,0,0,0,0,0,0,1,9.1
98104,29,male,Rose,5,primary,1,0,0.0,1,1,1,0,0,27.9,101,0,0,0,0,0,0,1,5.4
83284,42,female,Hill,3,secondary,0,0,0.0,0,1,1,0,1,33.2,114,1,0,0,0,0,0,0,7.3
66290,32,female,Nightingale,2,primary,0,0,0.0,1,0,0,1,0,23.0,113,0,0,0,0,0,0,0,6.9
99188,68,male,Hill,3,primary,0,1,13.5,1,0,1,0,1,22.7,116,0,0,0,1,0,0,0,4.2
20221,44,male,Nightingale,1,secondary,0,0,0.0,0,1,0,0,0,30.6,127,0,0,0,0,0,0,0,8.2
38183,74,female,Snow,1,primary,1,1,27.7,0,1,1,0,1,31.2,129,0,1,0,0,1,0,1,5.1
95706,62,male,Nightingale,2,secondary,0,1,19.1,0,1,0,0,0,32.2,107,0,0,0,0,0,0,0,4.2
31451,40,female,Snow,2,primary,0,1,3.9,1,1,1,1,0,31.5,126,0,0,0,0,0,0,0,6.5
50333,27,female,Nightingale,2,secondary,0,1,2.5,0,1,1,1,0,31.2,113,0,0,1,0,0,1,1,8.0
77935,27,male,Rose,3,secondary,0,0,0.0,0,0,1,1,0,21.6,100,0,0,0,0,0,0,0,6.9
36823,40,male,Doll,5,primary,1,0,0.0,1,0,0,1,0,25.8,117,0,0,0,0,0,0,1,4.5
80954,69,female,Rose,5,secondary,0,0,0.0,1,1,1,0,0,26.2,130,0,0,0,0,0,0,0,7.1
35536,20,male,Doll,3,tertiary,0,0,0.0,0,0,0,0,0,22.0,110,0,0,0,0,0,0,0,6.5
19722,22,female,Doll,5,tertiary,0,0,0.0,0,0,1,1,0,23.8,101,0,0,0,0,0,0,0,6.2
57413,63,female,Doll,4,tertiary,1,1,14.1,0,1,1,0,0,30.4,124,0,0,0,0,0,0,0,8.5
83998,56,male,Rose,2,secondary,0,1,9.6,0,1,1,1,1,34.5,125,0,0,0,0,0,0,0,5.0
24630,48,female,Snow,3,secondary,0,0,0.0,0,0,1,0,0,30.8,133,0,0,0,0,0,0,0,9.0
77151,47,female,Snow,3,secondary,0,1,5.5,0,0,0,0,0,31.0,111,0,0,0,0,0,0,0,6.9
19640,71,female,Nightingale,2,secondary,1,0,0.0,1,1,1,0,0,33.4,118,0,0,0,0,0,0,0,6.6
36663,19,male,Nightingale,5,secondary,0,0,0.0,0,1,0,1,0,25.7,106,0,0,0,0,0,0,0,4.8
34349,78,male,Hill,5,secondary,1,0,0.0,0,0,1,0,1,35.8,142,0,0,0,0,0,0,0,7.6
30512,53,female,Nightingale,4,secondary,0,1,6.4,0,0,0,1,0,32.7,136,0,0,0,0,0,0,0,6.4
91918,31,female,Doll,2,secondary,0,0,0.0,0,1,1,0,0,30.5,105,0,0,0,0,0,0,0,6.4
69047,68,male,Rose,2,secondary,1,1,9.4,1,1,0,0,0,32.6,142,0,0,0,0,0,0,0,7.8
34783,63,male,Doll,2,secondary,0,0,0.0,0,1,1,0,1,31.9,126,0,0,1,0,0,0,1,9.8
51325,19,female,Rose,5,secondary,1,0,0.0,1,0,0,1,1,27.5,107,0,0,0,0,0,0,0,8.0
17371,53,female,Nightingale,1,secondary,1,1,13.4,0,0,0,0,1,28.2,102,0,0,1,0,0,0,0,9.5
30687,23,female,Snow,4,tertiary,0,0,0.0,1,0,1,0,0,25.5,96,0,0,0,0,0,0,0,6.1
90019,31,female,Nightingale,1,primary,0,0,0.0,1,0,0,1,1,23.3,92,0,0,0,0,0,0,0,9.3
48916,30,female,Hill,4,secondary,1,0,0.0,0,0,0,1,0,26.0,129,1,0,1,0,0,0,0,9.2
34012,71,male,Rose,4,secondary,0,0,0.0,0,0,0,0,0,21.7,132,0,0,0,0,1,1,1,9.1
55835,73,female,Snow,4,secondary,1,0,0.0,1,0,0,1,0,26.7,116,0,0,0,0,0,1,0,10.0
55773,48,female,Nightingale,5,tertiary,1,0,0.0,0,0,1,0,0,27.8,121,0,0,0,0,0,0,0,9.5
20463,49,male,Rose,5,tertiary,1,0,0.0,0,0,1,0,0,27.1,100,0,0,0,0,0,0,0,6.3
45346,65,female,Doll,2,secondary,0,0,0.0,0,0,1,0,1,31.7,134,0,0,0,0,0,0,0,5.5
49862,41,female,Snow,1,secondary,0,0,0.0,0,0,1,0,0,30.6,91,0,0,0,0,0,0,0,7.8
37354,72,male,Snow,3,tertiary,1,1,17.2,0,1,0,0,0,35.6,132,0,0,0,1,0,0,1,8.9
27143,56,female,Nightingale,3,secondary,1,1,16.5,0,0,0,0,0,26.1,110,0,1,0,0,0,1,1,6.3
76484,63,female,Snow,1,secondary,1,0,0.0,0,0,1,0,1,25.8,128,0,0,1,0,0,0,0,8.2
82348,41,female,Nightingale,5,secondary,1,0,0.0,0,0,0,1,0,26.6,113,0,0,0,0,0,0,1,4.9
19322,30,female,Nightingale,1,primary,1,0,0.0,0,1,1,1,1,28.4,106,0,0,1,0,0,0,1,4.3
13349,31,male,Snow,2,primary,0,1,5.6,1,1,0,0,0,31.1,108,0,0,0,0,0,0,0,7.0
28162,63,female,Rose,4,secondary,0,0,0.0,1,0,0,0,0,27.9,128,0,0,0,0,0,0,0,7.4
50361,51,female,Nightingale,4,primary,1,1,13.7,0,0,1,0,1,23.4,110,0,0,0,0,0,0,0,4.8
10630,48,male,Doll,3,primary,1,0,0.0,0,0,1,0,0,30.3,100,0,0,0,0,0,0,1,7.5
83654,19,male,Snow,1,secondary,1,0,0.0,1,1,0,0,0,26.4,93,0,0,0,0,0,0,0,6.3
26168,75,male,Snow,2,secondary,0,1,24.5,1,1,1,0,0,29.2,143,0,1,0,1,1,0,1,6.4
32364,56,female,Snow,3,secondary,1,0,0.0,0,1,0,1,0,28.7,118,0,0,0,0,0,0,1,5.1
59229,22,female,Rose,2,primary,1,1,0.9,1,1,1,0,0,26.5,98,0,0,0,0,0,0,0,9.0
51122,65,female,Nightingale,2,primary,0,1,11.9,0,1,1,0,0,32.4,128,0,0,0,0,0,0,0,8.9
85716,67,male,Doll,5,tertiary,1,0,0.0,0,0,0,0,0,22.1,108,0,0,0,0,0,0,0,6.2
22979,44,male,Nightingale,1,tertiary,0,1,11.1,0,0,1,0,0,30.8,109,0,0,0,0,1,0,1,5.7
95748,73,female,Hill,4,tertiary,1,0,0.0,1,0,1,0,0,22.5,134,0,0,0,0,0,0,0,6.4
95559,28,female,Hill,5,secondary,0,0,0.0,1,1,1,0,0,30.8,116,0,0,0,0,0,0,0,4.6
15462,53,male,Hill,2,primary,0,0,0.0,1,0,1,0,0,29.5,124,0,0,0,0,0,0,1,4.0
72683,60,male,Snow,3,primary,0,0,0.0,0,0,1,0,0,26.1,107,0,0,0,0,0,0,0,4.2
94000,41,male,Doll,2,secondary,0,0,0.0,0,1,1,0,0,26.9,122,0,0,0,0,0,0,0,4.4
65384,28,female,Hill,5,tertiary,1,0,0.0,0,0,0,0,0,21.7,108,0,0,0,0,0,1,1,9.2
96804,66,male,Hill,1,tertiary,1,1,22.1,0,0,0,0,0,27.2,130,1,0,0,0,0,0,1,7.8
27922,37,male,Nightingale,2,secondary,1,0,0.0,0,0,1,0,0,27.9,108,0,0,0,0,0,0,0,10.0
89244,57,female,Snow,2,primary,1,0,0.0,0,0,0,0,1,31.2,134,0,0,0,0,0,0,1,8.6
72031,68,male,Doll,5,secondary,1,0,0.0,0,0,1,0,0,24.6,106,0,0,0,0,0,0,0,4.5
51245,20,male,Nightingale,4,tertiary,1,0,0.0,0,0,1,1,0,25.8,110,0,0,1,0,0,0,0,8.6
62105,70,female,Snow,4,secondary,0,0,0.0,1,0,1,0,0,33.5,121,0,0,0,0,1,0,0,7.0
67159,25,female,Snow,1,secondary,0,1,2.1,0,1,1,0,1,38.7,127,0,0,0,0,1,0,1,9.3
18504,59,male,Snow,3,tertiary,1,1,9.3,0,0,0,1,0,28.5,125,0,0,0,0,0,0,0,6.5
85237,21,male,Nightingale,1,secondary,0,1,0.6,1,0,0,1,0,25.7,120,0,0,0,0,0,0,0,7.3
84504,32,male,Hill,3,secondary,0,0,0.0,0,1,0,0,0,22.8,98,0,0,0,0,0,0,0,5.2
53050,52,male,Rose,2,secondary,0,1,13.9,1,0,0,0,1,30.8,128,0,0,1,0,0,0,1,7.9
59879,68,female,Nightingale,2,secondary,0,0,0.0,1,1,1,0,0,28.0,137,0,0,0,0,0,0,0,4.1
42149,33,female,Hill,2,secondary,1,1,6.2,1,0,0,0,0,21.6,111,0,0,1,1,0,0,1,6.0
17357,37,female,Hill,4,secondary,1,0,0.0,0,0,0,0,1,21.7,110,0,0,1,0,0,0,1,8.5
21015,64,female,Snow,2,primary,1,1,12.6,1,0,1,0,0,32.6,128,0,0,0,0,0,0,0,9.4
20095,35,male,Snow,2,secondary,1,0,0.0,1,1,0,0,1,30.1,100,0,0,1,0,0,0,0,5.4
19225,56,female,Rose,3,secondary,1,0,0.0,1,0,1,0,0,31.2,116,1,0,0,0,0,0,0,8.5
80928,67,female,Snow,1,secondary,0,0,0.0,1,1,0,0,1,30.0,149,0,0,0,0,0,0,0,9.3
74374,70,female,Doll,2,secondary,0,0,0.0,1,1,1,0,0,35.6,133,0,0,0,0,0,0,0,8.1
39031,25,male,Nightingale,4,tertiary,1,0,0.0,0,1,1,1,0,34.4,104,0,0,0,0,0,0,1,8.3
54512,61,female,Hill,2,secondary,1,1,17.6,1,1,0,0,1,33.2,124,0,0,0,0,0,0,0,7.2
82918,46,female,Doll,4,secondary,1,0,0.0,0,0,1,0,1,25.0,112,0,0,0,0,0,0,0,5.3
73414,73,female,Snow,3,secondary,1,1,24.3,0,1,1,0,0,28.8,136,1,1,0,0,0,0,1,8.7
42391,73,male,Snow,4,secondary,1,0,0.0,0,0,0,0,0,29.7,116,0,0,0,0,0,0,1,5.5
44423,39,male,Snow,2,primary,0,0,0.0,0,0,0,1,0,33.4,111,0,0,0,0,0,1,0,6.3
93161,26,male,Snow,1,primary,0,1,1.5,1,1,1,1,0,32.0,113,0,0,0,0,0,0,0,5.5
76751,47,male,Doll,3,secondary,1,0,0.0,0,0,0,0,0,29.0,110,0,0,0,0,0,0,0,8.7
27235,41,female,Nightingale,4,secondary,1,1,8.1,1,0,1,0,0,28.4,102,0,0,0,0,0,0,0,8.8
11197,27,female,Snow,3,primary,1,0,0.0,0,1,1,0,0,29.6,109,0,0,0,0,0,0,1,7.9
65191,55,female,Rose,3,tertiary,1,0,0.0,0,1,0,1,0,29.1,122,0,0,0,0,0,0,0,7.7
44076,41,female,Doll,3,secondary,0,0,0.0,0,0,1,0,0,33.3,104,0,0,0,0,0,0,0,6.2
28077,66,male,Rose,2,secondary,0,0,0.0,1,1,0,0,0,29.2,117,0,0,1,0,0,0,1,7.5
78402,53,female,Hill,4,secondary,1,1,7.2,1,1,0,0,0,30.5,129,0,0,0,0,0,0,0,7.2
87940,46,female,Rose,4,tertiary,1,0,0.0,0,0,0,0,0,27.2,105,0,0,0,0,0,0,0,9.8
51722,46,male,Nightingale,3,secondary,0,1,7.4,0,1,1,1,0,27.7,116,0,0,0,0,0,0,0,6.2
63167,51,female,Rose,3,tertiary,1,0,0.0,1,0,0,0,0,18.4,119,0,0,0,0,0,0,0,8.8
32322,22,male,Rose,5,tertiary,1,0,0.0,0,0,0,0,0,26.5,103,0,0,0,0,0,0,1,8.2
12662,31,female,Doll,5,secondary,1,0,0.0,0,1,0,0,0,24.8,98,0,0,0,0,0,0,0,6.6
86701,28,female,Rose,2,primary,0,0,0.0,0,0,0,1,1,26.3,113,0,0,0,0,0,1,0,9.0
25819,56,male,Hill,4,secondary,1,0,0.0,1,0,0,0,0,21.9,122,0,0,0,0,0,0,1,4.5
98653,42,female,Doll,3,secondary,0,0,0.0,0,1,1,1,0,28.3,115,0,0,0,0,1,1,1,9.8
98199,58,male,Hill,3,secondary,0,0,0.0,0,0,0,0,0,26.4,126,0,0,0,0,0,0,0,9.7
83365,75,female,Nightingale,4,secondary,1,1,29.2,1,1,1,0,1,31.4,152,0,0,0,0,0,0,0,5.7
67596,56,male,Doll,2,secondary,0,1,11.1,0,0,1,0,1,25.6,115,0,0,1,0,0,0,0,4.5
23284,52,male,Hill,2,primary,1,1,15.4,0,0,0,0,1,30.7,111,0,0,0,0,0,0,0,7.7
18709,46,male,Hill,1,secondary,0,1,13.4,0,1,1,0,0,28.0,106,1,0,0,0,0,0,0,8.7
38160,44,female,Rose,4,secondary,1,1,5.0,1,0,1,0,0,26.1,124,0,0,0,0,0,0,0,7.9
38556,54,female,Nightingale,4,tertiary,0,0,0.0,1,0,0,0,0,29.2,121,1,0,0,0,0,0,0,8.2
72406,29,female,Nightingale,2,secondary,0,0,0.0,0,0,0,0,1,25.7,99,0,0,1,0,0,0,0,5.2
77538,34,male,Hill,1,secondary,0,0,0.0,1,0,0,0,0,24.1,97,1,0,0,0,0,0,0,8.4
54103,28,male,Snow,1,primary,0,0,0.0,1,0,1,0,0,24.0,104,0,0,0,0,0,0,0,7.0
88320,49,female,Snow,2,secondary,1,0,0.0,1,0,1,1,0,27.4,115,0,0,0,0,0,1,0,8.1
56090,76,male,Hill,1,tertiary,0,0,0.0,1,0,0,0,1,27.6,107,0,0,0,0,0,0,0,7.8
10227,42,female,Nightingale,1,secondary,0,1,11.0,0,0,0,0,0,25.6,109,0,0,0,0,0,0,0,4.6
35076,79,female,Hill,2,tertiary,0,0,0.0,1,1,0,0,1,29.4,127,1,0,0,0,0,0,0,4.8
85646,47,male,Doll,3,secondary,1,0,0.0,0,0,1,0,1,29.9,130,0,0,0,0,0,0,0,9.9
41891,63,female,Doll,3,tertiary,0,1,18.0,0,0,1,0,1,29.7,125,0,0,0,0,0,0,0,6.9
73082,38,female,Snow,1,secondary,0,1,6.1,0,0,1,1,0,27.9,114,0,0,0,0,0,0,0,5.5
98765,57,female,Snow,3,secondary,0,0,0.0,0,1,1,0,0,32.3,144,0,0,0,0,1,1,1,9.9
62797,48,female,Doll,3,tertiary,0,0,0.0,0,0,0,0,0,21.6,110,0,0,0,0,0,0,0,6.3
89262,70,male,Doll,2,secondary,0,1,26.3,1,0,1,0,0,28.5,119,0,0,0,0,0,0,0,8.3
33996,51,female,Rose,4,primary,1,0,0.0,0,1,1,1,1,25.8,109,0,0,0,0,0,0,0,8.7
29653,32,male,Nightingale,2,secondary,1,0,0.0,1,0,0,0,0,26.1,114,0,0,0,0,0,0,0,8.5
99511,56,female,Rose,2,tertiary,0,0,0.0,1,1,0,0,0,31.6,116,0,0,0,0,0,0,0,5.1
95300,64,female,Snow,4,primary,1,1,8.4,1,0,0,0,0,29.9,134,0,0,0,0,0,0,1,4.9
97593,24,female,Snow,4,secondary,0,0,0.0,0,0,1,0,0,29.2,96,0,0,0,0,0,0,0,7.8
51446,41,female,Nightingale,2,secondary,1,0,0.0,0,1,0,0,0,28.1,125,0,0,0,0,0,0,1,5.9
81859,45,male,Snow,3,secondary,0,0,0.0,0,0,1,0,0,30.2,127,0,1,0,0,0,0,1,5.4
19012,34,female,Snow,1,primary,0,0,0.0,0,1,1,1,0,28.4,118,0,0,0,0,0,1,0,7.3
18981,24,female,Hill,3,tertiary,1,0,0.0,0,0,0,1,0,22.0,112,0,0,0,0,0,0,0,9.9
30853,38,male,Nightingale,3,primary,0,0,0.0,1,0,1,0,0,25.9,127,0,0,0,0,0,0,0,6.7
82875,27,female,Nightingale,3,tertiary,0,0,0.0,1,0,0,0,0,19.3,90,1,0,0,0,0,0,0,4.4
27610,70,male,Snow,1,primary,1,0,0.0,1,0,1,0,1,28.4,126,0,0,0,0,0,0,0,5.8
82454,56,male,Nightingale,3,primary,1,0,0.0,0,0,1,0,1,26.1,115,0,0,0,0,0,1,0,8.1
84472,42,female,Rose,3,secondary,0,0,0.0,1,0,0,0,0,23.8,126,0,0,0,0,0,0,0,9.2
77625,35,female,Rose,5,tertiary,1,1,5.6,0,0,0,0,0,22.6,102,1,0,0,0,0,0,0,8.7
16569,20,female,Rose,4,primary,1,0,0.0,1,0,0,0,0,23.4,90,0,0,1,0,0,0,0,8.3
34074,56,male,Rose,5,tertiary,1,1,16.5,1,1,0,0,0,24.3,118,0,0,0,1,0,0,0,6.8
45243,39,male,Hill,2,secondary,0,0,0.0,1,1,0,1,1,27.6,109,0,0,0,0,1,0,1,6.0
93157,40,male,Snow,4,secondary,0,1,10.5,0,1,1,0,0,29.5,105,0,0,0,0,0,0,0,9.9
27004,76,male,Rose,2,primary,1,1,17.2,0,1,0,0,1,28.3,129,0,0,0,0,0,0,1,5.9
26533,28,male,Rose,4,secondary,1,0,0.0,0,0,0,0,0,23.4,107,0,0,0,0,0,0,1,8.4
30250,27,female,Hill,5,secondary,0,0,0.0,0,1,1,1,0,23.6,104,0,0,1,0,0,0,0,4.7
35320,18,male,Nightingale,3,secondary,1,0,0.0,0,0,1,1,0,32.4,90,0,0,0,0,0,1,0,4.9
17118,52,male,Doll,4,primary,0,1,12.4,0,0,0,0,0,31.0,136,0,0,0,0,0,0,0,4.6
97086,27,female,Nightingale,1,primary,0,0,0.0,0,1,0,0,0,22.7,98,0,0,0,0,0,0,0,5.4
12935,38,female,Snow,3,secondary,1,1,9.9,0,0,0,1,0,26.5,116,1,0,1,0,0,1,1,8.5
44614,45,female,Hill,1,primary,0,0,0.0,1,0,0,0,1,28.4,109,0,0,0,0,1,0,1,5.0
20976,63,male,Snow,4,secondary,1,0,0.0,1,1,1,0,0,31.9,134,0,0,0,0,0,0,0,7.2
67255,36,male,Doll,3,tertiary,0,0,0.0,1,0,0,1,0,30.1,122,0,0,0,0,0,0,0,4.5
13103,61,female,Nightingale,1,primary,0,0,0.0,1,1,1,0,0,30.8,122,0,0,0,0,1,0,0,5.7
13971,78,female,Nightingale,2,secondary,0,0,0.0,0,1,0,0,1,31.3,145,0,1,0,0,1,0,0,7.6
77281,46,female,Rose,3,secondary,1,1,9.5,0,0,1,1,0,34.0,125,0,0,1,0,0,1,1,10.0
11742,70,male,Rose,5,primary,1,0,0.0,0,0,1,0,0,29.3,129,0,0,0,0,0,1,1,4.2
11640,29,female,Nightingale,2,primary,1,1,2.6,1,1,1,1,0,34.2,102,0,0,1,0,0,0,1,6.0
31467,37,male,Rose,5,secondary,0,0,0.0,0,0,1,0,0,23.2,115,0,0,0,0,0,0,0,5.3
96593,69,male,Hill,1,secondary,0,1,13.2,1,1,1,0,1,31.3,145,0,0,0,0,0,0,0,4.6
38788,70,male,Doll,2,primary,0,0,0.0,0,1,1,0,0,28.6,130,1,0,0,0,0,0,0,4.7
98444,29,male,Rose,3,tertiary,0,1,5.2,1,0,0,0,0,24.9,112,0,0,0,0,0,0,0,7.3
29591,54,female,Hill,4,secondary,1,0,0.0,0,0,0,1,0,26.6,113,1,1,0,0,0,0,1,8.0
63260,31,female,Rose,2,tertiary,0,0,0.0,0,0,1,0,0,31.1,105,0,0,0,0,0,0,0,8.5
63147,50,female,Rose,5,secondary,0,0,0.0,0,1,0,0,0,24.2,100,0,0,0,0,0,0,0,5.5
64625,57,male,Hill,1,primary,1,1,8.2,0,1,1,0,1,33.2,120,0,0,1,0,0,0,1,8.7
31183,43,female,Hill,1,secondary,0,1,8.5,1,0,0,0,0,32.5,117,0,1,0,1,0,0,0,7.6
50167,33,male,Snow,4,tertiary,0,0,0.0,1,0,1,1,0,21.4,112,0,0,0,0,0,0,0,5.9
57245,55,male,Rose,2,primary,0,0,0.0,0,1,0,0,0,29.2,119,0,1,0,0,0,0,0,7.0
40400,22,male,Nightingale,3,secondary,0,0,0.0,0,1,0,1,0,31.3,122,0,0,0,0,0,1,0,4.2
34016,52,male,Snow,3,secondary,0,0,0.0,1,0,0,1,0,25.9,127,0,0,1,0,0,1,0,4.2
63712,20,male,Snow,1,tertiary,1,0,0.0,1,1,0,0,0,30.7,100,1,0,0,0,0,0,0,9.8
85096,24,female,Nightingale,4,secondary,1,0,0.0,0,0,0,0,0,28.5,111,0,0,0,0,0,0,0,5.0
73234,62,female,Rose,3,primary,1,0,0.0,0,1,0,0,0,33.2,131,0,0,0,0,0,0,0,9.2
28786,51,female,Snow,3,secondary,1,0,0.0,0,0,0,0,0,25.9,116,0,0,0,0,0,0,1,9.1
59080,22,male,Doll,2,primary,0,0,0.0,0,1,1,0,1,28.8,90,1,0,0,0,0,0,0,7.0
62606,30,male,Hill,3,secondary,1,0,0.0,0,0,0,0,0,31.2,126,0,0,0,0,0,0,0,5.5
32563,26,female,Nightingale,5,secondary,1,0,0.0,0,1,1,0,1,30.6,97,0,0,1,0,0,0,1,7.5
74916,75,male,Nightingale,3,secondary,1,0,0.0,0,0,1,0,1,28.6,131,0,0,0,0,0,0,0,7.1
91762,79,male,Doll,3,secondary,0,0,0.0,0,0,0,0,1,31.8,132,0,0,0,0,0,0,0,5.3
11157,54,female,Rose,3,secondary,1,1,7.9,0,0,1,0,0,25.4,116,0,0,0,0,0,0,0,8.1
23939,35,female,Rose,2,tertiary,1,0,0.0,0,0,0,1,0,24.5,100,1,0,0,0,0,0,0,6.9
41424,35,male,Hill,2,secondary,1,0,0.0,0,0,1,1,0,24.6,92,1,0,0,0,0,0,0,4.7
62531,79,male,Doll,3,secondary,0,0,0.0,0,0,0,1,0,31.0,140,0,1,0,0,1,0,0,8.2
98828,73,male,Doll,2,primary,0,0,0.0,1,0,1,1,0,24.8,137,0,1,0,0,0,0,1,4.8
90302,48,female,Hill,5,tertiary,0,0,0.0,1,0,0,0,0,23.8,107,0,0,0,0,0,0,0,8.4
91898,30,male,Snow,1,secondary,1,0,0.0,1,0,1,0,0,32.7,101,0,0,0,0,0,0,0,4.4
39230,60,female,Doll,4,tertiary,1,0,0.0,1,1,0,0,0,19.3,131,0,0,0,0,0,0,0,8.4
54662,40,female,Nightingale,3,tertiary,0,1,10.2,0,0,0,0,0,29.9,113,0,0,0,0,0,0,0,7.4
64388,47,male,Hill,4,secondary,1,0,0.0,1,0,0,0,0,24.3,127,0,0,0,0,0,0,0,6.6
91331,44,male,Hill,5,secondary,1,0,0.0,1,0,0,1,1,29.5,118,0,0,0,0,0,1,0,7.8
23868,56,female,Nightingale,2,secondary,0,0,0.0,1,1,1,1,1,32.3,129,0,0,0,0,0,0,0,8.4
35733,66,female,Rose,3,secondary,0,0,0.0,0,0,1,0,0,30.9,122,0,0,0,0,1,0,0,6.0
28730,34,male,Rose,2,secondary,1,0,0.0,0,0,0,0,0,24.9,120,0,0,0,0,0,0,0,9.8
34355,67,male,Hill,3,secondary,0,0,0.0,1,1,0,0,1,31.8,130,1,0,0,0,0,0,0,9.6
68092,62,female,Nightingale,4,secondary,0,0,0.0,0,0,1,0,0,23.7,118,0,0,0,0,0,0,0,6.3
79684,45,female,Snow,1,secondary,0,0,0.0,0,0,0,0,0,28.9,112,0,0,0,0,0,0,0,8.7
21292,38,male,Doll,3,tertiary,1,1,4.3,0,1,0,0,0,25.9,117,0,0,0,0,0,0,1,8.0
51051,38,male,Hill,4,secondary,1,0,0.0,1,0,0,0,0,25.5,111,0,0,1,0,0,0,1,5.2
57656,53,male,Snow,1,secondary,1,1,13.6,0,0,0,0,0,27.9,106,0,0,0,0,0,0,1,6.3
83755,32,female,Nightingale,4,secondary,1,0,0.0,1,0,0,1,0,24.8,106,0,0,0,0,0,1,1,8.8
23397,58,female,Nightingale,3,primary,0,0,0.0,1,1,1,0,0,30.9,133,0,0,0,0,0,0,0,7.5
49880,29,male,Snow,4,secondary,1,0,0.0,1,1,0,0,0,31.9,92,0,0,0,0,0,1,0,9.0
91172,58,male,Doll,4,tertiary,0,1,16.4,0,0,1,0,0,26.2,127,0,0,0,0,0,0,0,6.0
26849,71,male,Snow,4,secondary,1,0,0.0,0,0,1,0,0,26.6,124,0,0,0,0,1,0,1,6.9
63744,78,male,Doll,3,tertiary,0,0,0.0,0,0,1,1,0,28.3,131,0,1,0,0,0,0,0,6.4
79812,29,male,Rose,2,primary,0,0,0.0,1,1,0,1,0,34.8,108,0,0,0,0,0,0,1,7.6
70137,25,male,Nightingale,3,primary,1,0,0.0,0,0,1,1,0,36.0,101,0,0,0,0,0,0,1,4.7
24953,37,female,Nightingale,3,tertiary,1,0,0.0,1,1,0,0,1,28.4,114,0,0,0,0,0,0,0,7.3
61748,41,female,Rose,2,secondary,1,0,0.0,1,1,1,0,1,32.6,117,1,0,0,0,1,0,1,8.4
62663,25,female,Rose,4,secondary,1,0,0.0,0,1,1,0,0,25.9,94,1,0,0,0,0,0,0,7.0
11053,29,male,Doll,2,secondary,0,0,0.0,0,0,0,0,0,26.0,96,0,0,0,0,0,0,0,4.4
83571,33,female,Nightingale,4,secondary,1,0,0.0,1,1,1,0,0,33.2,106,0,0,0,0,0,0,0,6.6
35586,49,male,Hill,5,secondary,1,1,6.9,0,0,0,0,0,27.8,118,0,0,0,0,0,1,1,7.9
36476,69,female,Hill,4,secondary,1,0,0.0,0,0,0,0,0,26.3,118,0,0,1,0,0,0,1,4.5
76022,50,male,Rose,3,secondary,1,0,0.0,0,0,1,0,1,24.9,115,0,0,0,0,0,0,0,7.6
63300,58,female,Rose,5,secondary,1,0,0.0,1,0,0,0,1,25.2,133,0,0,1,0,0,0,1,4.4
44067,74,female,Doll,5,tertiary,1,0,0.0,0,1,0,0,0,34.6,123,0,0,0,0,1,0,1,6.6
95743,24,male,Rose,3,tertiary,1,1,2.5,0,0,0,1,1,18.4,120,0,0,1,0,0,0,1,4.3
20925,34,female,Doll,2,secondary,1,1,5.3,0,0,1,0,0,31.4,110,1,1,0,0,0,0,1,6.4
13601,21,male,Nightingale,1,secondary,0,0,0.0,0,0,0,1,0,19.5,99,1,0,0,0,0,0,0,5.1
19121,51,female,Rose,2,secondary,1,0,0.0,0,0,1,0,0,25.1,129,1,0,1,0,0,0,1,9.3
25624,64,female,Rose,3,secondary,0,1,13.6,0,0,1,0,0,28.0,124,1,0,0,0,0,1,0,4.9
26630,49,male,Nightingale,4,primary,1,0,0.0,0,0,0,0,0,31.3,117,0,0,0,0,0,0,0,7.3
42252,46,male,Nightingale,4,secondary,1,0,0.0,1,0,0,0,1,25.0,99,0,0,0,0,0,0,0,7.9
38467,40,male,Nightingale,1,primary,0,0,0.0,0,1,1,0,0,33.5,122,0,0,0,0,0,0,0,10.0
94696,47,female,Snow,3,secondary,1,0,0.0,1,0,1,0,1,33.1,113,0,0,0,0,0,0,1,6.8
44374,31,male,Nightingale,1,primary,0,1,2.4,0,1,1,1,0,30.8,123,1,0,0,0,0,0,0,6.0
76683,57,male,Doll,3,secondary,0,0,0.0,1,1,0,0,0,28.4,111,1,0,0,0,0,0,0,6.5
67746,77,male,Hill,2,secondary,1,0,0.0,1,1,1,0,0,32.4,121,0,0,0,1,0,0,1,8.7
94403,30,male,Hill,1,secondary,0,0,0.0,0,0,1,0,0,24.7,110,0,0,1,0,0,0,1,8.4
94874,70,female,Rose,2,secondary,1,0,0.0,0,0,1,1,0,25.1,131,0,0,0,0,0,0,0,7.1
33867,23,female,Doll,3,primary,0,0,0.0,0,0,0,1,1,25.4,97,0,0,0,0,0,0,0,6.7
82971,64,female,Rose,2,secondary,0,0,0.0,0,0,0,0,0,24.6,118,1,0,1,0,0,0,1,4.4
29159,44,female,Snow,4,secondary,1,0,0.0,0,0,0,0,1,27.7,118,0,0,0,0,0,0,0,9.7
92349,36,male,Snow,1,secondary,0,1,3.6,1,1,1,1,0,29.5,112,1,0,0,0,0,0,0,7.7
57763,59,female,Doll,5,tertiary,1,0,0.0,0,0,0,0,0,27.5,139,0,0,0,0,0,0,1,6.9
22172,75,female,Hill,4,secondary,1,0,0.0,0,0,1,0,1,34.8,137,0,0,0,0,0,0,0,8.2
94305,75,male,Doll,3,primary,0,1,26.3,1,1,1,0,1,31.3,125,1,1,0,0,1,0,1,7.1
11418,45,female,Doll,5,secondary,1,0,0.0,1,0,1,0,0,29.5,105,0,0,0,0,0,0,1,7.9
98824,50,female,Doll,4,tertiary,0,0,0.0,0,0,0,1,0,23.7,118,0,0,0,0,0,0,0,8.7
84204,41,female,Nightingale,4,primary,0,0,0.0,1,0,0,0,0,29.8,116,0,0,0,0,0,0,0,5.6
61417,35,female,Hill,2,primary,1,1,3.6,1,1,1,0,1,31.9,115,0,0,0,0,0,0,0,5.5
78120,71,female,Snow,2,secondary,0,0,0.0,0,1,1,0,0,28.8,121,1,0,0,0,1,0,1,9.6
93840,52,male,Doll,2,primary,1,1,6.3,1,0,1,0,0,35.2,116,0,0,0,0,0,1,0,8.0
76264,66,female,Nightingale,4,tertiary,1,0,0.0,0,1,0,0,1,22.5,111,0,0,0,0,0,0,0,6.5
87836,75,male,Nightingale,5,tertiary,0,0,0.0,0,0,1,0,0,31.0,137,0,0,0,0,0,0,0,7.2
14700,49,female,Nightingale,3,secondary,1,0,0.0,0,0,0,1,0,27.5,145,0,0,0,0,0,0,1,5.5
52654,35,male,Hill,3,secondary,1,0,0.0,0,0,0,0,0,32.5,103,0,0,0,0,0,0,0,5.9
81683,42,male,Rose,3,primary,1,1,12.3,0,0,0,0,0,27.3,121,0,0,0,0,0,0,0,8.0
17510,33,female,Snow,1,secondary,1,0,0.0,0,0,1,0,1,24.0,99,0,0,0,0,0,0,1,5.3
29295,52,male,Rose,4,secondary,1,0,0.0,0,0,1,1,0,25.1,120,0,0,0,0,0,1,1,7.5
35796,72,female,Nightingale,2,tertiary,0,1,12.6,0,1,1,0,0,31.6,138,0,0,0,0,0,0,0,8.9
11498,68,male,Nightingale,2,secondary,0,0,0.0,0,1,0,0,0,25.2,120,0,0,0,0,0,0,0,8.5
97297,21,female,Hill,4,secondary,1,0,0.0,0,0,0,1,0,21.7,109,0,0,0,0,0,0,1,8.1
73149,59,male,Doll,3,secondary,1,0,0.0,0,0,0,0,0,28.4,123,0,0,0,0,0,0,1,9.8
50768,50,female,Hill,2,primary,0,1,11.4,0,0,1,0,0,28.6,121,1,1,0,0,0,0,1,9.1
93903,60,female,Rose,5,tertiary,1,0,0.0,0,0,0,0,0,26.4,127,0,0,0,0,0,0,0,6.7
57020,28,male,Nightingale,1,secondary,0,1,5.0,1,0,0,0,0,27.1,96,0,0,0,0,0,0,0,7.8
69200,45,female,Nightingale,5,tertiary,1,0,0.0,0,0,0,0,0,25.2,114,0,0,0,0,0,0,0,6.5
27308,57,female,Hill,3,secondary,1,0,0.0,0,0,0,0,0,25.0,117,0,0,0,0,0,0,0,5.4
20968,53,male,Hill,3,primary,1,1,8.3,0,1,0,1,0,30.1,111,1,1,0,1,0,0,1,5.6
95716,52,male,Doll,2,primary,1,0,0.0,1,0,1,0,0,28.0,135,0,0,0,0,1,0,1,9.6
81338,46,male,Nightingale,1,secondary,1,1,6.8,0,0,1,0,0,29.7,107,1,0,1,0,0,0,1,6.7
54811,30,male,Hill,3,secondary,1,0,0.0,0,0,0,0,0,27.4,112,0,0,0,0,0,0,1,7.2
63115,64,female,Nightingale,4,secondary,1,1,16.7,0,0,1,0,0,30.2,124,0,0,0,1,0,0,1,5.9
47588,49,female,Snow,1,secondary,0,0,0.0,1,1,1,1,0,30.6,126,0,0,1,0,0,1,1,4.2
46444,44,female,Rose,5,secondary,0,0,0.0,1,0,1,0,0,25.6,125,0,0,0,0,0,0,0,5.0
44385,25,male,Rose,3,primary,1,0,0.0,1,1,1,0,0,23.1,111,0,0,0,0,0,0,0,4.4
55555,69,female,Doll,5,primary,0,0,0.0,0,0,1,0,1,32.8,129,0,0,1,0,0,0,1,4.4
86938,47,female,Snow,3,tertiary,1,0,0.0,1,0,0,0,0,27.1,108,0,0,0,0,0,0,1,5.2
24388,59,male,Snow,1,primary,1,0,0.0,1,1,0,0,0,33.7,131,0,1,0,0,0,0,0,9.1
43417,39,female,Hill,4,secondary,1,0,0.0,0,1,0,0,0,32.8,108,0,0,0,0,0,0,0,8.2
33693,41,female,Rose,4,tertiary,1,0,0.0,0,0,0,1,0,28.7,119,0,0,0,0,0,0,0,5.8
36409,58,male,Snow,4,primary,0,0,0.0,0,1,0,1,0,30.4,136,1,0,0,0,0,0,0,6.9
40868,50,female,Snow,3,secondary,0,0,0.0,1,1,0,1,0,32.1,113,0,0,0,0,0,0,0,5.2
45682,20,male,Doll,3,secondary,0,0,0.0,0,1,1,1,1,30.5,107,0,0,0,0,0,0,1,9.0
26661,33,female,Hill,5,secondary,1,1,2.9,1,1,1,1,0,27.7,114,0,0,0,0,0,0,0,8.6
95503,52,female,Hill,2,primary,0,0,0.0,0,1,1,0,0,26.3,113,0,0,0,0,0,0,0,5.9
29429,38,male,Nightingale,5,tertiary,1,0,0.0,1,0,0,0,0,23.8,118,0,0,0,0,0,0,0,6.3
80624,26,male,Doll,2,secondary,0,0,0.0,1,1,1,1,0,29.7,124,0,0,0,0,0,0,0,4.3
20169,59,female,Rose,4,secondary,1,0,0.0,0,0,0,1,0,25.7,104,0,0,0,0,0,0,0,4.4
96766,40,male,Snow,4,secondary,1,0,0.0,0,0,1,0,0,25.0,94,0,0,0,0,0,0,0,8.3
27854,59,female,Doll,4,secondary,1,0,0.0,0,0,1,0,0,32.3,113,1,0,0,0,0,0,0,5.0
48636,55,female,Snow,2,primary,1,1,15.2,0,1,1,0,0,29.8,132,0,0,0,0,0,0,0,8.7
81161,32,female,Doll,2,primary,0,1,6.8,0,1,0,0,0,23.8,101,0,0,0,0,0,0,0,7.7
25065,59,female,Snow,2,primary,1,0,0.0,0,0,0,0,0,32.8,119,0,0,0,0,0,0,0,4.0
33260,22,male,Rose,4,primary,1,0,0.0,1,0,1,0,0,28.4,101,0,0,0,0,0,1,1,7.6
82799,63,male,Nightingale,3,secondary,0,0,0.0,0,0,1,0,0,29.6,114,0,0,0,0,0,0,0,7.8
86369,54,female,Hill,3,tertiary,1,0,0.0,0,0,1,0,0,25.9,121,1,0,0,0,0,0,0,7.2
11258,71,female,Hill,3,secondary,1,0,0.0,0,0,0,0,1,21.5,121,0,0,0,0,0,0,0,5.6
84200,29,male,Snow,4,secondary,1,0,0.0,0,0,1,1,0,27.7,101,1,0,0,0,0,0,0,5.3
54439,44,female,Rose,3,secondary,0,0,0.0,0,0,0,0,0,30.6,129,0,0,0,0,0,0,0,4.9
49016,43,female,Doll,3,primary,1,0,0.0,0,0,0,0,0,25.8,109,0,0,1,0,0,0,0,8.4
44667,69,male,Hill,4,secondary,1,0,0.0,1,1,1,0,1,26.9,112,1,0,0,0,0,0,0,6.7
46330,47,female,Nightingale,5,secondary,1,0,0.0,1,1,0,0,1,20.2,113,0,0,0,0,0,0,1,9.0
70596,66,female,Snow,2,primary,1,0,0.0,0,0,0,0,0,23.3,125,0,0,1,0,0,0,1,6.1
67925,66,male,Snow,4,secondary,1,0,0.0,1,1,1,0,0,32.0,117,0,1,0,0,0,1,1,6.2
46871,53,male,Snow,2,primary,0,0,0.0,1,0,0,0,1,28.8,117,1,0,0,0,0,0,0,5.4
67076,21,female,Hill,4,secondary,1,0,0.0,0,0,1,0,1,22.6,92,0,0,0,0,0,0,0,8.8
54217,37,male,Hill,1,primary,0,0,0.0,0,1,1,0,0,27.3,93,0,0,0,0,0,1,0,8.0
55908,44,female,Doll,4,secondary,1,0,0.0,0,0,0,0,0,30.1,114,0,0,0,0,0,0,1,4.8
68717,66,male,Snow,3,tertiary,1,0,0.0,0,0,0,0,1,28.7,120,0,0,0,0,0,0,1,5.4
38701,64,male,Doll,4,secondary,1,0,0.0,0,0,0,0,0,22.3,114,0,0,0,0,0,0,0,5.3
11914,31,male,Rose,4,secondary,1,0,0.0,0,1,0,0,0,28.2,120,0,0,0,0,1,0,1,7.0
70252,20,male,Nightingale,3,secondary,1,0,0.0,1,1,1,0,0,36.5,98,0,0,0,0,0,0,0,9.5
48115,30,male,Hill,2,secondary,0,0,0.0,1,0,1,1,0,31.6,102,0,0,0,0,0,0,0,8.2
15991,21,male,Nightingale,1,secondary,1,0,0.0,0,1,0,1,0,30.7,110,0,0,0,0,0,1,1,9.3
14738,52,female,Rose,3,tertiary,1,1,15.1,0,0,1,1,0,30.0,126,0,0,0,0,1,0,1,4.9
13518,77,female,Nightingale,5,tertiary,1,0,0.0,0,0,1,0,0,32.6,126,0,0,0,0,0,0,0,9.4
44997,28,male,Hill,3,tertiary,0,0,0.0,0,1,1,0,0,32.8,134,0,1,0,0,0,0,0,5.2
54015,32,female,Rose,3,secondary,1,0,0.0,0,0,0,1,0,23.8,106,0,0,1,0,0,0,1,4.0
33463,60,male,Rose,5,primary,1,0,0.0,1,0,1,0,0,27.6,120,0,0,0,0,0,0,0,6.3
19991,61,female,Nightingale,2,primary,0,1,10.7,1,0,1,1,1,32.6,142,0,0,0,1,0,0,0,4.4
31172,37,female,Snow,3,tertiary,0,0,0.0,1,0,0,0,0,24.3,107,0,0,0,0,0,0,0,6.1
27201,57,female,Nightingale,4,secondary,0,0,0.0,0,0,1,0,0,25.6,103,0,0,0,0,0,0,0,6.5
58431,31,female,Rose,4,secondary,1,0,0.0,0,1,0,0,0,29.8,96,0,0,0,0,0,0,1,6.0
91419,53,male,Hill,4,secondary,0,0,0.0,1,0,1,0,0,32.1,121,0,0,0,0,0,0,0,8.1
84774,22,male,Snow,1,primary,0,0,0.0,1,0,1,0,0,27.3,103,0,0,0,0,0,0,0,6.3
58612,51,female,Snow,4,primary,1,0,0.0,1,1,0,0,0,24.3,132,1,1,0,0,0,0,1,9.9
97436,40,male,Rose,3,secondary,1,0,0.0,0,0,0,1,0,31.3,113,0,0,0,0,0,0,0,6.8
75271,62,male,Hill,2,primary,0,0,0.0,1,1,0,0,0,23.6,111,0,1,0,0,0,0,1,8.5
77331,56,male,Nightingale,2,secondary,0,0,0.0,0,1,1,1,0,28.8,118,0,0,0,0,0,0,0,9.3
15802,65,female,Snow,1,primary,0,1,16.8,0,1,0,0,0,30.2,139,0,1,0,0,0,0,0,5.1
46316,49,female,Doll,5,tertiary,1,0,0.0,0,0,0,0,0,29.5,118,0,0,0,0,0,0,1,8.0
61191,19,male,Doll,5,tertiary,1,0,0.0,0,1,0,0,0,29.0,107,0,0,0,0,0,0,0,8.3
28461,33,male,Doll,5,tertiary,1,0,0.0,0,0,0,0,0,28.2,125,0,0,0,0,0,0,0,5.7
21796,34,male,Hill,3,secondary,0,0,0.0,0,0,0,0,0,25.5,116,0,0,0,0,0,1,0,8.4
66131,46,male,Snow,3,secondary,1,0,0.0,0,1,0,1,0,26.4,120,0,0,0,0,0,1,0,9.9
35527,26,male,Hill,4,secondary,0,0,0.0,1,0,1,1,0,24.2,99,0,0,0,0,0,0,0,8.1
58244,36,male,Doll,5,tertiary,1,0,0.0,0,0,0,1,1,23.0,110,0,0,0,0,0,0,0,9.4
97328,58,female,Rose,4,tertiary,1,0,0.0,0,0,0,0,0,27.1,126,0,0,0,0,0,0,0,7.1
43787,50,male,Hill,2,secondary,0,0,0.0,0,1,0,1,0,31.3,116,0,0,0,0,0,0,0,8.6
33843,60,male,Nightingale,3,tertiary,0,0,0.0,1,1,0,0,0,32.3,131,0,0,1,0,0,0,0,6.1
86940,49,female,Rose,3,secondary,1,0,0.0,0,0,0,0,1,29.5,129,0,0,0,0,0,0,0,5.9
40375,37,female,Doll,5,tertiary,1,0,0.0,0,0,1,0,0,22.7,106,0,0,0,0,0,0,1,8.8
22141,20,male,Rose,2,primary,0,1,0.8,0,1,1,1,1,32.1,128,0,0,0,0,0,0,0,6.5
58439,74,male,Snow,2,tertiary,1,0,0.0,0,0,0,0,0,30.9,117,1,1,0,0,0,1,1,8.2
33469,76,female,Snow,1,primary,0,1,18.3,1,0,1,1,0,31.3,155,0,1,1,0,0,0,1,5.4
89476,53,male,Doll,2,secondary,1,1,8.8,1,1,1,0,0,28.7,129,0,0,0,0,0,0,0,8.0
79347,56,male,Rose,3,primary,1,0,0.0,1,0,1,0,0,26.0,124,0,0,0,0,0,0,0,5.4
92711,78,female,Rose,4,secondary,1,0,0.0,0,0,0,0,1,28.1,133,0,0,1,0,0,0,1,8.5
21172,18,female,Hill,4,secondary,1,0,0.0,1,0,1,1,0,22.9,101,0,0,0,0,0,0,0,4.2
38617,64,male,Hill,1,secondary,0,1,10.0,1,1,0,0,0,30.8,117,0,0,0,0,0,0,0,9.1
92114,24,male,Hill,2,secondary,0,1,2.4,1,1,1,0,0,26.8,127,0,0,0,0,0,0,0,6.9
37966,56,female,Doll,5,tertiary,1,0,0.0,0,0,1,1,0,22.5,116,0,0,0,0,0,0,1,6.5
59395,19,male,Hill,1,secondary,1,0,0.0,1,1,0,1,0,29.1,119,0,0,0,0,0,0,0,8.1
80977,30,male,Nightingale,2,secondary,1,1,3.2,0,1,0,0,0,26.6,124,0,0,0,0,0,0,0,6.7
72903,41,female,Nightingale,4,tertiary,1,0,0.0,1,0,0,0,0,20.7,108,0,0,0,0,0,0,1,7.0
60386,36,male,Doll,3,secondary,0,1,5.2,0,0,0,1,0,20.9,104,0,0,0,0,0,0,0,5.3
56112,28,male,Rose,2,secondary,1,0,0.0,0,1,0,1,0,25.8,102,0,0,0,0,0,0,1,7.9
22396,33,female,Rose,4,secondary,1,1,4.3,0,0,1,1,1,30.7,116,0,0,0,0,0,0,0,7.5
87270,53,male,Snow,1,secondary,1,1,9.2,1,0,1,0,0,26.1,134,0,0,0,0,0,0,1,7.0
12126,35,female,Nightingale,5,tertiary,1,0,0.0,0,1,1,1,0,24.1,119,0,1,0,0,0,0,0,6.7
68921,25,female,Nightingale,3,secondary,0,0,0.0,0,0,1,0,0,25.6,126,0,0,0,0,0,0,1,5.7
11521,74,male,Hill,3,primary,0,1,22.0,0,0,1,0,0,27.3,140,0,0,1,0,0,0,1,4.5
54181,36,female,Doll,3,secondary,0,0,0.0,0,0,0,0,0,29.4,99,0,0,0,0,0,0,0,6.7
80952,22,male,Snow,3,tertiary,0,0,0.0,0,0,0,1,0,30.4,95,1,0,0,0,0,0,0,5.8
28449,62,female,Nightingale,1,tertiary,0,1,17.4,1,0,0,0,0,31.7,113,0,1,1,0,0,0,1,9.0
90652,40,male,Snow,3,tertiary,1,1,8.7,0,0,0,0,0,30.9,124,0,0,0,0,0,0,0,8.5
49865,58,male,Nightingale,4,tertiary,1,0,0.0,0,0,0,0,0,24.6,126,1,0,0,0,1,0,1,4.2
31322,44,male,Snow,4,secondary,1,0,0.0,1,0,0,0,0,23.7,100,0,0,0,0,0,0,1,9.4
28879,35,female,Hill,4,primary,1,0,0.0,1,0,1,1,1,25.8,107,0,0,0,0,0,0,1,9.2
84081,55,male,Snow,3,primary,0,0,0.0,1,1,1,0,0,31.0,112,1,0,0,0,0,0,0,7.5
90967,49,male,Nightingale,3,secondary,1,1,15.2,0,0,0,0,0,27.0,107,0,0,0,0,0,0,1,7.1
39807,49,male,Snow,4,tertiary,0,0,0.0,0,0,1,0,0,31.4,105,0,0,0,0,1,0,0,5.4
11562,30,female,Doll,4,secondary,1,0,0.0,1,0,0,1,0,30.2,106,1,0,0,0,0,0,0,9.2
82398,41,male,Nightingale,3,tertiary,0,0,0.0,0,0,1,0,0,33.1,120,0,0,0,0,0,0,0,8.4
80535,55,male,Hill,4,secondary,0,0,0.0,0,0,0,1,0,21.8,116,0,0,0,0,0,0,0,8.7
68599,38,male,Nightingale,2,secondary,0,1,8.4,0,0,1,0,0,29.4,94,1,1,1,0,0,0,1,8.5
86887,37,male,Rose,5,tertiary,1,0,0.0,0,0,0,1,0,26.6,123,0,0,0,0,0,1,0,6.5
50494,63,male,Rose,5,secondary,1,0,0.0,0,1,1,0,0,27.0,135,0,0,0,0,0,0,0,6.4
54779,51,female,Rose,4,tertiary,1,0,0.0,0,0,0,0,0,29.0,112,0,0,0,0,0,0,0,4.5
45822,34,male,Rose,5,tertiary,1,0,0.0,0,1,0,1,0,29.2,111,0,0,0,0,0,0,0,6.0
21126,56,male,Hill,4,secondary,1,0,0.0,1,0,0,0,0,27.4,126,0,0,0,0,0,0,1,5.9
37080,66,male,Snow,2,primary,1,1,24.8,1,0,0,0,0,25.9,111,0,0,0,1,0,0,0,7.6
40988,24,male,Rose,2,secondary,1,1,1.2,1,0,1,1,1,29.3,104,0,0,1,1,0,1,1,8.3
99467,63,male,Snow,1,primary,0,1,18.0,0,1,0,0,0,27.4,127,0,0,0,0,0,0,0,4.0
31895,38,female,Snow,3,secondary,0,1,4.4,0,0,1,0,0,22.0,111,0,0,0,0,0,0,0,9.9
53881,53,female,Nightingale,2,primary,1,0,0.0,0,0,1,0,0,26.4,112,1,0,0,0,0,0,0,4.9
32347,57,male,Snow,1,secondary,0,0,0.0,1,0,1,0,0,28.4,125,0,0,0,0,0,0,0,9.0
61082,25,female,Rose,5,tertiary,1,0,0.0,0,0,0,1,1,21.2,110,1,0,0,0,0,0,0,5.9
60116,30,male,Doll,4,secondary,1,0,0.0,0,0,1,1,0,26.9,109,0,0,0,0,0,0,1,4.2
18401,59,female,Hill,4,secondary,0,0,0.0,1,0,0,1,1,28.4,119,0,0,0,0,0,0,0,7.4
62563,71,female,Rose,5,tertiary,1,0,0.0,1,1,1,0,0,33.1,129,1,0,0,0,0,0,1,8.3
89663,57,male,Hill,2,tertiary,0,0,0.0,1,1,1,0,0,38.5,126,0,0,0,0,0,0,0,8.6
45066,39,female,Nightingale,1,secondary,0,0,0.0,0,1,1,1,0,30.7,117,0,0,1,0,0,0,0,4.8
53864,34,male,Hill,2,secondary,0,0,0.0,1,1,0,1,0,19.7,113,0,0,0,0,0,0,0,5.0
95637,55,male,Hill,4,secondary,1,0,0.0,0,1,1,1,0,30.1,127,0,0,0,0,0,1,1,4.9
57710,25,male,Rose,5,secondary,1,1,2.1,0,1,0,0,1,23.5,110,0,0,0,0,0,0,0,8.9
17977,64,female,Hill,4,secondary,1,0,0.0,1,0,1,0,1,31.7,117,0,0,0,0,1,0,1,4.8
76633,49,male,Snow,1,secondary,1,1,11.3,1,0,1,1,0,29.3,120,0,1,0,0,0,0,1,9.5
39793,35,female,Rose,4,secondary,1,0,0.0,0,0,1,1,0,28.6,111,0,0,0,0,0,1,0,4.1
41537,28,male,Snow,4,primary,1,0,0.0,0,0,0,0,0,26.2,107,0,0,0,0,0,0,0,4.5
38207,77,female,Rose,5,secondary,0,0,0.0,1,0,0,0,0,28.2,131,0,0,0,0,0,0,0,4.0
66276,53,male,Snow,4,tertiary,1,1,6.5,0,0,0,0,0,27.0,129,0,1,0,0,0,0,1,5.7
25838,51,male,Hill,3,secondary,1,1,10.1,0,0,1,0,0,24.7,118,0,0,0,0,1,0,1,6.8
49451,20,male,Rose,2,secondary,1,0,0.0,1,0,1,1,0,30.5,113,1,0,0,0,0,0,1,4.0
39986,65,female,Doll,4,primary,1,0,0.0,1,0,1,0,0,27.5,114,0,0,0,0,0,0,0,8.9
95926,79,male,Snow,4,secondary,1,1,18.3,1,1,1,0,0,34.2,145,0,1,0,1,0,0,1,6.4
86510,29,female,Snow,2,primary,0,0,0.0,1,0,1,0,0,30.8,113,1,0,1,0,0,0,1,8.7
99602,33,male,Hill,2,primary,0,0,0.0,0,0,1,0,0,30.7,98,0,0,0,0,0,0,0,8.9
94766,76,female,Rose,4,secondary,1,0,0.0,1,0,0,0,0,28.4,126,1,0,0,0,0,0,0,4.5
15512,60,female,Rose,3,primary,1,0,0.0,0,0,1,0,0,22.8,124,0,0,0,0,0,0,1,4.1
82413,78,female,Snow,4,secondary,1,1,16.2,1,0,1,0,0,29.7,144,0,0,0,1,0,0,1,7.4
45482,20,female,Rose,2,primary,1,0,0.0,0,0,0,1,0,31.0,122,0,0,0,0,0,0,0,4.5
34641,56,male,Doll,2,secondary,0,0,0.0,1,0,0,0,0,20.5,121,0,0,0,0,0,0,0,9.3
10873,79,male,Nightingale,5,tertiary,1,0,0.0,0,0,0,0,0,24.4,147,0,0,0,0,0,0,0,9.5
47877,25,female,Snow,2,secondary,1,0,0.0,0,1,1,0,1,30.8,118,0,0,0,0,0,0,1,4.6
34986,31,male,Nightingale,5,secondary,1,0,0.0,0,0,0,1,0,25.1,108,0,0,0,0,0,0,0,5.5
51097,49,male,Doll,3,secondary,1,0,0.0,0,0,0,0,1,21.0,115,0,0,0,0,0,0,0,6.1
86339,19,male,Snow,4,secondary,1,0,0.0,1,1,0,1,0,27.3,100,0,0,0,0,0,0,1,5.5
70421,39,female,Rose,5,tertiary,1,1,8.8,1,0,1,1,0,23.7,99,0,0,0,0,0,0,0,6.3
20624,53,female,Nightingale,5,tertiary,1,0,0.0,1,0,0,0,0,26.7,113,1,0,0,0,0,0,0,7.6
37059,45,male,Rose,5,tertiary,1,0,0.0,1,1,0,0,0,24.7,126,0,0,0,0,1,0,1,7.2
59542,52,female,Doll,5,primary,1,0,0.0,1,0,0,1,0,27.5,118,0,0,1,0,0,0,0,6.9
42718,21,female,Nightingale,5,tertiary,0,0,0.0,0,0,0,1,0,24.1,102,1,0,1,0,0,0,1,8.2
30435,37,female,Nightingale,5,tertiary,0,0,0.0,0,0,1,0,0,20.6,95,0,0,0,0,0,0,0,7.3
47069,66,male,Snow,2,secondary,0,0,0.0,0,1,0,0,1,26.6,127,0,0,0,0,1,0,1,8.2
89461,52,female,Nightingale,3,secondary,1,0,0.0,0,0,0,0,0,26.3,116,0,0,0,0,0,0,0,7.1
40439,62,male,Snow,3,secondary,0,1,20.2,0,0,1,0,0,32.7,136,1,0,0,0,0,0,0,4.4
79389,49,female,Rose,4,tertiary,0,0,0.0,0,0,0,0,0,23.7,113,1,0,0,0,0,0,1,6.1
82595,44,male,Snow,3,secondary,1,0,0.0,1,0,1,0,1,29.3,125,0,0,0,0,0,0,0,9.8
11120,64,female,Snow,3,secondary,1,0,0.0,0,0,0,0,0,39.4,141,0,0,1,1,0,0,1,5.3
90881,79,female,Snow,4,secondary,1,0,0.0,1,0,0,0,0,28.0,130,0,0,0,0,0,0,0,8.8
43525,65,male,Doll,2,secondary,0,0,0.0,0,0,0,0,0,23.4,128,0,0,1,0,0,0,0,9.6
10062,44,female,Snow,4,tertiary,1,0,0.0,1,0,1,0,0,27.1,107,1,0,0,0,0,0,0,8.5
15960,62,female,Rose,2,primary,0,1,15.3,0,1,1,0,0,36.1,141,0,0,0,1,1,0,0,9.4
99939,71,female,Nightingale,3,secondary,0,0,0.0,0,0,1,0,0,27.9,155,0,0,1,0,0,0,1,5.7
58082,32,female,Snow,3,secondary,0,1,5.4,1,0,0,1,0,23.3,107,0,0,0,0,0,0,0,5.8
51431,28,female,Snow,1,primary,0,1,3.0,0,1,1,0,0,29.8,109,0,0,0,0,0,0,1,7.3
37151,77,female,Hill,1,primary,0,1,18.1,0,1,0,0,0,33.7,138,0,0,0,0,0,0,1,4.7
49723,32,male,Hill,5,tertiary,1,0,0.0,1,0,0,0,0,25.1,104,0,0,0,0,0,0,0,5.4
45637,50,female,Snow,4,secondary,1,0,0.0,1,0,0,1,0,24.1,109,0,0,0,0,0,0,0,5.8
62126,50,female,Rose,3,primary,0,1,11.5,0,0,0,1,0,25.1,123,0,0,0,0,0,0,1,6.5
20651,24,male,Rose,3,primary,0,0,0.0,0,0,0,1,1,23.4,113,0,0,0,0,0,1,0,10.0
38926,37,male,Snow,3,primary,1,0,0.0,1,0,0,0,0,27.7,111,0,0,0,0,0,0,0,8.7
75393,67,female,Hill,3,primary,1,1,19.6,1,1,1,0,0,35.5,130,0,0,0,1,1,0,1,5.1
36435,23,male,Nightingale,5,tertiary,1,0,0.0,0,0,1,1,0,30.9,97,0,0,0,0,0,0,0,4.9
19009,78,female,Rose,3,secondary,1,0,0.0,0,1,1,0,1,27.2,128,0,0,0,0,0,0,0,5.2
30921,34,female,Snow,4,tertiary,0,0,0.0,1,1,0,0,1,24.5,117,0,0,0,0,0,0,0,6.4
77872,54,female,Nightingale,2,primary,1,1,9.7,0,0,1,1,0,30.9,122,0,1,0,0,0,1,0,4.8
42634,70,female,Snow,3,secondary,1,0,0.0,1,0,0,0,0,30.9,121,0,0,0,0,0,0,0,7.3
48562,23,male,Snow,1,secondary,0,0,0.0,0,1,1,0,0,30.3,118,0,0,0,0,0,0,0,4.5
69456,77,female,Hill,3,secondary,0,0,0.0,1,0,0,0,0,26.7,120,0,0,0,0,0,0,0,7.7
19395,63,male,Hill,3,secondary,1,0,0.0,1,1,0,1,0,30.1,125,0,0,0,0,0,1,0,6.5
53084,46,female,Nightingale,4,tertiary,1,0,0.0,0,0,0,0,0,28.9,110,0,0,0,0,0,0,0,8.5
66242,36,male,Rose,4,secondary,1,0,0.0,0,0,0,0,1,28.9,100,0,0,0,0,0,0,0,6.2
82085,62,male,Snow,3,tertiary,1,1,14.3,1,1,0,0,0,28.7,133,0,0,0,0,0,1,1,4.7
77346,26,male,Hill,2,secondary,1,1,1.7,0,0,0,1,0,28.0,99,1,0,0,0,0,0,1,9.3
95921,22,female,Hill,3,secondary,1,0,0.0,1,0,0,0,0,24.2,105,0,0,1,0,0,0,1,7.0
11856,19,male,Hill,2,secondary,1,1,0.3,1,1,0,0,1,29.0,96,0,0,0,0,0,0,0,8.6
92544,72,female,Doll,4,tertiary,1,0,0.0,1,0,1,0,0,29.0,120,0,0,0,0,0,0,0,8.0
11902,23,male,Hill,5,tertiary,1,0,0.0,0,0,0,1,0,21.1,113,0,0,0,0,0,0,0,8.6
21738,22,female,Nightingale,4,secondary,1,0,0.0,0,1,0,1,0,31.3,110,1,0,0,0,0,0,0,6.0
95398,67,male,Hill,2,primary,0,1,20.8,1,1,1,0,0,31.8,145,1,1,0,1,0,0,1,5.5
90470,59,female,Nightingale,3,secondary,0,0,0.0,1,0,0,1,0,23.8,112,0,0,0,0,0,1,0,8.4
35874,30,female,Nightingale,4,primary,0,1,6.3,0,1,1,1,0,30.9,125,0,0,0,0,0,0,0,8.9
84679,76,male,Snow,1,secondary,1,0,0.0,1,0,1,1,1,31.0,132,1,0,1,0,1,1,1,9.0
50972,42,male,Rose,4,tertiary,1,0,0.0,1,0,1,0,0,27.3,110,0,0,0,0,0,0,0,6.4
87963,69,female,Hill,2,secondary,0,1,12.8,0,1,0,0,0,25.9,133,0,0,0,0,0,0,1,4.4
87576,53,female,Hill,3,secondary,0,1,9.9,1,0,0,0,0,19.4,114,1,0,0,0,0,0,0,7.6
79863,61,male,Doll,4,secondary,1,0,0.0,0,0,0,0,0,33.1,120,0,0,0,0,0,0,0,4.8
97256,53,male,Snow,3,secondary,0,0,0.0,0,0,0,0,0,28.7,117,0,0,0,0,1,1,1,6.7
68609,73,female,Doll,4,tertiary,1,1,17.5,0,0,1,0,1,32.2,126,0,1,0,0,0,0,0,5.1
83831,28,male,Rose,4,secondary,0,0,0.0,0,0,0,0,0,24.2,118,0,0,0,0,0,0,0,9.2
84958,50,male,Hill,4,tertiary,0,0,0.0,1,1,1,0,0,31.2,134,0,0,0,0,0,0,0,5.8
77334,31,male,Rose,4,tertiary,1,0,0.0,1,0,0,0,0,23.9,95,0,0,0,0,0,1,0,8.3
90042,69,female,Rose,4,secondary,1,0,0.0,1,0,1,0,0,24.8,113,0,0,0,0,0,0,1,4.3
79057,69,female,Nightingale,3,primary,1,1,21.0,0,1,0,0,0,34.1,130,0,0,0,0,1,0,1,5.9
72788,18,female,Snow,4,tertiary,1,0,0.0,1,0,0,0,0,24.0,90,0,0,0,0,0,0,1,7.4
97953,29,male,Snow,1,primary,0,0,0.0,0,0,1,1,0,30.3,107,0,0,0,0,0,1,0,4.8
60981,47,female,Nightingale,2,secondary,0,1,12.4,0,1,1,1,0,28.2,128,0,0,0,0,0,0,0,6.2
94545,21,female,Doll,5,tertiary,1,1,0.9,1,0,0,1,1,27.3,107,0,1,0,0,0,0,1,7.2
95174,45,female,Nightingale,2,primary,0,0,0.0,0,1,1,0,0,26.8,117,1,0,0,0,0,0,1,5.5
30074,60,female,Rose,5,tertiary,0,0,0.0,0,1,0,0,1,18.8,117,0,0,1,0,0,1,0,4.5
49626,29,female,Snow,3,secondary,1,0,0.0,1,0,0,0,0,29.8,118,1,0,0,0,0,0,0,7.8
32622,31,female,Doll,5,secondary,1,0,0.0,0,0,0,0,0,21.9,113,0,0,0,0,0,0,0,6.2
27344,50,male,Doll,3,secondary,0,0,0.0,1,0,1,0,0,29.3,117,0,0,0,0,0,0,1,7.8
36179,50,male,Rose,5,primary,1,0,0.0,1,1,1,1,0,28.1,119,0,1,0,0,0,0,1,5.9
26695,66,male,Nightingale,3,secondary,1,0,0.0,0,1,0,1,0,27.1,157,0,0,0,0,0,0,1,6.1
51833,21,female,Nightingale,3,primary,0,0,0.0,0,0,1,0,0,25.1,103,0,0,0,0,0,0,0,8.3
43675,18,female,Hill,3,tertiary,0,0,0.0,1,1,0,0,0,22.6,94,0,0,0,0,0,0,0,4.3
30409,30,male,Hill,4,secondary,1,0,0.0,0,0,1,0,0,25.7,106,0,0,0,0,0,0,1,9.6
22384,49,female,Snow,1,primary,0,1,8.1,1,0,0,1,0,23.4,117,0,0,0,0,0,0,0,5.1
30368,22,female,Doll,5,tertiary,1,0,0.0,0,1,1,0,0,25.7,105,0,0,0,0,0,0,0,4.0
10764,68,male,Snow,2,secondary,0,0,0.0,1,0,1,0,1,27.1,133,0,0,0,0,0,0,0,5.1
84663,59,female,Rose,2,secondary,0,1,12.3,0,1,0,0,1,25.8,111,0,0,0,0,0,1,0,9.3
68890,52,male,Nightingale,2,secondary,0,1,15.3,0,1,1,1,1,32.1,128,0,1,0,0,0,0,1,6.3
87675,51,male,Doll,5,primary,1,0,0.0,1,0,0,0,0,29.6,120,0,0,0,0,0,0,0,6.2
42426,44,female,Nightingale,3,primary,1,0,0.0,0,0,0,0,0,24.9,104,1,0,0,0,0,0,0,5.5
81900,36,female,Rose,5,primary,0,1,5.5,0,0,1,0,0,31.1,101,1,0,0,0,0,0,0,9.8
38497,55,male,Rose,2,secondary,1,1,11.7,1,0,1,0,0,28.4,125,0,0,0,0,0,0,1,6.7
51429,60,male,Snow,4,secondary,1,0,0.0,1,0,1,0,0,25.8,135,0,0,0,0,0,1,1,8.1
16765,35,female,Snow,2,primary,1,1,4.6,1,1,0,0,0,27.0,132,1,0,0,0,0,0,0,7.3
84056,45,female,Doll,2,primary,1,1,13.3,0,1,0,1,0,27.1,108,1,1,0,0,1,0,0,5.3
81765,36,male,Hill,1,secondary,0,1,7.2,0,0,1,1,1,32.4,120,0,0,1,0,0,0,0,4.0
53317,64,male,Snow,4,secondary,1,0,0.0,0,0,1,0,1,26.7,122,0,0,1,0,0,1,0,6.8
74549,55,female,Doll,4,tertiary,1,0,0.0,0,1,0,0,0,29.8,125,0,0,0,0,0,0,0,8.8
19752,43,male,Hill,4,tertiary,1,0,0.0,0,0,0,0,1,23.8,114,0,0,0,0,0,1,1,6.0
31803,70,male,Nightingale,5,tertiary,0,0,0.0,0,1,0,0,0,30.8,117,0,0,0,0,0,0,0,5.6
92142,38,female,Rose,2,primary,0,0,0.0,0,0,1,0,0,26.7,124,0,0,0,0,0,0,1,9.1
32682,20,female,Hill,5,tertiary,1,0,0.0,0,0,0,0,0,24.8,98,0,0,0,0,0,0,0,4.8
90327,52,female,Nightingale,2,secondary,0,0,0.0,0,0,0,0,0,30.5,130,0,0,1,0,0,0,0,7.3
41438,47,male,Snow,2,secondary,1,1,12.3,1,0,1,0,1,25.3,113,0,0,0,0,0,0,0,9.0
57294,69,male,Snow,3,secondary,0,1,19.9,0,0,0,0,1,27.3,152,1,0,1,0,0,0,1,4.1
69483,20,male,Doll,4,tertiary,1,1,0.6,0,0,0,0,0,25.6,101,0,0,0,0,0,0,0,8.6
38749,53,male,Snow,1,secondary,0,1,17.6,0,1,1,0,0,35.1,138,0,1,0,0,0,0,1,6.2
80375,34,female,Nightingale,5,secondary,1,0,0.0,1,0,1,1,0,27.9,122,0,1,0,0,1,0,0,5.4
42190,45,female,Hill,5,secondary,1,0,0.0,1,0,1,0,1,29.7,126,0,0,1,0,0,0,1,5.9
76707,31,male,Snow,4,secondary,1,0,0.0,1,1,0,0,0,29.2,108,0,0,0,0,0,0,0,9.4
24530,39,male,Rose,2,secondary,0,1,8.6,0,0,1,0,0,27.0,123,0,0,0,0,0,0,0,7.2
77611,59,male,Rose,2,primary,1,1,16.1,0,0,1,0,1,32.9,139,1,0,1,0,0,0,0,9.3
80161,76,male,Rose,2,secondary,1,0,0.0,1,0,0,0,1,28.6,123,0,0,0,0,0,0,0,9.0
35474,52,female,Nightingale,5,tertiary,1,0,0.0,0,0,0,0,0,25.7,103,0,0,0,0,0,0,0,5.3
71639,60,male,Nightingale,2,primary,0,0,0.0,0,1,0,1,0,22.7,121,0,0,0,0,0,1,0,7.6
13995,19,female,Doll,5,tertiary,0,0,0.0,1,0,0,1,0,28.4,102,0,0,0,0,0,1,0,9.9
28812,30,male,Nightingale,1,tertiary,1,1,3.5,0,1,1,1,0,25.2,112,0,0,0,0,0,0,0,7.3
92085,61,female,Snow,2,primary,1,0,0.0,0,0,1,0,0,27.6,132,0,0,0,0,0,0,0,6.9
79622,21,male,Doll,4,secondary,0,0,0.0,1,0,1,1,1,22.0,98,1,1,0,0,0,0,0,7.2
56979,72,female,Snow,4,secondary,0,1,25.0,0,0,1,0,0,28.0,140,0,0,0,0,0,0,0,5.8
47563,78,male,Nightingale,5,tertiary,1,0,0.0,1,0,0,1,1,28.7,135,0,0,0,0,0,0,1,4.4
12215,35,female,Snow,1,primary,0,1,4.8,0,1,1,1,1,32.5,130,0,0,0,0,0,0,0,7.3
28458,70,male,Rose,3,tertiary,1,0,0.0,0,0,0,0,0,26.3,109,0,0,0,0,0,0,1,5.6
46566,39,female,Nightingale,5,tertiary,1,0,0.0,0,1,0,0,0,27.3,108,0,0,0,0,0,0,0,5.7
57347,48,male,Doll,3,secondary,1,0,0.0,0,0,1,0,0,28.8,108,0,0,0,0,0,0,0,7.7
29361,27,female,Rose,3,primary,1,0,0.0,0,0,0,0,0,23.8,108,0,0,0,0,0,0,0,7.8
29145,42,male,Doll,3,secondary,1,0,0.0,1,0,0,0,0,24.4,115,0,0,0,0,0,0,0,8.9
39873,76,male,Hill,4,secondary,0,0,0.0,0,0,0,0,0,24.6,118,0,0,0,0,1,0,0,4.8
73763,32,female,Snow,3,secondary,0,0,0.0,0,0,1,0,0,28.5,123,0,0,0,0,0,0,0,7.8
22087,59,male,Hill,3,primary,1,0,0.0,0,0,0,0,0,27.9,125,0,0,0,0,0,0,1,6.0
19482,74,male,Snow,1,primary,0,0,0.0,1,0,1,0,0,32.7,119,1,0,0,0,0,0,0,8.6
31686,45,female,Hill,4,tertiary,1,0,0.0,0,0,0,0,0,30.4,116,0,0,0,0,0,0,1,5.4
49433,68,female,Nightingale,1,secondary,0,0,0.0,0,0,0,0,1,32.3,123,0,0,0,0,1,0,0,6.9
84903,69,male,Snow,2,tertiary,0,1,11.7,1,1,0,0,1,29.0,127,0,1,1,0,0,0,1,6.2
66848,44,male,Nightingale,2,tertiary,0,0,0.0,0,1,0,1,0,25.1,117,0,0,0,0,0,0,0,5.8
71522,30,female,Doll,5,secondary,1,0,0.0,0,1,0,0,0,28.6,103,0,0,0,0,0,0,1,9.3
98959,51,male,Hill,2,secondary,0,0,0.0,1,1,0,0,1,29.6,114,0,0,0,0,0,0,0,8.4
54883,76,female,Snow,2,primary,0,1,15.3,1,0,1,0,0,28.4,117,0,0,0,0,0,0,0,5.7
41637,43,female,Doll,2,secondary,0,0,0.0,1,0,0,0,0,22.3,109,0,0,0,0,0,0,0,7.5
34174,48,male,Rose,2,secondary,0,0,0.0,1,1,1,0,0,25.7,114,0,0,0,0,0,0,0,4.2
25180,74,male,Hill,1,secondary,0,1,20.3,0,0,1,0,1,29.7,131,0,0,1,0,0,1,1,7.4
16910,79,female,Rose,5,tertiary,1,1,21.6,1,0,1,0,0,29.6,131,0,0,0,0,0,0,0,6.4
40312,25,male,Nightingale,4,tertiary,1,0,0.0,0,1,1,0,0,29.4,92,0,0,0,0,0,0,1,4.8
14569,67,female,Hill,3,secondary,1,1,10.0,0,0,0,0,0,22.3,128,0,0,0,0,0,0,0,7.7
81425,65,female,Snow,3,secondary,1,0,0.0,0,0,0,1,0,28.5,124,0,0,0,0,0,0,0,8.4
28413,66,female,Hill,2,primary,0,0,0.0,0,0,0,0,1,25.2,116,1,0,0,0,0,0,0,8.6
77354,54,male,Hill,4,secondary,1,0,0.0,1,0,0,1,0,29.7,131,0,0,0,0,0,0,0,8.2
98757,22,female,Rose,5,tertiary,1,0,0.0,0,1,0,1,0,25.1,114,0,0,1,0,0,0,1,9.6
18840,64,female,Nightingale,2,primary,1,0,0.0,0,1,1,0,0,32.3,121,1,0,0,0,0,0,0,6.8
31343,40,female,Rose,3,secondary,0,0,0.0,1,0,1,0,0,28.3,117,0,0,0,0,0,1,0,4.9
88090,40,male,Nightingale,3,secondary,0,0,0.0,1,1,1,0,1,33.5,114,0,0,0,0,0,0,0,5.8
42356,59,female,Nightingale,2,tertiary,1,0,0.0,1,1,0,1,1,25.4,116,0,0,0,0,0,1,0,9.1
87021,55,male,Hill,1,primary,0,0,0.0,0,1,0,0,1,28.4,111,0,0,1,0,0,0,0,8.8
58479,39,female,Rose,4,secondary,0,0,0.0,1,0,0,0,0,24.9,92,0,0,0,0,0,0,0,5.2
75942,48,female,Snow,4,primary,0,1,7.0,0,0,0,0,0,31.7,112,0,0,0,0,0,1,0,4.5
34470,66,female,Snow,3,secondary,1,0,0.0,0,1,1,0,0,34.9,145,0,0,0,0,0,0,0,7.1
25780,56,female,Doll,3,secondary,1,0,0.0,1,1,0,0,0,30.2,109,1,0,0,0,0,0,0,5.6
84239,38,male,Hill,3,secondary,0,0,0.0,0,1,0,0,0,28.6,98,0,0,0,0,0,0,0,5.3
79028,39,female,Doll,3,secondary,1,0,0.0,1,1,1,0,0,29.7,91,0,0,0,0,0,0,0,5.7
38899,49,male,Snow,2,primary,0,0,0.0,0,1,0,0,0,31.3,111,0,0,0,0,1,0,0,6.2
80960,32,male,Nightingale,3,primary,0,0,0.0,1,0,0,1,0,28.7,120,0,0,0,0,0,0,0,8.2
40157,70,male,Rose,2,tertiary,1,0,0.0,0,1,0,0,0,31.0,117,0,0,0,0,0,1,1,8.8
11237,35,male,Nightingale,1,secondary,1,1,3.6,0,1,1,0,0,27.4,136,0,0,0,0,0,0,0,5.0
87845,64,male,Hill,3,tertiary,0,0,0.0,1,0,0,0,0,26.0,126,0,0,0,0,0,0,0,8.5
84182,76,female,Nightingale,2,primary,1,0,0.0,0,0,0,0,0,23.3,121,0,0,1,0,0,0,0,9.2
34653,41,male,Nightingale,4,primary,1,0,0.0,0,1,0,0,1,23.2,99,0,0,0,0,1,1,0,5.6
90861,24,male,Snow,1,primary,0,0,0.0,0,1,0,1,0,28.5,117,0,0,0,0,0,1,0,8.8
16351,35,male,Snow,2,secondary,0,1,4.6,0,0,0,0,0,22.4,113,0,0,0,0,0,0,0,6.8
57344,53,female,Nightingale,4,tertiary,0,0,0.0,0,0,0,0,0,24.6,107,0,0,0,0,0,0,1,9.1
44839,35,female,Hill,1,primary,0,0,0.0,1,1,0,0,0,30.4,101,0,0,0,0,0,0,0,9.2
44307,65,male,Snow,4,primary,0,0,0.0,1,0,0,0,0,29.6,127,0,0,0,0,0,0,0,5.1
28396,60,female,Hill,4,primary,0,0,0.0,0,0,0,0,0,31.1,130,1,0,0,0,0,1,1,6.5
25336,22,male,Snow,2,secondary,0,0,0.0,0,1,0,1,1,28.3,121,0,0,0,0,0,0,0,6.3
60754,41,female,Nightingale,1,primary,0,1,6.3,1,1,0,0,0,29.2,121,0,0,0,0,0,1,0,6.9
83125,73,female,Hill,5,tertiary,1,1,12.1,1,0,0,0,0,26.7,142,0,0,0,0,0,0,0,9.4
58854,30,male,Doll,2,primary,0,0,0.0,1,1,0,1,0,27.2,120,0,0,0,0,0,0,0,9.9
59218,57,male,Snow,2,tertiary,0,1,18.1,0,1,0,0,0,32.3,124,0,0,1,0,1,0,1,7.0
53257,67,female,Rose,2,secondary,0,0,0.0,0,0,1,0,1,31.2,127,0,0,0,0,0,0,1,8.3
13924,47,female,Nightingale,3,secondary,1,0,0.0,0,0,0,1,0,30.8,118,0,0,0,0,1,0,1,9.6
69334,57,female,Snow,2,primary,1,0,0.0,1,1,0,0,0,25.6,115,0,0,0,0,0,0,1,9.1
13099,51,female,Snow,2,secondary,1,1,7.9,1,0,0,0,0,25.6,125,0,1,0,1,0,0,1,5.0
94253,35,male,Rose,5,tertiary,1,0,0.0,0,0,1,1,1,24.9,104,0,0,1,0,0,0,1,8.7
83423,51,male,Snow,3,primary,1,0,0.0,1,0,0,0,0,25.9,107,0,0,0,0,0,1,0,5.3
15252,39,male,Doll,4,primary,1,0,0.0,0,0,0,0,0,26.8,111,0,0,0,0,0,0,0,5.8
40098,36,male,Hill,4,secondary,1,0,0.0,0,0,1,0,0,26.1,99,1,0,0,0,0,0,0,4.3
59105,25,female,Snow,4,tertiary,1,0,0.0,0,0,1,0,0,27.2,115,0,0,0,0,0,1,1,4.1
78432,38,female,Nightingale,3,primary,0,0,0.0,1,0,0,0,0,29.8,97,0,0,0,0,0,0,0,4.2
50585,25,female,Hill,2,tertiary,1,1,1.7,1,1,1,0,0,29.0,132,1,0,1,0,0,0,1,8.2
52236,69,male,Rose,2,secondary,0,0,0.0,0,0,0,0,0,27.9,134,0,0,0,0,0,0,0,8.5
60679,73,male,Doll,2,secondary,1,1,25.5,0,1,1,0,0,29.4,109,0,0,0,0,0,1,0,9.6
92573,49,male,Rose,5,secondary,0,0,0.0,0,0,0,0,0,31.4,128,0,0,0,0,0,0,0,9.6
51707,29,male,Rose,4,secondary,0,0,0.0,0,1,1,1,0,28.1,111,0,0,0,0,0,0,0,8.5
25130,54,female,Snow,1,secondary,0,1,15.2,1,0,1,0,0,29.0,120,0,0,0,0,0,0,0,4.7
59792,39,female,Hill,1,secondary,1,1,5.9,1,1,0,0,0,24.5,110,0,1,0,0,0,0,1,8.2
74130,69,female,Hill,3,tertiary,0,1,14.5,0,1,0,0,1,38.3,133,0,0,0,0,0,0,0,6.2
53722,48,female,Doll,3,secondary,0,1,10.7,0,0,0,0,0,24.4,122,1,0,0,0,0,0,0,8.3
42724,65,female,Nightingale,1,primary,0,1,18.6,1,1,0,0,0,25.4,127,0,0,0,0,0,0,0,8.3
29250,47,male,Rose,4,primary,1,0,0.0,0,0,1,0,0,26.1,121,0,0,0,0,0,0,0,6.3
58563,69,female,Doll,2,secondary,1,0,0.0,0,0,0,0,0,29.4,123,0,0,0,0,0,0,0,9.8
35707,39,female,Snow,3,secondary,1,0,0.0,1,0,0,0,0,29.9,108,0,0,0,0,0,0,0,4.2
93575,32,male,Hill,2,secondary,1,0,0.0,1,1,0,0,1,27.5,121,0,0,1,0,0,0,0,4.4
71182,65,female,Doll,2,secondary,1,0,0.0,0,0,1,0,0,29.9,123,0,0,0,0,0,0,1,4.3
50891,71,female,Rose,5,tertiary,1,0,0.0,1,1,0,0,0,30.5,129,0,0,0,0,0,0,0,4.4
19159,20,female,Hill,4,secondary,0,0,0.0,1,0,0,0,0,28.1,99,0,0,1,0,0,0,1,9.4
95271,35,male,Doll,5,tertiary,1,0,0.0,0,0,0,1,0,24.0,113,0,0,0,0,0,1,0,7.1
58323,50,female,Hill,2,primary,1,1,6.0,0,0,1,0,0,32.2,109,1,0,0,0,0,0,1,6.6
56451,51,male,Hill,5,tertiary,1,0,0.0,0,0,0,0,0,31.0,120,0,0,0,0,0,0,0,9.3
18896,46,male,Rose,3,secondary,0,1,7.0,1,0,1,0,0,27.6,115,0,0,0,0,0,0,0,5.7
76972,78,female,Nightingale,4,secondary,1,1,29.6,1,0,1,0,0,28.4,140,0,0,0,1,0,0,1,8.9
33199,58,male,Doll,5,tertiary,1,0,0.0,1,1,1,0,1,31.9,124,0,0,0,0,0,0,0,8.0
22098,53,female,Nightingale,2,secondary,0,0,0.0,0,1,0,0,0,29.9,115,0,0,1,0,0,0,1,8.5
83268,73,male,Hill,1,secondary,1,1,13.8,0,0,1,0,0,34.6,131,0,0,0,1,0,0,1,4.0
78578,45,female,Hill,1,primary,0,0,0.0,1,1,0,0,0,31.2,108,0,0,0,0,0,0,0,8.4
46124,47,male,Nightingale,3,secondary,1,1,9.9,0,1,0,0,0,24.8,118,0,0,0,0,0,0,0,4.6
75541,49,male,Doll,4,tertiary,1,0,0.0,1,1,1,0,1,24.5,120,0,0,0,0,0,0,0,6.7
67583,44,male,Snow,3,secondary,1,0,0.0,1,0,1,0,0,25.8,122,0,0,0,0,0,0,1,7.9
59394,31,male,Nightingale,2,secondary,1,1,3.0,1,0,0,0,0,26.4,113,0,1,1,0,0,0,1,9.6
35363,34,female,Hill,2,secondary,0,1,8.1,0,1,1,0,0,33.7,116,0,0,1,0,0,0,1,7.0
33832,30,female,Doll,5,tertiary,1,1,5.2,0,0,0,1,0,23.7,104,0,0,0,0,0,0,1,9.0
21797,43,female,Hill,2,primary,1,0,0.0,0,1,0,0,1,32.7,123,0,0,0,0,0,0,0,5.6
79675,64,male,Rose,5,tertiary,0,0,0.0,0,0,1,0,1,26.0,111,0,0,0,0,0,0,0,9.5
15950,76,male,Snow,2,primary,0,0,0.0,1,0,1,0,0,32.2,147,0,0,0,0,1,1,1,9.0
90238,50,female,Rose,5,tertiary,1,0,0.0,1,0,0,0,0,29.3,115,0,1,0,0,0,0,0,9.6
85832,22,male,Rose,2,primary,1,0,0.0,0,1,0,1,0,24.4,90,0,0,0,0,0,0,1,6.4
43851,63,female,Doll,5,tertiary,0,0,0.0,0,0,1,1,0,27.7,135,0,0,0,0,0,0,0,10.0
14679,43,female,Nightingale,4,secondary,0,0,0.0,0,0,0,0,0,24.3,124,0,0,0,0,0,1,1,5.0
11284,40,male,Snow,1,tertiary,0,0,0.0,0,0,0,0,0,32.7,109,1,0,0,0,0,0,0,5.7
82791,48,female,Snow,2,secondary,0,1,11.1,1,0,0,0,0,21.5,107,0,0,0,0,0,0,0,9.7
70002,67,male,Doll,4,secondary,1,0,0.0,0,0,0,0,0,29.1,120,0,0,0,0,0,0,1,5.3
90272,75,female,Doll,4,secondary,1,0,0.0,0,0,0,0,0,28.0,125,0,1,0,0,0,1,1,6.9
49804,58,male,Snow,4,secondary,1,1,12.6,1,1,0,0,0,29.1,119,1,0,1,0,0,0,0,7.3
85313,60,male,Hill,3,secondary,1,1,11.7,0,1,1,0,0,28.4,126,0,0,0,0,1,0,1,6.4
81888,78,male,Doll,5,tertiary,0,0,0.0,0,0,1,0,0,28.9,117,0,0,0,0,0,0,0,9.9
51867,55,female,Snow,4,primary,1,0,0.0,1,0,1,0,0,31.2,106,1,0,0,0,0,0,1,8.7
36351,68,male,Rose,3,secondary,1,0,0.0,0,1,0,0,0,32.8,136,0,1,0,0,0,0,1,9.6
29955,56,male,Snow,3,tertiary,0,1,10.0,0,1,1,0,0,28.1,123,0,0,0,0,0,0,0,4.3
32511,18,female,Nightingale,4,secondary,1,0,0.0,0,1,1,1,0,29.0,115,0,0,0,0,0,0,0,5.3
28424,75,male,Doll,5,secondary,1,0,0.0,0,0,0,1,1,25.3,144,0,0,0,0,1,0,1,9.2
84680,77,male,Hill,2,tertiary,1,1,17.5,1,1,0,0,1,32.9,129,0,1,0,1,0,0,1,7.3
22422,51,female,Snow,2,primary,1,1,15.2,0,0,0,0,0,26.2,124,0,0,0,0,0,0,0,7.7
42940,74,male,Nightingale,5,secondary,1,1,24.5,0,0,0,0,0,30.0,135,0,0,0,0,0,0,0,5.4
64503,20,male,Nightingale,2,secondary,0,1,1.0,1,1,1,0,0,26.0,114,0,0,0,0,0,0,0,7.8
18901,28,male,Hill,4,secondary,1,0,0.0,0,1,0,0,0,28.9,109,0,0,0,0,0,0,0,7.0
76211,53,male,Nightingale,4,secondary,1,0,0.0,0,0,0,0,0,27.5,97,0,0,0,0,0,0,1,8.5
25665,45,female,Hill,2,primary,1,1,12.2,0,0,0,0,0,26.8,134,0,0,0,0,0,0,1,6.2
32883,34,male,Doll,5,tertiary,1,1,4.5,0,1,1,1,1,25.5,118,0,0,1,0,0,0,1,9.6
28047,33,male,Nightingale,4,secondary,1,0,0.0,1,0,0,0,0,19.1,96,0,0,0,0,0,0,0,6.4
53529,74,female,Snow,1,primary,0,1,14.3,1,1,1,0,0,28.4,147,1,1,1,0,0,0,1,6.2
60266,71,male,Doll,2,secondary,1,0,0.0,0,0,0,0,0,26.9,124,0,0,0,0,0,0,0,7.7
70623,27,female,Hill,3,secondary,0,0,0.0,0,0,0,0,0,23.0,108,0,0,0,0,0,0,0,9.1
32234,45,male,Nightingale,1,secondary,0,0,0.0,0,1,0,1,0,27.3,119,0,0,0,0,0,1,0,9.8
86917,47,female,Snow,4,secondary,1,0,0.0,0,0,1,0,1,27.6,119,0,0,0,0,0,0,0,9.5
82147,79,male,Nightingale,3,secondary,1,0,0.0,0,0,1,0,0,28.4,143,0,0,0,0,0,0,1,9.2
31788,35,female,Hill,4,tertiary,0,0,0.0,0,0,1,0,0,25.3,97,0,0,0,0,0,0,0,7.2
87887,65,female,Doll,5,tertiary,0,1,10.0,0,0,0,0,0,30.1,139,0,0,1,0,0,0,1,8.4
62396,42,female,Nightingale,4,secondary,1,0,0.0,0,0,0,0,0,27.8,100,0,0,0,0,0,0,0,5.3
83537,27,male,Hill,1,secondary,0,0,0.0,0,1,0,0,0,30.9,116,0,0,0,0,0,0,0,9.0
49669,37,female,Nightingale,5,tertiary,1,0,0.0,0,0,0,0,0,28.6,112,0,0,0,0,1,1,1,7.1
94711,73,female,Snow,2,primary,0,0,0.0,1,0,1,0,0,29.8,123,0,0,0,0,0,0,0,6.4
93276,18,female,Doll,3,secondary,1,0,0.0,1,0,0,0,0,28.4,93,0,0,0,0,0,0,0,7.8
51786,73,female,Hill,4,tertiary,1,0,0.0,1,0,0,0,0,31.0,137,0,0,0,0,0,0,1,6.2
25166,31,female,Doll,5,tertiary,1,1,4.3,1,0,0,0,0,30.3,107,0,0,0,0,0,0,0,9.7
97344,46,male,Rose,4,secondary,1,0,0.0,1,0,0,0,0,31.7,99,0,0,1,0,0,0,0,8.4
70182,68,male,Doll,2,secondary,1,0,0.0,0,1,0,0,0,29.7,128,0,0,0,0,0,0,0,4.2
33455,31,male,Rose,4,tertiary,0,1,5.7,0,0,1,1,0,26.4,109,0,0,0,0,0,0,0,7.3
65770,27,male,Rose,4,secondary,1,0,0.0,0,1,0,0,0,33.7,109,0,0,0,0,0,0,0,9.5
70651,34,male,Doll,4,tertiary,0,0,0.0,0,0,0,0,0,22.5,99,1,0,0,0,0,0,0,9.2
29884,63,female,Nightingale,3,secondary,1,0,0.0,0,0,0,0,0,29.8,125,0,0,0,0,0,0,0,9.0
42048,70,female,Doll,5,tertiary,1,0,0.0,1,0,1,0,0,28.3,137,0,0,0,0,0,0,1,4.7
28296,59,male,Rose,3,secondary,1,0,0.0,0,1,1,0,0,28.7,126,0,0,0,0,0,0,0,7.7
93871,44,male,Hill,2,secondary,1,1,13.6,0,1,1,0,0,32.3,133,1,0,0,0,0,0,0,9.6
91850,32,female,Nightingale,5,secondary,1,0,0.0,0,0,0,0,1,23.9,109,0,0,0,0,0,0,0,9.9
69387,67,female,Hill,4,tertiary,0,1,13.5,1,0,1,0,1,21.0,115,0,1,0,0,1,0,0,8.2
88888,62,female,Nightingale,2,tertiary,1,0,0.0,1,0,1,0,1,30.7,116,1,0,1,0,0,0,1,7.0
25272,36,male,Nightingale,1,secondary,0,0,0.0,1,1,0,1,0,32.7,106,0,0,1,0,1,0,1,5.3
65049,63,female,Rose,2,secondary,0,1,20.3,0,0,1,0,0,31.9,121,0,0,0,0,1,0,0,6.3
91772,48,female,Doll,3,tertiary,0,0,0.0,0,1,1,0,1,29.8,105,0,0,0,0,1,0,1,6.2
93396,60,female,Snow,1,secondary,0,0,0.0,1,0,1,0,0,30.0,111,0,0,0,0,0,0,0,5.1
57524,42,female,Rose,5,secondary,1,0,0.0,0,1,0,1,1,26.5,110,0,0,1,0,0,0,1,6.7
23173,60,female,Doll,2,primary,0,0,0.0,1,1,1,0,0,32.1,123,0,0,0,0,0,0,1,8.6
99329,28,female,Doll,5,tertiary,1,0,0.0,0,0,0,1,0,26.0,116,0,0,0,0,0,0,1,5.5
86167,67,female,Doll,5,tertiary,1,0,0.0,0,0,1,1,0,28.1,127,0,0,0,0,0,1,0,8.2
96707,23,female,Doll,4,secondary,1,0,0.0,0,1,1,0,1,27.2,103,0,0,0,0,0,0,0,5.4
48752,23,male,Hill,3,primary,0,0,0.0,1,1,1,0,0,32.3,107,0,0,1,0,0,0,0,8.7
11064,76,male,Hill,3,tertiary,1,0,0.0,0,0,1,0,0,29.6,126,1,0,0,0,0,0,0,7.6
47247,62,male,Nightingale,1,primary,0,0,0.0,0,1,1,0,0,31.3,124,0,0,0,0,0,0,0,8.4
96079,44,male,Nightingale,2,secondary,1,1,5.0,1,0,0,0,1,25.7,118,0,0,1,0,0,1,1,7.0
73108,60,female,Hill,2,secondary,0,1,14.8,0,0,0,1,1,25.8,133,1,0,1,1,0,0,1,9.2
16831,60,male,Nightingale,1,secondary,0,1,17.1,1,1,1,0,0,29.6,119,1,1,0,0,0,0,1,8.0
75695,42,female,Doll,4,secondary,1,0,0.0,0,0,1,0,0,16.5,115,0,0,0,0,0,0,0,4.1
54914,37,female,Doll,4,secondary,1,0,0.0,0,0,1,0,0,25.6,123,0,0,0,0,0,0,0,8.9
27415,51,female,Snow,2,secondary,0,0,0.0,0,1,0,0,0,29.2,112,0,0,0,0,0,0,0,6.1
48141,43,male,Snow,2,secondary,0,1,6.3,0,0,0,0,1,27.4,113,0,0,0,0,0,0,1,8.4
27972,61,male,Rose,2,secondary,1,0,0.0,1,1,0,0,1,23.2,104,0,0,0,0,0,0,1,4.3
45285,36,male,Rose,2,secondary,1,1,5.1,1,1,1,1,0,26.2,113,0,0,0,0,0,0,0,6.6
70398,61,male,Nightingale,4,secondary,1,0,0.0,1,0,1,1,0,27.5,132,0,0,0,0,0,0,0,6.2
68726,67,male,Rose,3,primary,1,0,0.0,1,1,1,0,0,30.8,121,0,0,0,0,0,0,1,10.0
81960,40,female,Rose,5,tertiary,0,0,0.0,0,0,1,0,0,24.2,117,1,0,0,0,0,0,0,6.7
39613,62,female,Snow,4,tertiary,1,0,0.0,0,0,0,0,0,28.7,119,0,0,0,0,0,0,0,6.0
38699,19,male,Rose,3,secondary,0,0,0.0,1,1,0,0,1,30.7,118,0,0,0,0,0,1,0,9.7
32395,56,male,Rose,4,secondary,1,1,9.2,1,0,0,0,0,25.3,103,0,0,0,0,0,0,1,6.6
17226,48,male,Snow,3,primary,0,1,9.7,0,0,0,0,0,24.1,126,0,0,0,0,0,0,0,6.3
14789,65,male,Nightingale,4,primary,1,0,0.0,0,1,0,0,0,32.6,130,0,0,0,0,0,0,1,4.1
17613,18,female,Nightingale,3,secondary,1,0,0.0,0,0,0,0,0,23.3,101,0,0,0,0,0,0,0,5.2
90601,74,female,Rose,5,tertiary,1,0,0.0,0,0,0,0,0,22.8,123,0,0,0,0,0,0,1,5.3
44447,30,male,Hill,4,tertiary,1,1,5.6,1,0,1,1,0,24.3,105,0,0,0,0,0,0,0,6.6
65056,32,male,Rose,4,secondary,1,0,0.0,0,0,1,0,0,30.3,108,0,0,0,0,0,0,1,9.4
93447,65,female,Snow,4,tertiary,1,0,0.0,0,0,0,0,0,28.3,114,0,0,0,0,0,0,1,7.8
88249,39,female,Hill,1,secondary,0,1,4.8,0,1,0,0,0,34.8,125,1,0,0,0,0,0,0,5.7
12475,18,male,Doll,2,secondary,1,0,0.0,1,1,1,0,1,28.6,95,0,0,1,0,1,0,1,6.4
30402,67,male,Snow,1,secondary,0,0,0.0,1,0,1,1,0,32.9,131,0,0,0,0,1,0,1,6.4
77600,58,female,Hill,3,tertiary,0,1,9.8,1,1,1,0,0,35.4,125,0,0,0,0,1,0,1,4.4
88184,26,female,Nightingale,4,primary,0,0,0.0,0,0,0,1,0,23.4,118,0,0,0,0,0,0,0,8.3
63273,75,female,Rose,3,secondary,1,1,21.4,1,0,1,0,0,24.6,127,0,0,0,0,0,0,0,8.2
24337,65,male,Doll,3,primary,1,0,0.0,0,1,0,0,0,31.9,113,0,0,0,0,0,0,1,5.0
48020,24,female,Rose,5,tertiary,1,0,0.0,0,0,1,0,1,24.2,99,1,0,0,0,0,1,1,4.5
43130,75,female,Rose,4,secondary,1,1,24.5,1,0,0,0,0,25.7,126,0,0,0,0,0,0,1,8.3
41021,21,female,Nightingale,4,secondary,0,0,0.0,1,0,1,0,0,29.1,109,0,0,0,0,0,0,0,8.8
57515,67,male,Snow,3,secondary,0,0,0.0,1,0,0,0,0,31.0,142,0,0,0,0,0,0,0,5.1
60640,44,female,Hill,5,tertiary,1,0,0.0,0,0,0,0,0,24.4,117,0,0,0,0,0,0,0,8.9
29519,24,female,Doll,5,tertiary,1,0,0.0,0,0,0,1,0,28.7,103,0,0,0,0,0,0,0,7.3
48162,73,female,Snow,2,secondary,1,1,10.1,0,0,0,0,1,24.4,127,1,0,0,0,0,0,0,8.6
85164,20,male,Hill,1,secondary,0,0,0.0,1,1,1,1,0,21.4,107,0,0,0,0,0,1,0,5.4
30252,78,male,Hill,2,secondary,1,0,0.0,1,0,1,0,1,37.0,124,0,0,0,0,1,0,1,5.7
84602,78,male,Rose,5,secondary,1,0,0.0,0,0,0,0,0,27.2,127,0,0,0,0,0,0,0,9.5
46251,78,male,Doll,3,secondary,1,0,0.0,0,0,0,0,0,26.8,121,1,0,0,0,0,0,0,6.0
75131,20,male,Snow,3,secondary,0,0,0.0,0,0,0,1,0,27.3,103,1,0,0,0,0,0,1,4.8
21906,59,female,Doll,5,tertiary,1,0,0.0,0,1,1,1,0,34.6,119,0,0,0,0,0,0,1,9.0
37763,58,male,Hill,3,primary,1,0,0.0,0,0,0,0,0,31.2,117,0,0,0,0,0,0,0,5.9
68337,68,female,Doll,2,primary,0,1,19.7,1,1,1,0,0,27.7,126,0,1,0,0,0,0,1,7.8
18198,63,female,Nightingale,4,secondary,1,0,0.0,0,0,1,0,0,22.3,121,0,0,0,0,1,0,0,4.8
48293,28,male,Doll,5,secondary,1,0,0.0,0,1,0,1,0,34.7,120,0,0,0,0,0,0,0,9.4
20139,22,male,Doll,3,secondary,1,0,0.0,0,0,0,1,0,31.9,105,0,0,0,0,0,0,0,7.0
37090,69,female,Rose,2,secondary,0,1,14.7,1,0,1,0,0,26.4,136,0,1,0,0,0,0,1,5.6
41807,22,female,Nightingale,2,primary,1,0,0.0,0,0,1,1,0,23.9,115,0,0,0,0,1,0,0,8.7
55323,23,female,Doll,2,secondary,0,0,0.0,0,0,1,1,0,20.3,103,0,0,1,0,0,0,0,5.1
54532,30,male,Hill,2,secondary,1,1,4.2,1,0,0,0,0,26.5,103,1,0,0,0,0,0,0,8.6
87227,39,female,Hill,2,tertiary,0,0,0.0,1,1,1,1,0,27.2,114,0,1,0,0,0,0,0,5.6
22632,64,male,Rose,2,primary,0,0,0.0,1,0,1,0,0,29.0,127,0,0,0,0,0,0,0,6.6
47581,29,female,Doll,5,tertiary,1,0,0.0,1,0,0,0,0,23.8,94,0,0,0,0,1,0,1,4.2
29818,22,male,Snow,3,secondary,0,0,0.0,1,1,0,0,0,27.7,100,0,0,0,0,0,1,0,5.5
87139,39,female,Snow,3,secondary,0,0,0.0,1,0,0,0,0,27.3,104,0,0,0,0,1,0,0,7.6
60457,26,female,Rose,2,primary,1,1,2.9,0,0,0,0,0,23.5,90,1,0,0,0,0,0,1,7.3
83614,64,male,Rose,4,tertiary,0,1,18.4,0,0,0,0,0,23.1,123,0,1,0,0,1,1,0,4.7
93803,35,male,Doll,3,secondary,1,0,0.0,0,0,1,1,0,35.0,129,1,0,1,0,0,0,1,8.2
44512,32,female,Snow,1,primary,0,0,0.0,1,0,0,0,0,25.4,90,0,0,0,0,0,0,0,6.7
69829,68,male,Snow,4,secondary,0,1,23.3,1,0,1,0,0,25.8,132,0,0,0,1,0,0,1,8.3
87481,38,female,Hill,4,secondary,1,0,0.0,0,0,1,1,0,32.0,118,0,0,0,0,0,0,1,5.2
40811,31,male,Nightingale,2,secondary,0,0,0.0,0,0,0,0,0,25.1,99,0,0,0,0,0,0,0,5.0
54617,23,male,Nightingale,2,primary,1,0,0.0,0,1,0,1,0,25.4,101,0,0,0,0,0,0,0,8.4
82300,70,female,Nightingale,1,primary,0,0,0.0,0,0,0,0,0,19.2,123,0,0,0,0,0,0,0,8.4
65728,72,female,Nightingale,5,tertiary,0,0,0.0,1,0,1,0,0,33.0,105,0,0,0,0,0,1,0,6.5
84807,52,female,Doll,3,secondary,1,0,0.0,0,0,0,1,0,24.5,130,0,0,0,0,0,0,0,5.6
80154,69,male,Nightingale,1,secondary,1,1,14.2,0,1,1,0,0,31.9,134,0,0,0,0,1,0,0,8.9
12074,34,female,Hill,5,tertiary,0,0,0.0,0,0,0,0,0,28.3,109,1,0,0,0,0,0,0,8.0
18721,40,male,Nightingale,4,secondary,1,1,7.1,0,1,0,0,0,26.8,119,0,0,0,0,0,0,0,8.8
93602,37,male,Rose,3,primary,1,0,0.0,0,0,1,1,0,24.2,128,1,0,0,0,0,0,0,4.6
22490,45,female,Hill,2,primary,1,0,0.0,0,1,0,0,1,27.5,118,0,0,1,0,0,0,0,7.4
17238,56,male,Rose,3,secondary,0,1,17.9,1,0,0,1,1,28.9,130,0,0,0,0,0,0,0,8.4
99987,46,male,Snow,3,tertiary,0,0,0.0,1,1,0,0,0,34.1,110,0,0,0,0,0,0,0,6.1
76244,21,female,Rose,5,tertiary,1,0,0.0,0,0,0,0,0,22.4,95,0,0,0,0,0,1,0,4.8
24678,66,female,Nightingale,1,secondary,1,0,0.0,1,1,0,0,1,26.3,106,0,0,0,0,0,0,1,9.1
77016,39,male,Rose,3,secondary,0,0,0.0,0,0,0,0,0,25.4,101,1,0,0,0,0,0,1,6.3
73702,20,male,Snow,1,primary,1,1,0.9,1,0,0,0,0,23.6,92,0,0,0,0,0,0,0,8.2
51508,62,male,Rose,3,secondary,1,0,0.0,0,0,0,0,0,30.1,128,0,0,0,0,0,0,0,8.9
83590,76,female,Doll,4,tertiary,0,1,21.8,0,0,1,0,0,29.4,146,1,0,0,0,0,0,0,9.3
43773,55,male,Snow,1,secondary,0,1,17.8,1,0,1,0,0,25.9,122,0,0,0,1,0,0,0,10.0
29103,52,male,Doll,4,tertiary,1,0,0.0,1,1,0,1,0,27.3,123,0,1,0,0,0,1,1,5.5
83611,60,female,Rose,5,tertiary,0,0,0.0,0,0,1,0,0,27.8,116,1,0,0,0,0,0,0,8.9
93828,18,female,Snow,3,primary,1,1,0.0,0,0,0,0,0,25.0,95,0,0,0,0,0,0,0,7.7
30770,57,female,Rose,5,secondary,1,0,0.0,0,0,1,1,0,30.2,144,0,0,0,0,0,0,0,5.3
84776,50,female,Rose,3,tertiary,1,0,0.0,1,0,0,0,0,28.7,124,0,0,0,0,0,0,0,5.8
41004,48,male,Rose,2,secondary,0,0,0.0,1,0,1,0,0,33.3,124,1,0,0,0,0,0,0,9.2
75658,46,male,Rose,4,secondary,1,0,0.0,0,0,0,0,0,22.0,113,0,0,0,0,0,0,1,4.3
45638,65,male,Nightingale,5,secondary,1,0,0.0,0,0,0,0,0,30.0,130,0,0,0,0,0,0,1,8.2
91666,35,female,Hill,5,secondary,1,0,0.0,1,0,0,0,0,31.0,112,0,0,0,0,0,0,0,4.3
98269,34,male,Doll,3,primary,1,0,0.0,0,0,1,1,0,33.7,111,0,0,0,0,0,0,0,7.0
56722,78,female,Rose,2,secondary,0,0,0.0,1,1,1,0,1,36.1,136,0,0,0,0,0,0,1,5.3
96027,55,female,Rose,5,tertiary,1,0,0.0,0,1,1,1,0,32.7,140,0,1,0,0,0,0,1,7.6
27021,22,male,Nightingale,2,secondary,0,0,0.0,0,1,0,0,0,30.9,121,0,0,0,0,0,0,0,5.1
48448,41,male,Doll,4,primary,0,0,0.0,1,0,1,1,0,24.7,123,0,0,0,0,0,0,0,8.5
19948,73,female,Rose,2,secondary,1,1,25.1,1,1,1,0,0,22.7,137,0,0,0,1,0,0,1,7.3
95208,79,male,Snow,2,primary,0,1,14.0,0,0,1,0,0,26.4,148,0,1,0,0,1,0,0,5.9
38659,73,female,Nightingale,4,secondary,1,0,0.0,0,1,1,1,0,33.9,134,0,1,0,0,0,0,1,6.0
75145,67,male,Hill,1,secondary,0,1,20.0,1,1,1,0,0,28.6,109,0,1,0,0,0,0,0,7.6
35646,23,female,Nightingale,3,primary,1,1,1.8,0,0,1,1,0,27.3,103,1,0,0,0,0,0,0,4.8
24362,68,male,Doll,5,secondary,1,0,0.0,0,0,0,0,1,29.0,131,0,0,0,0,1,0,1,5.2
24597,26,male,Rose,5,secondary,1,0,0.0,0,0,0,0,1,25.1,108,0,0,0,0,0,0,0,7.3
36226,79,male,Rose,2,secondary,1,0,0.0,0,0,1,0,0,27.9,120,0,0,0,0,0,0,0,6.4
81620,27,male,Rose,5,secondary,1,0,0.0,1,0,0,1,0,24.1,122,0,0,0,0,0,0,1,5.0
83539,39,male,Snow,3,secondary,0,0,0.0,0,1,0,1,0,24.6,131,0,0,0,0,0,0,0,7.8
95394,63,male,Hill,3,tertiary,1,0,0.0,1,0,0,0,0,35.5,146,0,1,0,0,0,0,1,5.5
81494,25,male,Snow,2,tertiary,0,1,1.8,1,0,0,1,0,25.5,113,0,0,0,0,0,0,0,6.4
10475,29,male,Hill,4,secondary,0,1,2.4,1,0,0,0,1,24.1,106,0,0,0,0,0,0,0,5.7
74881,34,male,Snow,3,secondary,0,0,0.0,1,0,0,0,0,21.3,101,0,0,0,0,0,0,0,4.6
53236,44,female,Doll,4,primary,1,0,0.0,1,0,1,0,0,21.6,107,0,0,0,0,0,0,0,7.6
58605,68,male,Doll,3,primary,1,0,0.0,0,0,1,0,0,32.9,122,0,0,0,0,0,0,1,8.6
93550,67,female,Snow,1,primary,0,1,11.4,1,0,1,0,0,28.4,127,0,0,0,0,0,0,0,7.7
13057,28,female,Rose,2,secondary,0,0,0.0,0,1,0,0,1,25.7,102,0,0,0,0,0,0,0,8.1
96065,31,female,Hill,2,secondary,0,0,0.0,0,1,1,0,1,29.3,91,0,0,0,0,0,0,1,8.0
39745,57,female,Nightingale,1,primary,1,0,0.0,0,0,1,0,0,28.0,107,0,0,0,0,1,0,1,8.5
46865,66,female,Rose,3,tertiary,0,0,0.0,0,0,1,0,0,32.2,130,0,0,0,0,0,0,0,7.5
84539,27,male,Hill,3,secondary,1,0,0.0,1,1,1,0,0,25.5,101,0,0,0,0,0,1,0,6.2
46169,65,male,Doll,4,tertiary,1,0,0.0,0,0,1,0,0,32.0,115,0,0,0,0,0,1,1,5.3
96290,35,male,Snow,4,secondary,0,0,0.0,0,0,1,0,0,25.1,102,0,0,0,0,0,1,0,6.1
34690,64,male,Rose,3,secondary,1,0,0.0,0,0,0,0,0,25.9,131,0,0,0,0,0,0,0,6.6
47715,35,male,Rose,4,secondary,0,1,4.5,0,0,0,0,0,28.1,118,0,0,0,0,0,0,0,7.6
11022,43,female,Snow,3,secondary,0,0,0.0,1,0,1,0,0,31.8,111,0,0,0,0,0,0,0,4.4
18367,47,female,Hill,3,tertiary,1,1,7.4,1,1,0,0,0,27.9,130,1,0,0,0,0,0,0,7.0
34058,70,male,Doll,5,tertiary,0,0,0.0,0,0,1,0,1,23.8,124,1,0,0,0,1,0,1,9.6
74959,19,male,Nightingale,4,primary,0,1,0.4,0,1,0,1,0,29.1,106,0,0,0,0,0,0,0,7.3
45081,35,female,Nightingale,2,secondary,0,1,3.0,1,0,0,0,0,22.9,97,1,0,0,0,0,0,0,9.6
61700,76,male,Snow,3,primary,1,0,0.0,1,1,1,0,1,28.8,142,0,0,0,0,0,0,1,4.3
66915,59,male,Doll,4,tertiary,0,0,0.0,0,1,1,0,0,30.7,121,1,0,0,0,0,0,0,9.7
38173,71,male,Doll,4,secondary,1,0,0.0,0,1,0,0,1,28.9,114,0,1,0,0,1,0,1,4.3
18069,67,male,Nightingale,1,primary,0,0,0.0,0,1,1,0,1,31.5,144,0,0,0,0,1,0,0,9.3
82255,51,male,Snow,1,primary,1,0,0.0,0,0,1,1,0,22.1,114,1,0,0,0,0,0,1,8.8
15472,20,female,Hill,4,tertiary,0,0,0.0,0,1,0,1,0,29.0,114,0,0,0,0,0,0,0,8.5
11686,42,female,Nightingale,4,tertiary,1,1,12.1,0,1,1,0,0,29.9,113,0,0,0,0,0,0,0,6.1
48635,40,female,Hill,3,tertiary,0,0,0.0,0,0,0,0,0,20.2,117,0,0,0,0,0,0,0,7.9
51625,72,female,Doll,4,secondary,1,0,0.0,0,0,1,0,1,29.4,132,0,0,0,0,0,0,0,9.5
58803,73,male,Hill,4,tertiary,1,0,0.0,0,0,0,1,0,27.3,121,0,0,0,0,0,0,0,9.3
90425,67,male,Snow,1,secondary,1,1,19.3,0,1,1,0,0,31.5,128,0,0,0,0,0,0,1,5.9
81932,27,male,Hill,2,tertiary,1,0,0.0,1,0,0,0,0,23.3,91,1,0,0,0,0,0,1,8.5
39256,66,female,Hill,3,primary,1,1,15.3,0,0,0,1,0,24.4,141,0,0,0,0,0,0,0,7.5
95127,77,female,Hill,4,secondary,0,0,0.0,1,1,0,0,1,25.1,122,0,0,0,0,0,0,0,5.0
87889,31,female,Rose,4,primary,0,0,0.0,0,1,0,0,0,22.6,117,0,0,0,0,0,0,0,6.9
78790,60,male,Doll,3,tertiary,0,1,12.6,1,0,0,0,0,27.8,138,0,0,0,0,1,0,1,9.9
24566,37,male,Nightingale,2,tertiary,1,0,0.0,0,0,1,1,0,26.6,125,0,0,0,0,0,0,1,7.7
96521,32,male,Hill,4,primary,1,0,0.0,0,1,0,1,0,29.9,111,0,0,0,0,0,0,0,5.7
59239,73,male,Snow,3,primary,0,0,0.0,0,0,1,0,0,33.2,138,0,1,0,0,1,0,1,5.2
31217,29,male,Snow,2,secondary,1,0,0.0,1,1,1,1,0,22.3,103,0,0,0,0,0,0,0,5.2
15343,68,female,Doll,3,tertiary,0,0,0.0,0,1,0,0,0,25.6,127,0,0,0,0,0,0,0,9.5
67342,30,male,Doll,5,tertiary,1,0,0.0,0,0,0,0,0,25.8,102,0,0,1,0,0,0,1,7.4
41628,26,male,Snow,1,primary,0,1,2.9,1,0,0,0,1,29.8,90,0,0,0,1,0,0,1,8.8
28051,41,female,Doll,4,secondary,1,0,0.0,0,1,1,1,0,25.3,113,0,0,0,0,0,0,0,6.0
46825,79,female,Rose,5,tertiary,1,0,0.0,1,0,1,0,1,29.1,128,0,0,0,0,0,0,0,9.4
66264,55,male,Doll,5,tertiary,1,0,0.0,1,1,1,1,0,26.1,120,0,0,0,0,0,0,1,7.8
81476,62,male,Nightingale,4,secondary,0,1,14.0,0,0,1,0,0,29.9,133,0,0,0,0,0,0,0,5.0
80190,68,female,Snow,1,primary,0,0,0.0,1,1,0,0,0,28.9,125,0,0,1,0,0,0,1,6.9
27541,19,male,Rose,3,tertiary,1,0,0.0,1,1,0,0,0,28.9,105,0,0,0,0,0,0,0,6.1
34389,37,male,Nightingale,2,secondary,0,1,7.9,1,0,0,1,0,27.1,109,0,0,0,0,0,0,0,9.2
26423,57,female,Hill,1,secondary,0,1,14.8,1,1,1,0,0,30.1,138,0,0,0,0,0,0,0,9.2
20193,27,male,Hill,5,tertiary,1,1,3.0,0,0,1,0,1,25.7,105,0,0,0,0,0,0,0,6.1
26749,49,male,Snow,2,secondary,0,0,0.0,1,1,1,0,0,27.9,114,0,0,0,0,0,0,0,7.1
82281,71,female,Hill,2,secondary,0,1,12.4,1,0,0,0,1,28.1,122,0,0,0,0,0,0,0,8.8
44957,71,female,Rose,4,secondary,1,0,0.0,0,0,1,0,1,26.1,124,0,0,0,0,0,0,0,6.4
72259,21,female,Snow,3,secondary,1,0,0.0,0,0,1,0,1,22.7,106,1,0,0,0,0,0,0,8.3
73375,45,female,Snow,1,secondary,0,1,5.6,1,1,0,0,0,25.3,127,0,0,0,0,0,0,0,9.4
29934,76,male,Snow,4,primary,1,0,0.0,0,0,1,0,0,22.4,124,1,0,0,0,0,0,0,6.0
66849,54,male,Doll,4,primary,1,1,8.7,1,0,1,0,0,21.0,120,1,0,0,0,0,0,1,8.1
61227,77,female,Snow,2,primary,0,0,0.0,1,0,1,0,0,34.0,125,0,0,0,0,1,0,1,7.0
26730,74,female,Nightingale,5,tertiary,1,0,0.0,1,1,1,0,1,33.9,123,1,0,1,0,1,0,1,8.0
53625,44,female,Doll,2,secondary,0,1,12.2,0,1,0,0,0,33.2,121,0,0,0,0,0,0,1,4.0
89385,41,male,Rose,4,secondary,1,0,0.0,0,0,0,0,0,25.4,114,0,0,0,0,0,0,0,8.3
38842,32,male,Doll,5,secondary,1,0,0.0,0,0,1,1,0,23.0,109,0,0,1,0,0,0,1,6.8
13374,57,male,Snow,2,tertiary,0,0,0.0,1,1,1,0,0,34.1,122,0,0,0,0,0,0,0,4.8
44348,42,male,Snow,2,primary,0,1,11.5,1,0,0,1,0,25.0,124,0,0,0,0,0,0,0,6.3
75913,23,male,Nightingale,4,secondary,1,0,0.0,0,0,0,0,0,25.0,103,0,0,0,0,0,0,0,9.4
16745,72,male,Rose,5,tertiary,1,0,0.0,0,1,1,0,0,28.9,148,0,0,0,0,0,1,1,4.5
95595,36,female,Snow,4,secondary,1,0,0.0,1,0,0,0,0,24.9,93,0,0,0,0,0,0,0,5.2
16570,37,female,Rose,4,tertiary,1,0,0.0,0,0,1,0,1,29.7,113,0,0,0,0,0,0,0,7.5
28085,27,male,Rose,3,secondary,1,0,0.0,1,0,1,1,1,28.9,113,1,1,0,0,0,1,1,6.9
27157,59,female,Snow,4,secondary,1,0,0.0,1,0,0,1,0,21.5,127,0,0,0,0,0,1,0,8.7
73289,19,male,Nightingale,2,secondary,0,1,0.5,1,0,1,1,0,29.1,101,0,0,0,0,0,0,0,6.4
88877,51,male,Hill,4,secondary,0,0,0.0,0,0,1,0,0,26.4,128,0,1,0,0,0,0,0,7.4
63383,40,female,Doll,3,secondary,0,0,0.0,0,1,0,0,1,29.9,96,0,0,0,0,0,0,0,7.5
74594,21,male,Rose,2,secondary,0,1,1.0,0,0,0,1,0,23.2,109,0,0,0,0,0,0,0,5.5
91609,70,male,Snow,4,tertiary,1,0,0.0,1,1,1,0,1,28.8,132,0,0,0,0,0,0,0,9.9
48223,55,female,Hill,3,secondary,1,0,0.0,0,0,0,1,0,23.1,109,0,0,0,0,0,0,0,6.8
60490,45,male,Snow,2,tertiary,0,0,0.0,0,0,0,0,1,23.4,95,0,0,1,0,0,1,0,8.0
32578,68,female,Doll,5,tertiary,1,0,0.0,0,0,0,0,0,27.4,133,1,1,0,0,0,0,1,7.8
35872,62,male,Hill,3,secondary,1,0,0.0,1,0,1,0,0,31.7,130,0,0,0,0,0,0,0,9.6
46634,58,male,Snow,4,secondary,1,0,0.0,1,0,1,0,0,32.7,123,0,1,0,0,0,0,1,9.2
99567,46,female,Rose,5,tertiary,1,1,8.3,0,0,1,1,1,35.3,134,0,0,0,0,0,0,0,8.1
90232,58,female,Doll,5,secondary,1,0,0.0,1,1,0,0,0,29.9,138,0,0,0,0,0,1,1,9.8
34867,29,male,Doll,5,secondary,1,0,0.0,1,0,1,0,0,22.8,98,0,0,0,0,0,0,1,9.6
42202,47,male,Snow,4,secondary,1,0,0.0,1,0,1,0,1,30.3,125,0,0,0,0,0,0,0,8.3
88366,73,male,Hill,1,secondary,0,1,23.9,0,0,0,0,1,29.9,132,1,1,1,1,0,0,1,7.2
80214,59,female,Nightingale,4,secondary,1,0,0.0,1,0,1,0,0,29.5,133,0,0,0,0,0,0,0,9.4
43984,30,male,Rose,4,secondary,1,0,0.0,1,1,0,0,0,29.2,95,0,0,0,0,0,0,0,7.6
25675,71,male,Hill,3,secondary,1,0,0.0,1,0,1,0,0,31.6,130,0,0,0,0,0,1,1,5.4
57155,41,female,Snow,1,secondary,0,1,10.7,1,0,0,0,0,23.1,111,0,0,0,0,0,0,0,5.9
32894,29,male,Rose,5,tertiary,1,0,0.0,1,1,0,1,0,25.4,114,0,0,0,0,0,0,0,4.4
67419,19,male,Rose,3,secondary,1,0,0.0,0,1,1,0,1,31.2,90,0,0,0,0,0,1,0,6.9
83687,48,male,Rose,4,secondary,1,0,0.0,1,1,0,1,0,21.7,123,1,0,0,0,0,1,0,5.6
66106,36,female,Snow,2,primary,0,0,0.0,1,1,1,0,0,33.2,114,0,0,0,0,0,0,0,6.3
24780,78,male,Doll,3,secondary,0,0,0.0,0,0,0,0,1,31.3,138,0,0,0,0,0,0,0,6.9
12528,69,male,Nightingale,4,tertiary,1,0,0.0,0,0,1,0,0,27.1,126,0,0,0,0,1,0,0,8.3
13211,63,female,Rose,2,secondary,0,0,0.0,0,0,0,0,0,30.6,124,0,0,0,0,0,0,0,5.9
72033,75,female,Hill,1,primary,1,0,0.0,0,0,0,0,0,26.7,129,1,0,0,0,0,0,0,7.4
22848,53,female,Rose,5,tertiary,1,0,0.0,0,0,1,0,0,30.3,98,0,0,0,0,0,0,0,9.9
17242,40,male,Rose,4,secondary,1,0,0.0,0,0,1,0,0,25.9,124,0,0,0,0,0,0,0,6.5
87974,21,female,Hill,2,secondary,1,0,0.0,1,0,0,0,1,29.0,103,0,0,0,0,0,0,0,7.7
22379,79,female,Rose,5,secondary,1,0,0.0,0,0,0,1,0,25.3,142,0,0,0,0,1,0,1,7.3
68764,44,male,Doll,4,tertiary,0,0,0.0,1,0,0,1,0,21.9,114,0,0,0,0,0,0,1,5.7
91738,59,male,Nightingale,5,tertiary,1,0,0.0,0,0,1,0,0,25.9,118,0,0,0,0,0,0,0,4.4
85410,28,male,Hill,4,secondary,1,0,0.0,1,0,0,0,1,22.3,114,0,0,1,0,0,0,1,7.7
79993,29,female,Hill,2,secondary,1,0,0.0,0,1,0,0,0,27.4,90,0,0,0,0,0,0,0,7.8
63210,32,male,Doll,4,tertiary,0,0,0.0,0,0,1,0,1,27.3,100,1,0,0,0,0,0,0,6.1
50990,24,male,Hill,4,primary,1,0,0.0,0,0,0,1,0,25.6,102,0,0,0,0,0,0,1,4.5
81363,24,female,Rose,2,primary,0,1,3.0,0,0,0,0,0,16.7,108,0,0,0,0,0,0,0,4.7
26663,43,female,Nightingale,2,secondary,1,1,7.1,1,1,1,0,0,31.2,107,1,0,0,0,0,0,0,5.0
32157,26,female,Rose,5,secondary,1,0,0.0,0,0,0,1,1,28.3,96,0,0,1,0,0,0,1,8.7
94212,27,male,Nightingale,4,secondary,0,0,0.0,0,0,0,0,0,28.9,106,0,0,1,0,0,0,0,8.4
66945,77,male,Rose,4,tertiary,1,0,0.0,0,0,0,0,0,23.4,121,0,0,0,0,0,0,0,6.5
50130,55,male,Snow,4,tertiary,0,0,0.0,1,0,0,0,0,27.0,131,0,0,0,0,0,0,0,4.6
64624,69,female,Doll,2,primary,0,1,18.3,1,0,1,0,1,26.3,131,0,0,0,0,0,1,1,6.7
75297,68,male,Snow,2,tertiary,1,1,17.6,0,1,0,0,0,34.9,142,0,0,0,0,0,0,0,6.8
57837,33,male,Nightingale,5,secondary,1,0,0.0,0,0,0,0,0,23.3,109,0,0,0,0,0,0,0,4.7
15984,73,male,Doll,4,secondary,1,0,0.0,1,0,0,0,1,20.7,122,0,0,0,0,0,0,1,7.3
69397,26,male,Hill,4,tertiary,1,0,0.0,0,1,0,1,0,32.4,112,0,0,0,0,0,0,0,9.9
34805,25,female,Nightingale,1,primary,1,0,0.0,0,1,0,0,1,28.5,96,1,0,0,0,0,0,0,5.0
40774,71,male,Hill,3,primary,1,0,0.0,1,0,1,0,0,33.2,141,0,1,0,0,1,0,0,4.4
80219,51,male,Rose,2,secondary,1,0,0.0,0,1,0,1,0,28.9,122,1,1,0,0,0,0,1,6.7
25880,71,male,Rose,5,tertiary,1,0,0.0,0,0,1,0,0,33.0,114,0,0,1,0,0,0,1,6.6
37529,40,male,Nightingale,1,primary,0,0,0.0,0,1,0,0,0,23.8,111,0,0,0,0,0,0,0,9.6
22906,41,female,Snow,1,secondary,0,1,8.7,1,0,1,1,0,26.3,120,0,0,0,0,0,0,0,6.4
31715,59,male,Nightingale,3,secondary,0,1,10.8,1,1,1,0,0,31.3,122,0,0,0,0,0,0,1,7.8
83144,56,female,Snow,3,tertiary,1,1,8.9,0,0,1,0,0,27.0,127,1,0,0,0,0,0,0,7.6
87553,20,male,Rose,5,tertiary,0,0,0.0,0,0,0,1,0,23.6,105,0,0,1,0,0,0,1,8.8
77271,33,female,Hill,3,secondary,0,0,0.0,1,0,1,0,0,32.2,102,0,0,0,0,0,0,0,4.3
95742,67,male,Doll,5,tertiary,1,0,0.0,0,0,0,0,0,26.1,128,0,1,0,0,0,0,0,4.4
79010,47,female,Doll,5,tertiary,1,1,15.1,0,1,0,0,1,28.3,118,0,0,0,0,0,0,1,7.7
93073,57,male,Snow,5,secondary,1,1,12.3,1,0,1,1,0,31.5,126,0,0,0,0,0,0,0,9.4
41736,30,male,Hill,3,secondary,0,0,0.0,1,0,1,1,0,24.1,120,0,0,0,0,0,0,0,4.9
42476,58,female,Snow,3,tertiary,0,0,0.0,1,1,0,0,1,32.0,111,0,0,0,0,0,0,0,5.4
72180,37,male,Doll,4,secondary,0,0,0.0,0,0,1,0,0,29.7,121,0,0,0,0,0,0,0,4.7
54393,55,male,Snow,4,primary,1,0,0.0,0,0,0,0,0,26.6,117,0,0,0,0,0,0,0,5.8
30158,53,male,Nightingale,4,tertiary,1,0,0.0,0,0,1,0,0,22.9,102,0,0,0,0,0,0,1,7.0
22108,47,male,Doll,5,tertiary,0,0,0.0,1,0,1,0,0,28.6,116,1,0,0,0,0,0,0,7.2
16691,75,male,Doll,5,secondary,1,0,0.0,0,1,1,0,1,27.6,136,1,1,0,0,1,1,1,9.3
22160,49,female,Rose,5,tertiary,1,0,0.0,0,0,1,0,0,27.0,104,0,0,0,0,0,0,0,8.6
28110,70,female,Rose,2,secondary,1,1,12.6,0,0,0,0,0,29.2,139,1,0,0,0,0,0,1,6.7
23898,50,female,Nightingale,2,primary,1,0,0.0,0,1,1,1,0,35.5,118,0,0,0,0,0,1,0,7.3
90473,61,female,Hill,4,primary,1,0,0.0,0,1,0,0,0,24.4,130,0,0,0,0,0,0,0,7.8
24934,77,female,Hill,3,secondary,1,0,0.0,0,0,0,0,0,26.9,131,0,0,0,0,0,0,0,8.1
38137,59,female,Hill,3,tertiary,1,0,0.0,0,1,0,0,1,28.2,128,0,0,0,0,0,0,0,8.8
35820,78,female,Hill,4,secondary,1,0,0.0,1,1,0,0,1,34.6,140,0,0,1,0,0,0,1,8.7
65749,53,female,Doll,3,tertiary,0,0,0.0,0,1,0,0,0,27.6,114,0,0,0,0,0,0,0,5.5
19062,63,male,Rose,3,tertiary,1,0,0.0,0,0,1,0,1,28.1,122,1,0,0,0,0,0,1,5.8
77131,19,female,Hill,2,secondary,0,0,0.0,0,0,1,1,0,37.4,113,0,0,0,0,0,0,0,9.5
66693,78,female,Snow,4,secondary,0,1,25.4,0,0,0,0,0,23.8,110,0,0,0,0,0,0,0,5.3
79202,26,male,Rose,3,secondary,1,1,3.6,0,0,0,1,0,23.2,120,0,0,0,0,0,0,0,9.2
55157,79,male,Hill,4,secondary,0,0,0.0,0,0,0,1,0,28.2,122,1,0,0,0,0,0,1,9.5
15133,58,female,Nightingale,3,secondary,0,0,0.0,0,0,1,1,0,29.8,121,0,0,0,0,0,0,0,7.8
40033,66,male,Snow,3,secondary,1,0,0.0,0,0,1,0,0,29.5,133,0,0,0,0,0,0,0,6.1
50895,34,male,Doll,4,secondary,1,0,0.0,0,0,0,1,0,30.3,117,0,0,0,0,0,0,0,9.0
49316,46,female,Doll,2,secondary,0,0,0.0,0,0,1,0,0,29.3,113,1,0,0,0,0,0,0,4.1
65213,61,male,Rose,4,secondary,1,0,0.0,1,1,1,0,0,36.3,125,0,0,0,0,1,0,1,7.6
92973,18,female,Hill,2,tertiary,0,0,0.0,0,0,1,0,0,25.2,105,1,0,0,0,0,0,0,6.2
21066,50,female,Rose,4,tertiary,0,1,6.1,0,0,1,0,0,25.0,111,0,0,0,0,0,0,0,9.5
99858,60,female,Doll,3,secondary,1,0,0.0,0,1,0,0,0,30.2,127,0,0,0,0,0,0,1,6.8
79362,51,female,Doll,5,secondary,0,0,0.0,0,0,0,1,0,23.9,121,1,0,0,0,0,0,0,4.3
14360,26,female,Snow,4,secondary,1,0,0.0,0,0,0,1,0,24.5,104,0,0,0,0,0,0,0,7.5
87051,26,male,Rose,2,tertiary,0,0,0.0,0,1,0,1,0,32.5,115,0,0,0,0,0,0,0,4.9
45048,65,female,Hill,2,secondary,0,0,0.0,1,1,1,1,1,33.8,118,0,0,0,0,0,1,0,9.9
70282,29,female,Snow,2,secondary,1,0,0.0,1,1,0,0,0,22.3,107,0,0,0,0,0,0,1,7.0
31502,36,female,Nightingale,4,secondary,0,0,0.0,0,0,1,1,0,24.4,98,0,0,0,0,0,1,0,4.6
86470,20,female,Nightingale,3,secondary,0,0,0.0,0,0,1,0,0,34.7,117,0,0,0,0,0,0,0,9.8
90134,60,male,Snow,1,primary,0,0,0.0,0,1,1,0,0,26.0,138,1,0,0,0,0,0,0,6.3
94539,67,male,Snow,3,secondary,0,0,0.0,0,0,1,0,0,30.8,129,0,0,0,0,0,0,0,8.4
55328,76,male,Hill,5,tertiary,1,1,17.1,1,0,0,0,0,26.4,128,1,0,1,1,0,0,1,6.2
17838,33,male,Hill,5,tertiary,1,0,0.0,1,0,1,1,1,22.1,104,0,0,1,0,0,0,1,5.9
33881,36,male,Doll,2,primary,0,1,9.4,1,0,1,1,1,30.7,126,0,0,0,0,1,0,0,7.6
43992,54,female,Hill,3,tertiary,0,0,0.0,1,0,0,0,1,22.2,109,0,0,0,0,0,0,0,5.0
85477,23,male,Hill,3,secondary,1,0,0.0,0,1,0,1,1,23.0,115,0,0,0,0,0,0,0,4.2
49271,52,female,Hill,4,secondary,0,0,0.0,0,0,0,1,0,27.1,125,0,0,1,0,0,0,0,5.1
82578,25,male,Doll,4,tertiary,1,0,0.0,0,0,0,1,0,33.1,118,1,0,0,0,0,0,0,6.4
20417,41,female,Hill,5,secondary,1,0,0.0,0,0,0,1,0,22.9,104,1,0,0,0,0,0,0,4.9
24603,62,male,Snow,2,secondary,0,0,0.0,1,0,1,0,0,32.0,116,0,0,0,0,1,0,0,5.0
79746,65,female,Snow,3,secondary,0,0,0.0,1,1,0,0,0,34.7,148,0,0,0,0,0,0,0,6.4
32648,61,male,Rose,3,tertiary,1,0,0.0,1,0,1,0,0,30.4,150,0,0,0,0,0,0,0,6.1
81951,35,male,Rose,5,tertiary,1,0,0.0,0,0,0,0,1,26.5,104,1,0,0,0,0,0,0,4.2
76743,40,male,Hill,4,primary,1,0,0.0,1,1,0,1,0,23.2,118,0,0,0,0,0,0,0,6.7
70723,79,male,Nightingale,5,tertiary,1,0,0.0,0,1,1,0,1,29.3,130,0,0,0,0,1,0,0,4.5
40331,41,female,Nightingale,5,tertiary,1,0,0.0,0,1,0,1,0,30.7,135,0,0,0,0,0,0,0,5.5
45576,29,male,Nightingale,3,secondary,1,0,0.0,1,0,0,1,0,26.5,109,0,0,0,0,0,0,0,5.0
84157,42,female,Doll,3,secondary,1,1,9.5,0,1,0,1,0,28.5,130,0,0,0,0,0,1,1,6.2
45102,69,male,Nightingale,3,primary,1,0,0.0,1,0,0,0,1,27.7,124,0,0,0,0,0,1,1,4.7
69674,53,male,Rose,3,secondary,0,1,8.8,1,0,0,0,0,25.6,119,0,0,0,0,0,0,0,4.4
80095,27,female,Hill,4,tertiary,0,0,0.0,0,0,1,1,0,27.1,111,0,0,0,0,0,0,0,9.2
44378,63,male,Doll,3,secondary,1,0,0.0,0,0,1,0,1,28.8,104,0,0,0,0,0,0,0,7.7
66314,58,male,Doll,2,secondary,1,0,0.0,0,0,1,0,0,29.4,129,0,0,0,1,0,0,1,5.4
13413,64,male,Hill,2,tertiary,0,0,0.0,0,0,1,0,0,28.9,127,0,0,0,0,1,1,1,4.7
50699,57,female,Hill,3,secondary,0,0,0.0,1,0,0,0,0,24.8,116,1,0,0,0,0,0,0,7.7
31772,22,female,Nightingale,3,secondary,1,0,0.0,0,0,0,0,0,27.4,92,0,0,0,0,0,0,0,9.7
31512,68,male,Nightingale,3,secondary,1,1,19.5,1,0,0,0,0,26.9,121,0,0,0,1,0,0,1,7.8
97555,37,female,Rose,3,secondary,1,0,0.0,1,1,1,0,0,27.0,115,0,0,0,0,0,0,0,4.3
68875,52,male,Rose,2,primary,0,0,0.0,0,1,0,0,0,26.2,140,0,0,0,0,0,0,0,9.2
61770,53,female,Hill,2,secondary,1,0,0.0,0,0,0,0,0,31.7,133,0,0,1,0,0,0,1,8.4
13748,35,female,Rose,4,tertiary,1,0,0.0,0,0,1,0,0,31.3,105,0,0,0,0,0,0,0,8.4
38785,39,male,Doll,2,secondary,1,0,0.0,1,0,0,0,0,24.8,105,0,0,0,0,0,0,1,4.0
85512,69,female,Rose,5,tertiary,1,0,0.0,1,0,0,0,1,24.5,132,0,0,0,0,0,0,0,4.2
14496,48,female,Snow,2,primary,1,0,0.0,1,0,1,1,1,28.7,122,0,0,0,0,0,0,0,8.1
36272,62,female,Doll,4,primary,1,0,0.0,0,1,0,0,0,29.1,118,0,0,0,0,0,0,0,7.3
28198,64,male,Hill,1,secondary,0,1,23.8,0,1,0,0,0,30.3,119,0,0,0,0,0,0,1,8.8
37197,51,female,Hill,5,tertiary,1,0,0.0,1,1,0,0,0,31.9,116,1,0,0,0,0,0,0,7.2
36942,26,male,Nightingale,3,tertiary,1,0,0.0,0,1,1,1,1,28.1,105,0,0,0,0,0,0,1,7.7
47049,32,male,Doll,4,tertiary,0,1,5.1,0,0,1,0,0,24.3,100,0,0,0,0,0,0,0,7.4
16838,55,female,Doll,4,secondary,1,0,0.0,1,0,0,1,0,32.1,133,0,0,0,0,0,0,0,6.0
16060,68,male,Hill,2,secondary,0,1,14.2,1,1,0,0,0,26.7,131,0,0,0,0,1,0,0,5.5
96210,31,male,Rose,2,secondary,1,0,0.0,0,0,1,0,1,25.7,90,0,0,0,0,0,0,0,9.6
81275,21,female,Doll,3,secondary,0,0,0.0,0,0,1,0,0,23.3,108,0,0,0,0,0,0,0,7.5
86518,60,female,Nightingale,4,tertiary,1,1,11.2,1,0,1,0,0,25.0,128,0,1,0,0,0,0,1,4.8
56782,71,female,Snow,4,secondary,1,0,0.0,1,0,0,0,0,23.6,130,0,0,0,0,0,0,0,7.5
30438,48,male,Nightingale,3,secondary,0,0,0.0,0,1,1,0,0,30.8,113,0,0,0,0,1,0,1,6.1
99880,64,female,Doll,4,tertiary,0,1,17.6,0,0,1,1,0,23.6,117,0,1,0,0,0,0,1,6.9
62427,21,male,Rose,3,secondary,0,0,0.0,0,1,0,0,0,27.5,104,0,0,0,0,0,0,0,9.1
96895,27,female,Hill,3,secondary,0,0,0.0,1,1,0,1,0,25.1,127,0,0,0,0,0,0,0,6.4
49966,66,male,Snow,4,tertiary,1,0,0.0,1,0,1,0,0,30.1,135,1,0,0,0,0,0,1,5.0
51876,29,female,Nightingale,3,secondary,0,0,0.0,0,0,1,0,1,28.8,114,0,0,0,0,0,0,0,4.8
54224,26,male,Hill,4,secondary,1,0,0.0,1,1,1,1,0,35.1,117,0,0,0,0,0,1,0,5.7
24485,30,female,Nightingale,4,secondary,1,0,0.0,0,0,0,0,0,26.7,92,0,0,0,0,0,0,0,8.1
13573,21,male,Snow,1,primary,0,0,0.0,1,1,1,0,0,33.0,115,1,1,0,0,0,0,1,8.9
21932,21,female,Snow,3,secondary,0,0,0.0,0,1,0,0,0,25.2,101,0,0,0,0,0,1,0,9.9
99505,46,male,Rose,5,tertiary,1,1,5.9,0,0,1,1,0,17.6,113,0,0,0,0,0,0,0,5.8
52198,22,male,Nightingale,1,secondary,0,0,0.0,0,1,0,0,0,29.4,107,0,0,0,0,0,0,0,8.3
83797,51,female,Hill,3,secondary,0,1,9.3,0,0,0,0,0,31.9,126,0,0,0,0,0,0,0,5.3
12689,42,male,Snow,1,primary,1,0,0.0,1,0,0,0,0,18.5,103,0,0,0,0,0,0,0,9.5
65143,48,male,Nightingale,1,primary,0,0,0.0,1,0,1,0,0,32.5,116,1,0,0,0,0,0,0,5.2
87992,20,female,Snow,3,secondary,1,1,0.7,0,1,1,1,0,28.1,94,0,0,0,0,0,0,0,4.8
73466,41,male,Snow,2,secondary,1,1,9.5,0,0,1,0,0,31.6,128,1,0,0,0,0,0,0,4.5
99899,47,male,Snow,1,primary,0,0,0.0,0,0,1,0,0,24.7,111,0,0,0,0,0,0,0,9.4
11754,65,male,Doll,3,secondary,1,1,10.0,0,1,1,0,1,27.2,145,0,1,0,0,0,0,1,5.8
13560,41,male,Snow,2,secondary,0,0,0.0,1,1,1,1,0,34.5,122,0,0,0,0,0,0,0,7.5
15724,74,male,Nightingale,3,primary,1,0,0.0,0,0,0,0,0,33.0,142,0,0,0,0,0,0,0,4.7
18551,69,female,Doll,5,tertiary,1,0,0.0,0,0,0,0,0,23.7,117,0,0,0,0,0,0,1,7.0
63975,62,female,Nightingale,3,primary,1,0,0.0,0,0,0,0,1,25.4,118,0,0,0,1,0,0,0,7.8
65863,72,female,Hill,4,tertiary,0,0,0.0,0,0,1,0,1,33.1,139,0,1,0,0,1,0,1,6.3
95540,31,male,Doll,3,secondary,0,0,0.0,0,0,0,0,0,24.2,111,1,0,0,0,0,0,0,4.6
56450,58,female,Snow,1,tertiary,0,1,11.5,1,1,0,0,0,21.3,114,1,1,0,0,0,0,0,6.7
59500,46,female,Hill,1,tertiary,0,0,0.0,1,1,0,0,0,30.3,126,0,0,0,0,0,0,0,8.8
67695,40,male,Rose,5,tertiary,1,0,0.0,1,0,0,0,0,30.7,130,0,0,0,0,0,0,0,8.6
28215,55,male,Doll,2,secondary,0,1,14.0,0,0,1,0,0,28.2,107,1,0,0,0,1,0,1,7.5
62040,74,male,Doll,5,secondary,1,0,0.0,1,0,1,1,0,24.6,114,0,0,0,0,0,0,1,8.7
47006,39,female,Nightingale,3,tertiary,1,1,9.8,0,0,0,0,0,26.7,106,0,0,0,0,0,0,0,7.6
41953,45,female,Rose,5,secondary,1,0,0.0,0,0,1,0,0,27.2,113,1,0,0,0,0,0,0,5.3
88878,57,female,Snow,2,secondary,1,1,18.2,0,1,1,0,0,29.8,130,0,0,0,0,0,0,0,6.0
58570,41,male,Hill,3,primary,0,0,0.0,0,0,0,0,0,27.0,112,0,0,1,0,0,0,1,4.6
99933,58,male,Snow,2,secondary,0,1,11.6,1,0,0,0,0,28.8,136,0,0,0,0,0,0,0,8.9
18825,47,male,Hill,1,primary,0,0,0.0,1,1,1,0,0,30.6,118,0,0,0,0,1,0,1,4.1
78873,54,male,Doll,5,secondary,1,1,8.0,1,1,0,0,1,35.6,129,0,0,0,0,0,0,0,8.7
72742,43,male,Nightingale,1,primary,0,1,10.6,1,0,0,0,0,27.2,116,0,0,0,0,0,0,0,9.0
41006,30,male,Rose,3,secondary,0,0,0.0,0,0,0,0,0,24.4,111,0,0,0,0,0,0,0,8.5
92211,46,female,Doll,5,tertiary,1,1,5.4,0,0,0,0,0,24.5,100,0,0,0,0,1,0,1,4.7
65669,34,female,Snow,3,secondary,1,0,0.0,0,1,0,0,0,24.7,111,0,0,0,0,0,0,0,6.2
29414,52,male,Hill,5,tertiary,1,0,0.0,0,0,0,1,0,21.3,118,1,0,0,0,0,0,1,6.7
34534,54,female,Rose,5,secondary,1,0,0.0,1,0,1,0,0,25.9,123,0,0,0,0,0,0,0,8.7
34920,45,female,Doll,5,secondary,1,0,0.0,1,0,1,1,0,27.7,142,0,0,0,0,0,0,1,7.3
74989,48,female,Doll,3,secondary,1,0,0.0,0,0,1,1,0,24.8,116,0,0,0,0,0,0,0,5.6
63193,27,female,Snow,3,primary,1,0,0.0,0,0,0,1,1,31.4,117,0,0,0,0,0,0,0,4.7
74778,28,female,Rose,5,tertiary,0,0,0.0,0,0,0,1,0,30.5,120,0,0,0,0,0,0,0,6.0
59633,30,male,Nightingale,4,secondary,0,0,0.0,1,0,0,1,0,21.8,108,1,0,0,0,0,0,0,5.1
63275,38,male,Snow,3,tertiary,1,0,0.0,1,0,1,1,1,31.9,122,0,0,0,0,0,0,1,6.4
68777,56,male,Hill,4,secondary,0,1,12.7,0,0,1,0,1,30.6,115,1,0,0,0,0,0,0,4.4
36178,72,female,Hill,3,secondary,1,0,0.0,0,0,0,0,1,26.3,127,0,0,0,0,0,0,1,6.5
62270,55,female,Rose,5,tertiary,1,1,18.3,0,0,0,0,0,25.6,97,1,0,0,0,0,0,0,9.6
84942,56,female,Hill,5,primary,0,0,0.0,0,0,1,1,0,27.7,128,0,0,0,0,0,0,0,4.4
63235,21,female,Nightingale,2,secondary,1,1,1.6,0,0,1,0,0,32.9,97,0,0,0,0,0,0,0,8.7
38181,67,male,Snow,2,primary,0,0,0.0,1,1,0,0,0,32.6,135,0,0,0,0,1,0,0,4.0
86161,51,female,Rose,4,secondary,1,0,0.0,0,1,1,1,1,30.9,126,0,0,0,0,0,1,1,8.0
13575,42,female,Rose,2,secondary,1,1,9.4,0,1,0,0,0,29.9,126,0,0,0,0,0,0,1,9.5
22955,59,male,Nightingale,2,secondary,0,0,0.0,1,1,0,1,0,25.0,121,0,0,0,0,0,1,0,9.6
66153,35,male,Hill,4,secondary,1,0,0.0,0,0,0,1,0,24.8,108,0,0,0,0,0,0,0,5.8
36035,33,male,Nightingale,3,secondary,0,0,0.0,0,0,0,1,0,23.5,111,0,0,0,0,0,0,0,4.4
25063,30,female,Snow,3,tertiary,1,0,0.0,0,1,1,0,0,37.6,116,1,0,0,0,0,0,0,7.5
78536,66,male,Nightingale,2,secondary,1,1,19.9,0,0,1,0,0,28.5,133,0,0,0,0,0,1,0,8.8
44986,73,female,Nightingale,1,secondary,0,1,20.1,0,1,0,0,0,26.5,135,0,0,0,0,0,0,0,5.0
63044,74,male,Hill,5,secondary,1,1,24.6,0,0,1,0,1,29.1,142,0,0,0,0,0,0,0,6.0
56740,65,male,Snow,1,secondary,0,0,0.0,0,1,0,0,1,32.3,139,0,0,0,0,0,0,0,6.9
59590,29,female,Hill,1,primary,0,1,2.6,1,0,1,0,1,33.8,102,1,0,0,0,0,0,0,5.3
66518,52,male,Nightingale,1,primary,0,1,7.5,1,1,1,0,1,26.0,108,0,1,0,0,0,0,0,4.1
67064,70,male,Doll,5,secondary,1,0,0.0,0,1,0,1,0,26.3,128,0,1,0,0,0,0,1,4.9
85550,28,male,Snow,3,tertiary,0,0,0.0,1,0,1,1,0,26.6,119,0,0,0,0,0,0,0,5.5
79361,59,male,Nightingale,4,secondary,1,0,0.0,0,0,0,1,0,23.5,109,0,0,0,0,0,0,0,4.3
98180,46,female,Snow,2,secondary,0,0,0.0,1,1,1,1,1,27.6,119,1,1,1,0,0,0,1,4.2
70551,72,male,Nightingale,5,tertiary,1,0,0.0,0,0,1,0,0,28.0,137,1,0,0,0,0,0,1,9.9
41089,22,female,Hill,1,secondary,0,0,0.0,1,0,1,1,0,32.1,99,0,0,0,0,0,0,0,6.1
14853,72,female,Hill,2,secondary,1,1,23.5,0,0,0,0,1,23.3,134,0,0,1,0,0,0,1,4.0
31950,23,female,Doll,3,secondary,1,0,0.0,0,0,0,0,0,21.0,93,0,0,0,0,0,0,0,4.9
58084,28,male,Nightingale,4,tertiary,1,0,0.0,1,0,1,1,0,30.6,111,0,0,0,0,0,0,0,7.0
40067,68,male,Nightingale,4,secondary,1,0,0.0,1,1,0,0,1,27.8,148,0,0,0,0,0,0,1,9.9
13836,73,male,Snow,4,primary,0,0,0.0,1,0,0,0,0,27.7,134,0,0,0,0,0,0,0,4.5
87308,70,female,Hill,4,secondary,1,0,0.0,0,0,0,0,0,27.2,125,0,0,0,0,0,0,0,6.9
96444,75,male,Nightingale,4,secondary,1,0,0.0,1,1,0,0,0,26.7,142,0,0,0,0,0,0,0,4.8
20494,63,female,Doll,3,secondary,0,0,0.0,0,0,0,0,0,28.1,114,1,0,0,0,0,1,0,8.0
72529,28,male,Hill,1,secondary,0,0,0.0,1,1,1,1,0,25.6,120,1,1,0,0,0,0,1,9.1
45793,57,male,Doll,2,primary,1,0,0.0,1,1,1,0,1,35.0,129,0,0,0,0,0,0,0,8.8
53723,31,male,Rose,5,tertiary,1,1,3.9,1,0,0,1,0,21.2,116,0,0,0,0,0,0,0,7.6
38193,79,female,Snow,4,tertiary,1,0,0.0,0,0,0,0,0,29.6,121,0,0,0,0,0,0,0,4.8
47416,38,male,Rose,5,tertiary,1,0,0.0,1,0,0,0,1,24.0,107,0,0,0,0,0,0,0,4.9
55297,36,male,Rose,5,secondary,1,0,0.0,1,0,0,1,0,23.0,114,0,0,0,0,0,1,1,5.5
50103,52,female,Snow,4,tertiary,0,0,0.0,1,0,0,1,0,24.7,120,0,0,1,0,0,0,0,9.5
28020,36,female,Rose,5,tertiary,0,0,0.0,0,1,1,1,0,25.7,121,0,0,0,0,0,0,0,4.2
12137,71,female,Doll,4,tertiary,0,0,0.0,0,0,0,0,1,31.8,119,0,0,0,0,0,0,0,8.2
41276,20,female,Rose,2,secondary,0,0,0.0,1,1,0,1,1,29.0,99,1,0,0,0,0,0,1,7.1
89585,67,female,Doll,3,secondary,0,0,0.0,1,0,0,0,0,29.1,126,0,0,0,0,0,0,1,4.1
22364,48,female,Hill,3,secondary,1,1,14.2,0,0,0,0,0,23.7,119,1,0,0,0,0,0,0,6.7
33689,31,male,Rose,3,secondary,1,0,0.0,0,1,0,0,0,30.3,101,0,0,0,0,0,1,0,7.8
66388,41,female,Hill,4,tertiary,1,1,9.2,0,0,0,0,0,20.1,111,0,0,0,0,0,0,1,8.3
66814,35,female,Rose,5,tertiary,1,1,8.4,0,0,1,0,0,25.0,116,1,0,1,0,0,0,1,8.6
69012,67,male,Snow,4,secondary,1,0,0.0,0,0,0,0,0,29.3,124,0,0,1,0,0,0,1,9.4
78912,36,male,Snow,1,primary,0,0,0.0,1,1,0,1,0,27.7,122,0,0,0,0,0,1,0,8.6
74011,79,female,Hill,1,primary,0,1,18.7,1,1,1,0,0,29.4,138,0,1,0,0,1,0,1,9.8
99805,54,female,Snow,3,secondary,0,1,9.1,0,1,0,0,0,29.7,128,0,0,0,0,0,0,0,7.1
90294,49,female,Rose,5,tertiary,1,0,0.0,0,0,0,0,0,19.0,112,0,0,1,0,0,0,1,6.3
33459,67,male,Nightingale,1,secondary,0,0,0.0,1,1,0,0,0,28.5,123,0,0,0,0,0,0,0,9.8
85004,48,male,Hill,4,secondary,0,1,11.9,0,0,1,0,1,22.1,119,0,0,0,0,0,0,0,5.4
41984,66,male,Doll,5,tertiary,1,0,0.0,1,1,0,0,0,31.7,124,0,0,0,0,0,0,1,7.8
25106,76,female,Rose,2,secondary,0,0,0.0,0,0,0,0,0,25.9,126,0,0,0,0,0,0,0,6.4
32769,57,female,Rose,5,tertiary,1,1,14.5,1,1,0,1,0,26.4,111,0,0,0,0,0,0,0,5.2
76337,63,female,Doll,3,tertiary,1,1,19.5,0,0,1,0,0,31.3,123,0,0,0,0,0,0,0,6.1
27959,69,female,Nightingale,5,tertiary,1,1,22.7,0,1,0,0,1,30.9,141,1,0,0,0,0,0,0,4.1
28672,26,male,Doll,3,tertiary,0,1,1.8,1,0,0,0,0,24.6,110,0,0,0,0,0,0,0,7.7
65417,20,male,Hill,2,secondary,0,0,0.0,1,1,1,0,0,33.6,110,0,0,0,0,0,0,0,9.5
45137,53,male,Snow,4,secondary,1,0,0.0,0,1,1,0,0,33.0,121,0,0,1,0,0,0,0,6.3
72560,44,male,Nightingale,2,secondary,0,1,12.0,0,0,1,0,1,33.4,113,0,0,0,0,0,0,0,4.1
20569,54,female,Rose,3,secondary,1,1,10.9,1,0,1,0,0,28.1,118,0,0,0,0,1,0,1,5.7
59109,45,female,Snow,4,primary,1,0,0.0,1,0,0,0,0,25.1,102,0,0,0,0,0,0,0,8.3
63046,46,female,Snow,2,secondary,1,1,5.5,1,0,0,0,1,30.4,113,0,0,1,0,0,0,1,6.7
18394,40,female,Rose,5,tertiary,1,0,0.0,0,0,1,0,1,23.3,114,0,0,0,0,0,0,0,6.5
26519,38,female,Rose,2,primary,1,1,9.5,1,0,1,0,0,25.5,103,0,0,0,0,0,0,1,4.6
29134,18,female,Doll,3,tertiary,0,0,0.0,0,1,0,1,0,19.4,99,0,0,0,0,0,1,0,6.8
92271,62,female,Nightingale,3,primary,0,0,0.0,0,0,0,0,0,28.8,117,0,0,0,0,0,0,0,4.9
83270,53,female,Snow,4,secondary,1,0,0.0,1,1,0,0,0,23.5,125,0,0,0,1,0,1,1,9.8
88708,52,female,Snow,4,secondary,1,0,0.0,1,0,1,0,0,23.9,104,1,0,0,0,0,0,0,6.2
64060,59,female,Doll,4,tertiary,1,0,0.0,1,0,1,0,0,27.3,120,1,0,0,0,0,0,0,5.0
75974,33,female,Doll,3,primary,0,0,0.0,1,1,0,1,0,33.1,123,1,0,0,0,0,0,0,4.6
12267,22,male,Hill,3,secondary,0,0,0.0,0,0,1,1,1,28.6,105,0,0,1,0,0,1,0,6.2
28974,68,male,Nightingale,4,secondary,0,0,0.0,0,0,0,0,0,25.0,124,0,0,0,0,0,0,0,4.2
45026,45,female,Rose,4,tertiary,0,0,0.0,1,0,0,0,0,26.0,111,0,0,0,0,0,0,0,5.2
63209,59,male,Snow,2,primary,0,1,8.3,1,1,1,0,0,33.4,112,1,1,0,0,0,0,0,9.2
57297,55,female,Doll,3,primary,0,0,0.0,0,0,0,1,0,26.8,113,0,0,0,0,0,0,0,5.8
47668,58,male,Rose,4,secondary,1,0,0.0,1,0,1,0,0,32.8,114,0,1,0,0,0,0,1,9.0
72127,34,female,Snow,4,tertiary,1,0,0.0,1,1,0,0,0,30.7,103,0,0,0,0,0,0,0,7.5
59305,20,female,Doll,4,secondary,1,1,1.0,0,1,0,0,0,25.5,90,0,0,0,0,0,1,0,9.8
92339,46,male,Snow,3,secondary,0,0,0.0,1,0,0,0,0,26.0,123,0,0,0,0,0,0,0,8.2
91135,28,male,Doll,5,secondary,0,0,0.0,0,0,0,1,1,24.2,117,0,0,1,0,0,0,1,4.2
54414,75,male,Nightingale,2,tertiary,1,1,17.7,1,1,0,0,1,32.5,134,0,1,0,0,1,0,1,8.7
30126,73,female,Snow,4,primary,0,0,0.0,0,0,1,0,0,28.5,143,0,0,0,0,0,0,0,9.3
41599,37,female,Hill,4,secondary,0,0,0.0,0,0,0,1,0,28.4,123,0,1,0,0,0,1,1,5.8
28214,41,female,Nightingale,2,primary,1,1,11.2,0,1,0,0,1,29.8,129,0,0,0,0,0,0,1,6.0
68304,18,female,Rose,4,primary,1,1,0.0,1,0,0,0,0,24.6,92,0,0,0,0,0,0,0,6.8
32577,48,female,Rose,4,secondary,1,1,7.1,0,1,0,0,0,24.8,110,0,0,0,0,0,0,0,4.6
52787,70,female,Hill,4,secondary,1,0,0.0,1,0,1,0,0,34.2,136,0,1,0,0,0,1,1,5.8
32122,61,male,Doll,4,tertiary,1,1,14.7,0,0,0,1,0,19.4,136,0,0,0,0,0,1,0,4.5
22952,79,male,Rose,3,secondary,1,0,0.0,0,0,0,0,0,21.8,132,0,0,0,0,0,0,0,4.1
72837,23,female,Hill,3,secondary,1,0,0.0,1,1,0,0,0,29.0,99,0,0,0,0,0,0,1,8.2
48062,24,male,Doll,5,tertiary,1,1,1.2,0,0,1,0,0,26.7,118,0,1,0,0,0,1,1,4.5
81391,27,male,Hill,2,secondary,0,1,2.8,0,1,1,1,0,31.1,112,0,0,0,0,0,0,0,7.1
84803,29,female,Hill,1,tertiary,1,0,0.0,1,1,1,0,0,31.5,109,0,0,0,0,0,0,0,5.1
37849,26,male,Hill,2,primary,0,0,0.0,0,1,0,1,1,23.9,134,0,0,1,0,0,1,0,7.3
71399,23,male,Rose,2,tertiary,1,1,2.1,1,1,1,1,0,25.2,122,0,0,0,0,1,0,1,9.7
92680,38,male,Snow,2,tertiary,1,0,0.0,1,1,0,0,1,24.9,102,0,0,0,0,0,1,0,9.8
47277,47,male,Doll,2,secondary,0,0,0.0,1,1,1,0,1,27.0,113,0,0,0,0,0,0,0,6.3
85120,19,female,Rose,5,tertiary,1,0,0.0,0,1,0,0,0,23.7,112,1,0,1,0,0,0,0,9.6
22904,73,female,Hill,1,secondary,0,0,0.0,1,0,1,0,1,31.6,138,1,0,1,0,0,0,1,9.7
40448,73,male,Hill,3,tertiary,1,0,0.0,0,0,1,0,1,31.6,120,0,0,0,0,1,0,1,6.1
29592,75,male,Doll,3,secondary,1,0,0.0,0,0,0,0,1,28.4,132,0,0,1,0,0,0,1,9.2
72835,35,male,Nightingale,3,secondary,0,0,0.0,0,0,0,1,0,24.8,111,0,0,0,0,0,1,1,6.0
22372,38,male,Hill,1,secondary,0,0,0.0,1,0,0,1,0,27.1,128,0,0,0,0,0,0,0,6.5
29795,58,female,Hill,3,secondary,1,0,0.0,0,0,1,0,0,28.8,134,0,0,0,0,0,0,1,7.0
12891,62,male,Hill,5,tertiary,1,0,0.0,1,0,0,0,0,22.5,115,1,0,0,0,1,0,1,5.5
50994,74,male,Hill,4,secondary,1,0,0.0,0,1,0,0,1,31.1,148,0,1,0,0,0,0,0,9.1
64987,65,male,Rose,3,primary,1,0,0.0,1,0,0,0,0,31.7,128,0,0,0,0,0,1,0,9.9
54104,38,female,Nightingale,4,secondary,1,0,0.0,0,0,0,1,0,23.0,103,0,0,0,0,0,0,0,8.9
34818,57,male,Doll,5,secondary,1,0,0.0,1,0,1,0,1,28.7,108,0,0,0,0,0,0,0,5.1
27040,45,male,Snow,2,secondary,1,0,0.0,1,0,0,0,0,30.9,112,0,0,0,0,0,0,0,4.3
99792,71,female,Doll,3,tertiary,1,1,18.8,0,0,1,0,0,22.7,131,0,0,0,0,0,0,1,5.8
76142,41,female,Snow,2,primary,0,0,0.0,1,0,1,0,0,28.9,111,0,0,0,0,0,0,0,4.9
89149,66,female,Nightingale,2,primary,0,0,0.0,0,1,1,0,1,27.1,120,0,0,0,0,0,0,0,8.0
68759,72,female,Doll,3,primary,0,0,0.0,0,1,0,0,0,26.4,130,0,0,0,0,0,0,1,6.8
63790,64,female,Hill,2,secondary,1,0,0.0,1,1,1,0,0,34.5,133,0,0,0,0,0,0,0,7.3
90070,28,female,Doll,3,primary,1,0,0.0,0,0,0,1,1,25.7,107,0,0,0,0,0,1,0,6.0
95746,67,female,Nightingale,2,secondary,1,1,22.9,0,0,0,0,0,30.9,111,0,0,0,0,0,0,0,7.6
69123,50,male,Rose,2,secondary,0,1,12.6,0,0,1,0,0,23.7,128,0,0,0,0,0,0,1,4.2
86740,69,male,Nightingale,3,secondary,0,0,0.0,0,1,1,0,0,30.0,122,0,0,0,0,0,0,0,7.9
23180,77,male,Doll,2,secondary,0,1,16.0,1,0,0,0,0,27.1,122,0,0,0,0,0,1,0,5.8
20378,46,female,Hill,2,primary,0,0,0.0,0,1,0,0,0,29.8,108,0,0,1,0,1,0,1,7.2
77330,59,male,Doll,4,secondary,1,0,0.0,1,1,0,0,0,30.0,118,0,0,0,0,0,0,0,5.5
92856,38,female,Nightingale,4,secondary,1,0,0.0,0,0,1,1,0,22.8,117,0,0,0,0,1,0,0,5.9
72761,38,female,Snow,1,tertiary,0,0,0.0,0,1,1,1,1,38.5,131,0,0,1,0,1,0,1,8.5
80038,55,female,Hill,5,secondary,1,0,0.0,1,0,0,0,0,34.3,123,0,0,0,0,0,1,0,9.5
44375,64,male,Rose,2,tertiary,0,1,20.1,0,1,1,1,0,29.4,126,0,1,0,0,1,0,0,8.7
16781,49,female,Nightingale,2,primary,0,0,0.0,0,1,0,0,0,26.6,101,0,0,0,0,0,0,0,7.9
77895,41,female,Hill,1,secondary,1,1,6.6,1,0,1,0,0,24.4,116,0,0,0,0,0,0,1,6.4
23042,64,male,Doll,2,secondary,0,0,0.0,1,1,0,0,0,28.9,126,0,0,0,0,0,0,0,7.2
34871,38,female,Nightingale,3,secondary,0,1,3.6,0,1,0,0,1,35.5,125,0,0,0,0,0,0,0,9.9
72288,41,male,Doll,4,tertiary,1,0,0.0,1,0,0,1,0,25.4,113,0,1,0,0,0,0,0,9.9
76403,73,female,Hill,4,tertiary,0,0,0.0,0,0,1,0,0,26.1,116,0,0,0,0,0,0,0,4.2
87106,66,female,Rose,2,primary,1,1,16.7,0,1,0,0,0,29.0,126,0,0,0,0,0,0,0,9.2
19733,42,male,Snow,4,primary,1,0,0.0,1,0,1,1,0,30.4,134,0,0,1,0,0,1,1,9.5
43802,54,female,Snow,2,secondary,0,0,0.0,0,0,1,0,1,30.7,115,1,0,0,0,0,0,0,8.8
21507,21,male,Doll,5,secondary,1,0,0.0,0,0,0,1,1,25.7,97,0,0,0,0,0,0,0,9.4
60280,65,male,Nightingale,4,primary,0,0,0.0,1,1,1,0,1,27.5,123,0,0,0,1,0,0,0,9.1
83339,23,male,Snow,2,secondary,1,0,0.0,1,1,0,1,0,27.4,120,0,0,0,0,0,0,0,7.2
64270,79,female,Nightingale,5,secondary,1,0,0.0,1,0,0,0,1,25.4,120,0,0,0,0,0,0,0,6.8
12661,63,male,Snow,2,secondary,0,1,16.6,0,0,0,0,0,27.6,125,0,0,0,0,0,1,1,7.3
64111,32,male,Doll,2,secondary,1,0,0.0,0,0,1,0,0,28.0,116,1,0,0,0,0,0,0,6.5
12044,34,female,Doll,3,secondary,0,0,0.0,0,0,0,0,0,26.6,115,1,0,0,0,0,0,0,8.3
64901,19,female,Hill,4,tertiary,0,0,0.0,0,0,1,0,0,26.6,103,0,0,0,0,1,0,1,7.4
93779,62,female,Doll,5,tertiary,0,0,0.0,0,0,1,1,0,27.2,123,1,0,0,0,0,0,0,5.1
49437,73,male,Snow,4,secondary,1,0,0.0,0,0,0,0,1,29.8,141,1,0,0,0,0,0,0,9.3
20440,18,male,Hill,2,secondary,0,0,0.0,1,1,1,0,1,26.6,106,0,0,0,0,0,1,0,7.6
71929,21,male,Snow,2,primary,0,1,0.8,0,1,1,0,0,29.7,100,0,1,0,0,0,0,0,4.8
30611,54,female,Rose,3,secondary,1,0,0.0,1,0,1,1,1,29.5,120,0,0,0,0,0,0,1,5.9
97924,73,female,Hill,4,secondary,1,0,0.0,1,0,1,0,0,32.1,142,0,0,0,0,0,0,1,5.9
64382,32,male,Snow,2,secondary,0,1,4.9,0,1,1,1,1,36.8,119,0,0,1,0,0,0,1,6.7
27717,26,female,Nightingale,3,tertiary,0,1,4.1,0,0,0,0,0,30.5,107,0,0,0,0,0,0,0,4.5
48672,19,female,Snow,3,secondary,1,0,0.0,1,1,0,0,0,31.0,109,0,0,0,0,0,0,1,4.4
32738,73,male,Nightingale,4,secondary,1,1,19.7,0,1,1,0,0,26.4,131,0,0,0,0,1,0,1,4.2
46809,77,male,Hill,4,secondary,1,0,0.0,0,0,1,1,0,33.0,113,0,0,0,0,0,0,0,4.7
73256,31,female,Hill,2,secondary,1,1,4.8,0,0,1,0,0,21.2,90,1,0,0,0,0,0,1,9.9
55837,53,male,Snow,1,secondary,0,0,0.0,0,1,0,0,1,21.2,96,0,0,0,0,0,0,0,4.8
79918,47,male,Nightingale,3,secondary,1,1,12.8,0,0,1,0,0,31.2,117,0,0,0,0,0,0,0,9.5
13542,46,male,Rose,4,secondary,1,0,0.0,1,0,0,1,0,19.8,103,1,0,0,0,0,0,0,9.9
41703,74,female,Nightingale,1,primary,0,1,13.6,0,0,0,0,0,30.8,131,0,0,0,0,0,0,0,4.5
13759,58,female,Snow,3,tertiary,0,1,10.3,0,0,1,0,1,25.5,109,0,0,0,0,0,0,0,7.2
70395,36,male,Hill,2,primary,1,0,0.0,1,0,1,0,0,30.2,119,0,0,0,0,0,0,0,4.7
90496,69,female,Hill,3,secondary,0,0,0.0,0,0,1,0,1,22.6,107,1,0,0,0,0,0,0,4.7
78370,57,female,Nightingale,1,primary,1,0,0.0,1,0,1,0,0,23.7,124,0,0,0,0,0,0,0,7.2
37125,39,female,Snow,1,primary,1,0,0.0,0,0,1,1,0,25.4,114,1,0,0,0,0,0,0,8.1
63802,70,female,Snow,1,primary,0,0,0.0,0,0,1,0,0,35.8,137,1,0,0,0,0,1,0,6.0
23902,48,male,Nightingale,1,tertiary,0,0,0.0,1,1,0,0,1,27.2,117,0,0,0,0,0,0,0,5.9
19484,71,female,Hill,3,secondary,0,0,0.0,0,0,0,0,1,25.8,138,0,0,0,0,0,0,0,8.2
77778,40,female,Snow,3,secondary,1,0,0.0,0,1,1,0,0,34.5,113,0,1,0,0,0,0,0,7.8
20866,52,male,Nightingale,2,secondary,1,0,0.0,0,0,1,0,0,30.7,126,0,0,0,0,1,0,1,8.1
95036,63,male,Snow,4,secondary,1,0,0.0,1,0,1,0,0,24.1,129,0,0,0,0,0,1,1,5.5
80982,50,female,Rose,5,secondary,1,0,0.0,0,0,1,0,0,34.2,133,0,0,0,0,0,0,1,6.2
28138,23,male,Nightingale,3,secondary,0,0,0.0,1,0,1,1,0,24.3,103,0,0,1,0,0,1,1,8.6
68345,71,male,Doll,3,secondary,1,0,0.0,0,0,0,1,0,31.3,139,0,0,0,0,0,0,0,6.8
69695,21,male,Doll,2,secondary,0,1,1.3,0,0,0,1,1,30.2,126,0,0,0,0,0,0,0,8.3
13131,48,female,Nightingale,2,secondary,0,1,9.6,1,0,1,0,0,24.7,126,0,0,0,0,0,0,0,6.5
91862,51,male,Rose,3,secondary,0,0,0.0,1,0,1,0,0,33.5,123,1,0,0,0,0,0,0,7.0
66277,46,male,Hill,3,secondary,0,1,5.0,1,0,1,0,0,32.3,118,0,0,0,0,0,1,0,5.1
34294,38,male,Nightingale,5,primary,1,0,0.0,1,0,0,1,0,22.3,118,0,0,0,0,0,0,0,8.5
99949,53,female,Nightingale,2,tertiary,1,0,0.0,0,1,1,0,0,38.9,129,0,1,1,0,0,0,1,4.7
49043,30,male,Doll,3,primary,1,0,0.0,0,1,1,0,0,33.2,100,0,0,0,0,0,0,0,9.0
38140,71,female,Nightingale,4,secondary,1,0,0.0,0,1,0,0,0,20.0,118,0,0,0,0,0,0,1,4.2
85019,20,male,Hill,4,secondary,0,0,0.0,1,0,0,0,1,23.4,94,0,0,0,0,0,0,0,9.1
60371,39,female,Nightingale,4,secondary,1,1,4.3,1,0,0,1,0,23.7,123,0,0,0,0,0,0,1,7.0
13520,52,male,Nightingale,3,tertiary,1,1,17.2,1,1,0,0,0,25.2,118,0,0,0,0,0,0,0,6.7
21208,51,male,Rose,5,tertiary,0,0,0.0,1,0,0,1,0,23.2,126,0,0,0,0,0,0,0,7.0
55785,76,female,Snow,1,secondary,0,1,27.4,0,0,0,0,1,25.3,127,0,0,0,0,0,1,0,7.3
27772,43,male,Snow,4,secondary,1,0,0.0,0,0,1,0,0,27.3,106,0,0,0,0,0,0,0,5.8
84284,21,female,Rose,4,secondary,0,0,0.0,1,0,1,0,0,22.7,103,0,0,0,0,0,0,0,8.7
51494,56,male,Nightingale,4,primary,0,0,0.0,0,0,0,0,0,26.2,118,0,0,0,0,0,0,0,6.4
73008,29,male,Rose,4,tertiary,1,0,0.0,1,0,0,0,0,23.8,112,0,0,1,0,0,0,1,5.5
14094,62,male,Doll,5,secondary,1,0,0.0,1,0,0,0,0,28.7,121,0,0,0,0,0,1,0,6.6
96265,43,male,Rose,2,secondary,0,0,0.0,0,0,0,1,0,24.7,110,0,0,0,0,0,0,0,6.7
77063,55,male,Nightingale,3,secondary,1,1,14.8,1,0,1,0,0,25.8,133,0,0,0,0,0,0,0,6.3
58757,69,male,Doll,2,secondary,0,1,11.9,0,1,0,0,1,27.4,115,0,0,0,0,0,0,1,9.7
81456,26,female,Snow,3,secondary,1,0,0.0,0,1,0,0,0,26.7,105,0,0,1,0,0,0,1,6.6
36595,44,male,Doll,5,tertiary,1,0,0.0,1,0,0,0,0,31.0,103,1,0,0,0,0,0,0,5.6
33923,78,female,Doll,2,secondary,1,1,24.5,1,0,1,0,1,32.0,136,0,0,0,1,0,0,1,6.2
60690,58,female,Doll,2,primary,0,0,0.0,0,1,0,0,0,22.2,121,0,0,0,0,1,0,1,6.3
65853,40,female,Doll,3,secondary,0,0,0.0,1,1,0,1,0,25.5,117,0,0,1,0,0,0,0,7.9
80323,28,male,Rose,4,secondary,0,0,0.0,0,1,0,0,1,26.7,108,0,0,1,0,0,0,1,6.1
62043,60,female,Nightingale,3,secondary,1,0,0.0,0,0,0,0,0,25.5,105,0,0,0,0,0,0,0,4.2
30099,77,male,Rose,4,secondary,1,0,0.0,0,0,1,0,0,26.0,124,0,0,0,0,0,0,1,8.0
56380,41,female,Hill,2,secondary,1,0,0.0,1,0,1,0,0,31.5,124,1,0,1,0,0,0,1,7.2
63926,72,female,Doll,5,tertiary,1,0,0.0,0,0,0,0,0,29.1,128,0,0,0,0,0,0,0,7.1
49624,59,female,Snow,4,secondary,0,0,0.0,0,0,0,0,1,17.4,114,1,0,1,0,0,0,1,9.4
39479,33,female,Hill,4,primary,1,0,0.0,1,0,0,1,0,20.1,115,0,0,1,0,0,0,1,7.3
13631,28,female,Doll,4,secondary,1,0,0.0,0,0,0,0,1,32.1,118,0,0,0,0,0,0,1,4.8
90709,38,male,Snow,1,secondary,0,1,9.5,0,0,0,0,0,30.7,114,0,0,0,0,0,0,0,7.5
12093,36,female,Snow,1,primary,0,1,8.8,0,0,1,1,0,23.2,105,0,0,1,0,0,0,0,4.4
99366,37,female,Rose,4,primary,1,0,0.0,1,0,0,0,0,32.8,119,0,0,0,0,0,0,1,4.3
18110,18,male,Snow,4,tertiary,1,0,0.0,1,1,0,0,0,23.8,98,0,0,0,0,0,0,0,5.1
95122,74,female,Nightingale,4,secondary,1,0,0.0,0,1,0,1,0,29.6,134,0,0,0,0,0,0,1,7.4
55348,67,male,Doll,2,tertiary,1,1,20.1,1,0,1,0,1,28.4,129,0,0,0,0,0,0,0,7.6
31434,37,female,Snow,2,secondary,0,0,0.0,1,1,1,1,0,29.4,112,0,0,0,0,0,0,0,7.2
82344,49,male,Rose,3,secondary,1,0,0.0,0,0,1,1,0,28.9,123,1,1,0,0,0,1,1,4.7
99125,49,female,Snow,1,secondary,1,1,15.7,0,1,0,0,1,30.3,113,0,0,0,0,0,0,0,9.6
89616,21,female,Hill,4,tertiary,1,0,0.0,1,0,1,1,0,26.4,124,1,0,0,0,0,1,0,4.2
98020,51,male,Snow,1,primary,0,1,14.0,1,0,1,0,0,27.7,132,0,0,0,0,0,0,0,7.0
17537,34,female,Snow,1,secondary,0,1,6.9,1,1,0,1,1,26.1,107,0,0,0,0,1,0,1,4.7
40886,51,male,Snow,2,primary,1,1,8.6,1,1,0,1,1,31.1,124,1,0,0,0,0,0,0,8.1
85851,48,male,Snow,4,secondary,1,0,0.0,0,1,0,0,0,27.9,122,0,0,0,0,0,0,0,7.7
50942,42,male,Snow,3,primary,1,0,0.0,1,0,0,0,0,23.3,109,0,0,0,0,0,0,0,4.0
74274,34,male,Hill,2,secondary,0,0,0.0,1,1,0,0,0,28.1,103,1,0,0,0,0,0,0,9.5
60398,61,male,Snow,3,primary,0,1,15.3,1,1,1,0,0,32.4,112,0,0,0,0,1,0,1,9.4
39640,37,male,Doll,5,secondary,1,0,0.0,0,1,1,1,0,37.6,129,0,0,0,0,1,0,1,6.4
37777,79,male,Snow,4,tertiary,0,0,0.0,0,0,1,0,0,32.1,146,0,0,0,0,0,0,0,9.0
94580,70,female,Nightingale,1,primary,0,0,0.0,0,0,1,0,0,28.3,111,0,1,0,0,0,0,1,4.8
85324,76,female,Hill,2,primary,0,1,21.9,0,1,1,0,0,33.2,126,0,0,0,0,0,0,0,5.3
84030,59,female,Hill,5,primary,1,0,0.0,0,0,1,0,0,23.3,124,0,0,0,0,0,0,0,5.2
26507,57,female,Nightingale,4,tertiary,1,0,0.0,0,0,0,0,0,25.6,127,0,1,0,0,0,0,1,7.2
62644,46,male,Doll,5,primary,1,0,0.0,0,0,0,0,1,24.1,113,0,0,0,0,0,0,1,9.8
69160,34,male,Nightingale,2,tertiary,0,0,0.0,0,1,1,1,1,34.1,97,0,0,0,0,0,1,0,5.1
67597,77,male,Hill,4,primary,1,0,0.0,0,0,1,0,0,30.0,134,1,0,0,0,0,1,0,5.1
39207,37,male,Snow,3,primary,1,0,0.0,0,0,1,1,0,34.0,106,0,0,0,0,0,0,1,8.9
40941,37,female,Snow,1,secondary,0,0,0.0,1,0,0,0,1,24.3,112,1,0,1,0,0,0,0,9.9
98118,36,female,Hill,5,tertiary,1,0,0.0,0,0,0,0,1,29.4,108,0,0,0,0,0,0,0,4.6
97258,25,female,Nightingale,2,tertiary,0,0,0.0,0,0,0,1,1,25.6,109,0,0,1,0,1,1,1,7.8
66220,77,female,Hill,4,secondary,1,0,0.0,1,0,0,0,0,27.4,113,0,0,0,0,0,0,0,4.7
81547,45,male,Hill,3,primary,1,0,0.0,1,0,0,0,0,27.6,123,0,0,0,0,0,0,0,9.7
48713,26,female,Snow,2,secondary,1,1,2.5,0,1,0,0,1,20.7,102,0,0,1,0,0,0,1,6.2
65328,65,female,Hill,2,secondary,1,0,0.0,1,1,1,0,0,35.8,131,0,1,0,0,1,0,0,5.3
75063,65,female,Hill,3,secondary,0,0,0.0,1,0,1,1,1,24.5,126,0,0,1,0,0,0,0,4.7
50525,28,female,Nightingale,2,secondary,0,1,2.0,0,0,1,1,1,28.5,102,1,0,0,0,0,1,0,5.8
38001,27,male,Snow,4,primary,0,0,0.0,0,0,1,1,0,24.4,114,0,0,0,0,0,0,0,5.2
90649,42,male,Doll,3,primary,1,1,10.4,0,0,1,0,0,24.9,112,0,0,0,0,0,0,0,6.8
93624,58,male,Nightingale,3,tertiary,0,0,0.0,1,1,0,0,0,29.2,144,0,0,0,0,0,0,0,8.5
83768,72,female,Nightingale,4,tertiary,0,1,23.5,0,0,0,0,0,26.8,141,0,0,0,0,0,0,0,6.8
18134,78,male,Nightingale,5,tertiary,1,0,0.0,0,1,0,1,0,33.5,136,0,1,0,0,0,0,0,4.8
70969,60,male,Snow,1,secondary,0,1,21.4,0,1,1,0,0,29.3,115,0,1,0,0,0,0,0,6.2
93023,58,male,Snow,4,tertiary,1,0,0.0,1,0,0,0,0,26.7,118,0,0,0,0,0,0,0,4.2
36875,44,female,Snow,3,primary,1,0,0.0,1,0,0,0,0,28.1,123,0,0,0,0,0,0,0,5.1
44254,46,male,Rose,3,secondary,0,0,0.0,0,0,0,0,0,27.1,124,0,0,0,0,0,0,0,4.2
12834,64,female,Rose,5,tertiary,0,0,0.0,1,0,0,1,0,26.9,132,0,0,0,0,0,0,0,7.9
93216,22,female,Nightingale,5,primary,1,0,0.0,0,0,0,0,0,26.1,99,1,0,0,0,0,0,1,9.2
17488,60,male,Nightingale,3,secondary,1,0,0.0,0,1,0,0,0,29.6,115,1,0,0,0,0,0,0,5.6
72437,21,female,Nightingale,2,primary,0,1,0.6,1,1,1,0,0,26.2,116,0,1,0,0,0,0,1,8.8
30358,52,female,Hill,4,secondary,1,0,0.0,0,0,0,0,0,22.3,129,0,0,0,0,0,0,0,5.0
58450,63,female,Doll,2,secondary,1,0,0.0,1,1,0,0,0,26.8,111,0,0,0,0,0,0,0,9.7
32859,63,male,Doll,4,secondary,1,1,22.8,1,0,1,0,0,34.6,139,0,0,0,0,0,1,0,7.0
37078,53,male,Doll,5,tertiary,1,1,14.0,1,0,0,0,0,29.0,126,0,0,0,0,0,0,0,8.6
25054,41,male,Hill,3,secondary,1,0,0.0,1,1,1,1,0,34.1,128,1,0,0,0,0,0,1,6.9
60900,22,female,Snow,3,secondary,0,0,0.0,0,0,0,1,0,30.2,98,0,0,0,0,0,0,0,7.4
11436,41,female,Hill,2,secondary,0,1,4.7,1,1,0,0,1,28.7,109,0,0,0,0,0,0,0,9.6
75814,34,female,Hill,2,secondary,1,1,7.6,1,0,0,1,0,34.5,132,1,0,1,0,0,0,1,4.5
72395,76,male,Rose,5,secondary,1,0,0.0,0,1,0,0,0,26.3,150,0,0,0,0,0,0,0,5.1
62853,77,female,Snow,1,secondary,0,0,0.0,1,0,0,1,0,20.0,138,0,0,1,0,0,0,0,9.6
78971,35,female,Doll,5,tertiary,1,0,0.0,1,0,0,0,0,25.2,101,0,0,0,0,0,0,1,4.7
84736,25,male,Doll,3,secondary,1,0,0.0,0,0,1,0,0,20.4,101,0,0,0,0,0,1,0,5.0
88738,33,male,Rose,2,primary,1,0,0.0,1,1,0,1,0,25.4,90,0,0,0,0,0,1,0,5.1
27847,64,female,Snow,2,secondary,1,1,10.9,0,0,1,0,0,29.3,122,1,1,0,0,0,0,0,6.2
49200,69,male,Snow,3,secondary,1,0,0.0,1,1,0,0,0,31.1,129,0,0,0,0,0,0,0,6.2
29977,64,female,Snow,4,primary,0,0,0.0,1,1,0,0,0,26.0,121,0,0,0,0,0,0,0,6.1
52118,21,female,Hill,4,tertiary,1,1,1.4,1,1,0,0,0,27.4,93,0,0,0,0,0,0,0,7.1
51938,73,female,Hill,1,secondary,1,0,0.0,1,0,0,1,0,25.1,138,1,1,1,0,0,0,1,7.6
66271,21,male,Hill,1,secondary,0,0,0.0,0,1,1,0,0,36.1,110,0,0,0,0,0,0,0,7.0
85846,24,female,Snow,1,secondary,1,1,2.2,0,0,1,0,1,34.6,110,0,0,1,0,0,0,1,6.8
99018,25,male,Hill,4,tertiary,1,0,0.0,0,0,0,1,0,22.6,112,0,0,0,0,0,0,1,4.6
65207,35,male,Nightingale,5,secondary,1,0,0.0,1,1,1,1,0,34.3,96,0,1,0,0,0,0,0,8.4
81879,51,male,Nightingale,2,secondary,1,0,0.0,1,0,0,0,0,30.6,135,0,0,0,0,0,0,0,9.2
49450,35,female,Rose,4,secondary,1,0,0.0,1,1,0,0,0,24.0,96,0,0,0,0,0,0,1,4.9
94481,31,female,Rose,5,secondary,0,0,0.0,0,0,0,0,1,27.2,95,1,0,1,0,0,0,1,8.1
16825,60,male,Hill,2,primary,0,0,0.0,1,0,1,1,0,27.8,138,0,0,0,0,0,0,0,8.4
47287,40,female,Doll,3,primary,0,0,0.0,0,0,0,1,0,29.0,128,0,0,0,0,0,0,0,8.6
70246,70,female,Doll,3,secondary,0,0,0.0,0,0,0,0,0,29.8,138,0,0,0,0,0,0,0,9.8
99990,24,male,Rose,3,primary,1,0,0.0,1,0,1,1,0,25.3,97,0,0,0,0,0,0,0,5.3
97237,36,male,Rose,5,tertiary,1,0,0.0,0,1,0,1,0,26.0,110,0,0,0,0,0,0,0,9.1
22903,57,male,Nightingale,4,tertiary,1,0,0.0,0,0,0,0,0,26.2,121,0,0,0,0,0,0,1,6.8
35100,37,female,Rose,2,tertiary,0,1,3.4,0,0,0,0,0,18.2,112,0,0,0,0,0,0,0,7.2
29018,64,male,Snow,4,secondary,1,0,0.0,0,1,1,0,0,38.2,131,0,0,0,0,1,0,1,9.2
30219,30,female,Rose,2,secondary,1,0,0.0,1,1,1,0,1,26.7,108,1,0,0,0,0,0,0,7.5
19119,46,female,Snow,2,secondary,1,1,6.1,0,0,1,0,0,35.5,128,0,0,0,1,0,0,1,8.5
34179,25,male,Snow,2,secondary,0,0,0.0,0,0,0,0,0,28.8,103,0,0,0,0,0,0,0,9.3
61210,49,female,Nightingale,2,primary,0,0,0.0,0,0,0,1,1,23.0,125,0,0,0,0,0,0,0,6.1
52219,27,male,Snow,2,secondary,0,0,0.0,1,1,0,0,0,26.7,110,1,0,0,0,0,0,1,4.5
39016,76,male,Hill,2,secondary,0,1,12.2,1,0,1,1,1,27.2,138,0,0,1,0,0,0,1,7.0
57906,65,female,Rose,5,secondary,1,1,20.9,0,1,0,0,0,25.5,123,0,0,1,0,0,0,1,4.3
14697,55,male,Doll,5,secondary,1,1,14.6,1,0,1,0,0,27.9,126,0,0,1,0,0,0,1,9.3
28632,58,female,Rose,4,secondary,1,0,0.0,0,1,1,0,0,22.1,109,0,0,0,0,0,0,0,7.5
88192,22,male,Snow,2,secondary,1,0,0.0,0,0,0,1,0,24.2,98,0,0,1,0,0,0,1,5.9
37033,44,male,Snow,4,tertiary,1,0,0.0,1,0,0,0,0,22.2,98,1,0,0,0,0,0,0,4.2
76304,43,female,Rose,4,secondary,0,0,0.0,0,0,0,0,0,25.6,106,0,0,0,0,0,1,0,7.5
59163,24,female,Snow,2,secondary,1,1,2.3,0,1,1,0,1,27.6,132,1,1,1,0,0,0,1,5.0
17530,54,female,Doll,2,secondary,1,0,0.0,1,1,0,0,0,28.3,115,1,0,0,0,1,0,1,5.2
90845,47,male,Snow,2,secondary,1,0,0.0,0,0,0,1,0,21.3,107,0,0,0,0,0,0,0,4.7
31606,73,female,Doll,3,secondary,0,0,0.0,0,0,0,0,0,36.9,152,0,0,0,0,0,0,0,6.2
54125,69,male,Nightingale,1,primary,1,1,17.1,1,0,1,0,0,35.7,138,0,0,0,0,0,0,0,6.0
38474,74,male,Doll,5,tertiary,1,1,19.4,1,0,1,0,1,30.9,127,0,0,0,0,0,0,0,8.5
65877,55,female,Snow,2,primary,1,0,0.0,0,1,1,0,0,30.7,122,0,0,0,0,0,0,1,7.5
97569,21,female,Rose,5,tertiary,0,0,0.0,1,0,1,1,0,25.3,102,0,0,0,0,0,0,1,5.6
27436,25,male,Rose,4,secondary,0,0,0.0,0,0,0,1,0,26.1,106,0,0,0,0,0,0,0,4.7
31392,75,female,Rose,5,tertiary,0,0,0.0,1,0,1,0,0,31.1,129,0,0,0,0,0,0,0,4.6
15788,26,female,Doll,2,secondary,1,1,2.5,0,1,1,0,0,34.8,111,1,1,0,0,0,0,1,9.6
16041,31,female,Rose,5,secondary,1,1,6.2,0,1,0,0,0,30.8,105,0,0,0,0,0,0,0,7.6
33479,47,male,Hill,3,secondary,1,0,0.0,0,0,1,0,0,34.1,116,0,0,0,0,0,0,0,9.4
17893,19,female,Rose,2,primary,1,0,0.0,1,0,0,0,0,28.6,109,0,0,0,0,0,0,0,4.0
26447,72,male,Doll,5,secondary,1,0,0.0,1,0,0,0,0,22.7,132,0,0,0,0,0,1,1,5.1
64533,74,female,Rose,3,secondary,1,0,0.0,0,1,1,1,0,31.9,142,1,0,0,0,0,0,0,5.0
92172,48,female,Nightingale,4,secondary,1,1,6.9,0,0,1,0,1,28.9,110,0,0,0,0,0,0,0,8.9
21375,38,male,Hill,5,secondary,1,1,4.1,0,0,0,0,0,24.9,117,0,0,0,0,0,0,0,5.7
35366,49,female,Snow,3,secondary,1,0,0.0,0,0,1,0,0,23.6,118,0,0,0,0,0,0,0,5.1
51211,53,male,Snow,4,tertiary,1,0,0.0,0,1,0,0,1,29.9,119,0,0,1,0,0,0,0,7.6
49556,36,male,Hill,4,secondary,1,1,8.2,0,1,0,0,0,22.4,108,0,0,0,0,0,0,0,8.0
14375,36,female,Rose,4,secondary,0,0,0.0,1,1,0,0,0,20.2,112,0,0,0,0,0,0,0,9.7
73240,44,male,Hill,2,secondary,0,0,0.0,1,0,1,0,0,25.5,124,0,0,0,0,0,0,0,7.1
50690,78,female,Rose,4,primary,1,0,0.0,0,0,0,0,1,29.2,144,0,0,0,0,0,0,0,6.0
96945,32,female,Doll,5,secondary,1,0,0.0,0,0,0,1,0,28.1,125,0,0,0,0,0,0,1,7.7
52162,69,male,Nightingale,2,secondary,0,1,9.4,0,1,1,0,0,29.1,128,1,0,0,0,0,0,0,9.6
60781,31,female,Doll,2,primary,0,0,0.0,1,0,0,0,0,30.4,123,0,0,0,0,0,0,0,7.9
24214,65,male,Rose,3,secondary,1,0,0.0,0,1,0,0,0,27.8,113,0,0,0,0,0,1,0,6.7
13818,42,female,Nightingale,3,tertiary,0,0,0.0,0,1,0,0,0,25.8,138,0,0,0,0,0,0,0,7.6
17471,38,female,Snow,2,secondary,0,0,0.0,0,0,1,0,0,27.9,106,1,0,0,0,0,0,0,6.3
32631,45,male,Nightingale,4,tertiary,1,0,0.0,0,1,1,0,0,28.7,130,0,0,0,0,0,0,0,4.4
72981,70,female,Doll,4,secondary,1,0,0.0,0,1,0,0,0,31.4,140,0,0,0,0,0,0,1,7.3
82101,19,male,Snow,2,primary,0,1,0.5,0,0,0,1,0,28.0,113,1,0,0,0,0,0,0,4.5
63606,33,male,Nightingale,4,tertiary,1,0,0.0,0,1,1,0,0,22.6,109,0,0,0,0,0,0,0,9.2
22887,45,male,Nightingale,5,tertiary,1,0,0.0,0,0,0,0,0,24.0,101,0,0,0,0,0,0,0,7.8
60309,52,female,Snow,4,secondary,1,0,0.0,0,0,0,0,0,21.9,111,0,0,0,0,0,0,0,5.9
68527,78,male,Snow,3,secondary,0,0,0.0,0,1,1,0,0,32.0,135,0,1,0,0,1,0,1,5.3
27443,78,male,Hill,2,tertiary,1,0,0.0,1,0,0,0,0,26.9,142,0,0,0,0,0,0,1,6.3
92796,51,female,Snow,1,secondary,0,0,0.0,1,0,0,0,0,21.7,119,0,0,0,0,0,0,0,6.4
68140,64,female,Nightingale,3,tertiary,0,1,19.0,0,1,0,0,0,33.2,141,0,0,0,0,1,0,1,5.6
49189,57,male,Rose,3,secondary,0,0,0.0,0,0,0,0,0,28.8,122,0,0,0,0,0,0,0,5.5
48569,50,female,Rose,3,secondary,0,0,0.0,0,0,0,1,1,25.9,114,0,0,0,0,0,0,0,7.9
27155,57,female,Doll,4,secondary,0,0,0.0,0,1,1,0,0,29.2,97,0,0,1,0,0,0,0,8.2
32319,72,male,Snow,2,primary,0,1,13.3,0,1,1,0,0,29.5,123,0,0,0,0,0,0,0,6.3
81175,29,female,Rose,3,secondary,1,0,0.0,0,0,0,0,0,24.9,103,0,0,0,0,0,0,0,6.0
93569,35,male,Snow,4,tertiary,1,1,3.9,0,1,0,0,0,25.8,105,0,0,0,0,0,1,0,5.6
54607,47,female,Nightingale,1,secondary,0,0,0.0,0,1,1,0,1,30.8,106,0,0,0,0,0,0,0,9.5
60889,67,male,Nightingale,4,tertiary,1,1,24.5,0,0,0,1,0,27.8,119,0,0,0,0,0,0,0,8.0
36525,49,female,Nightingale,3,secondary,0,0,0.0,0,0,0,0,1,25.0,110,0,0,0,0,0,0,0,7.7
72271,32,female,Rose,3,tertiary,0,0,0.0,0,1,1,1,1,28.7,110,0,0,0,0,0,0,0,8.4
45935,60,female,Snow,4,secondary,1,0,0.0,0,0,0,1,0,28.2,140,0,0,0,0,0,0,0,8.3
33548,24,male,Snow,1,primary,1,0,0.0,0,1,0,1,0,29.7,104,0,0,0,0,0,0,0,8.5
64223,19,female,Doll,3,primary,1,0,0.0,0,0,1,1,0,28.4,100,0,0,0,0,0,1,0,8.7
74241,51,male,Rose,2,tertiary,0,0,0.0,1,0,0,0,0,27.4,110,1,0,1,0,0,0,1,5.9
64604,73,male,Nightingale,4,primary,1,0,0.0,1,1,1,0,0,33.6,145,1,0,0,0,1,0,1,7.7
24695,47,female,Rose,3,primary,0,0,0.0,0,1,1,0,0,38.1,117,0,0,0,0,1,0,0,9.2
58562,66,female,Hill,2,secondary,0,0,0.0,1,1,1,0,1,28.9,125,0,0,1,0,0,1,1,4.2
65743,74,female,Rose,4,secondary,1,0,0.0,0,0,0,0,0,25.8,141,0,0,0,0,0,0,0,5.1
65139,22,female,Rose,5,tertiary,0,0,0.0,0,0,1,0,1,31.3,116,0,0,0,0,0,0,0,4.0
49077,32,female,Snow,2,secondary,0,1,6.1,1,1,0,0,0,29.1,117,0,0,0,0,0,0,0,8.7
56246,57,female,Nightingale,2,primary,0,0,0.0,1,1,1,0,0,30.6,130,1,0,0,0,0,0,0,5.3
98135,40,female,Hill,2,secondary,1,1,9.8,1,1,0,0,0,36.4,115,0,0,0,0,0,0,1,6.2
71297,34,female,Hill,2,primary,0,0,0.0,0,1,1,1,0,33.4,125,0,0,0,0,0,0,0,6.0
96227,59,male,Snow,4,tertiary,1,1,14.4,1,0,0,0,0,24.2,120,0,0,0,0,0,0,0,8.9
10048,46,male,Snow,2,primary,0,0,0.0,0,0,0,0,0,22.8,111,0,0,0,0,0,0,0,8.5
12864,54,male,Doll,3,tertiary,1,0,0.0,0,0,0,1,0,26.3,124,0,0,0,0,0,0,1,8.0
61690,47,male,Rose,4,secondary,0,0,0.0,1,0,0,1,0,22.9,105,0,0,0,0,0,0,0,5.8
67678,32,male,Nightingale,2,secondary,0,0,0.0,0,1,0,0,1,29.3,111,0,0,0,0,0,0,0,8.4
86587,38,male,Hill,4,tertiary,0,0,0.0,1,0,0,1,0,25.7,124,0,0,0,0,0,0,0,9.5
28999,18,female,Hill,3,secondary,0,0,0.0,0,0,0,0,1,23.5,95,1,0,0,0,0,0,0,5.9
66984,30,male,Hill,2,primary,1,0,0.0,1,0,1,1,0,26.5,128,0,0,1,0,0,0,1,7.1
38910,51,male,Snow,4,tertiary,0,0,0.0,0,0,0,1,0,23.0,122,0,0,0,0,0,0,0,5.8
22326,31,female,Nightingale,5,tertiary,1,1,6.2,0,0,0,0,0,31.2,102,0,0,0,0,0,0,0,5.6
28884,19,female,Snow,4,secondary,1,0,0.0,0,0,0,0,0,23.1,118,0,0,0,0,0,0,1,9.8
29144,22,male,Snow,4,secondary,0,0,0.0,0,0,1,0,0,23.6,96,0,0,0,0,0,0,0,7.5
44633,22,female,Doll,4,secondary,0,0,0.0,0,0,1,0,0,29.3,95,0,0,0,0,1,0,1,6.6
87468,24,male,Rose,5,tertiary,1,0,0.0,0,0,0,0,0,24.2,91,0,0,0,0,0,1,0,9.5
59360,54,male,Nightingale,2,primary,0,1,6.7,0,1,1,1,0,28.5,142,0,1,0,0,0,1,1,9.5
67359,22,female,Doll,3,secondary,1,1,0.7,1,0,0,0,0,24.4,105,1,0,0,0,0,0,0,6.1
74965,19,male,Nightingale,4,tertiary,1,0,0.0,0,0,1,1,0,25.6,117,0,0,0,0,0,0,0,4.2
32776,47,male,Snow,3,secondary,1,1,10.7,1,0,1,0,0,27.1,132,0,0,0,0,0,0,0,5.3
18674,54,female,Hill,2,secondary,1,1,12.9,0,1,0,1,0,33.6,141,0,1,0,0,0,0,1,5.3
12381,63,female,Hill,1,primary,0,0,0.0,1,0,1,0,1,29.7,111,0,0,0,0,0,0,0,8.6
40963,47,male,Rose,3,secondary,1,0,0.0,0,1,0,0,0,30.6,121,1,1,0,0,0,0,1,7.3
71808,73,female,Nightingale,5,tertiary,1,0,0.0,0,0,1,0,0,25.8,126,0,0,0,0,1,0,1,6.8
42938,79,female,Doll,5,tertiary,0,0,0.0,1,0,1,0,0,25.9,124,0,0,0,0,0,0,1,4.7
39900,65,female,Hill,1,secondary,0,0,0.0,1,0,0,0,0,30.7,129,0,0,0,0,0,0,0,7.7
34087,66,female,Hill,3,secondary,1,0,0.0,1,1,0,0,0,30.8,117,0,0,0,0,1,0,1,6.3
87713,56,female,Snow,3,secondary,0,0,0.0,0,1,1,0,1,31.8,139,0,0,0,0,0,0,0,5.3
33458,57,female,Snow,3,tertiary,0,0,0.0,0,1,1,0,0,34.6,139,0,0,0,0,0,0,0,8.5
31377,38,female,Rose,4,secondary,1,0,0.0,1,0,0,0,0,21.0,95,0,0,0,0,0,1,1,7.1
73907,78,female,Rose,3,primary,1,0,0.0,1,1,1,0,0,31.0,120,0,1,0,0,0,0,0,5.7
59452,41,female,Hill,5,tertiary,1,1,5.6,0,0,0,1,0,25.7,124,0,0,0,0,0,1,0,5.3
35164,77,female,Doll,3,secondary,1,0,0.0,1,0,1,0,0,26.6,125,0,0,0,0,1,0,0,9.6
39164,32,male,Doll,5,tertiary,1,1,6.5,0,0,0,0,0,25.3,113,0,0,0,0,0,0,1,7.7
56582,63,male,Snow,3,secondary,1,0,0.0,1,1,0,1,0,30.9,137,0,0,0,0,0,0,0,9.3
43486,26,male,Doll,5,tertiary,1,0,0.0,0,1,1,0,0,24.2,102,0,0,0,0,0,1,0,7.8
58008,33,female,Nightingale,2,secondary,1,1,2.9,0,0,0,1,1,26.9,115,0,0,1,0,0,0,1,7.0
24265,69,female,Doll,4,tertiary,0,0,0.0,0,1,0,0,1,28.3,127,0,0,0,0,0,0,0,7.5
35801,75,male,Rose,5,tertiary,1,0,0.0,0,1,1,0,0,31.2,136,0,1,0,0,0,0,1,7.6
82884,39,female,Hill,3,secondary,0,0,0.0,0,0,0,0,0,26.0,110,0,0,1,0,0,1,1,7.5
99836,49,male,Doll,4,secondary,0,1,12.5,1,0,0,1,0,20.0,117,1,0,0,0,1,0,0,6.8
62747,76,female,Rose,4,secondary,1,0,0.0,0,0,1,0,0,30.1,131,0,0,0,0,0,0,1,5.4
95112,58,female,Snow,2,secondary,1,1,12.5,1,0,1,0,0,29.3,108,0,0,0,0,0,0,0,8.7
58756,79,female,Nightingale,3,secondary,1,1,26.4,1,0,0,0,1,26.8,126,0,0,1,0,0,0,1,4.9
92719,46,male,Nightingale,2,primary,0,1,9.2,0,0,1,0,1,33.5,114,0,0,0,0,0,0,0,7.4
88869,68,male,Snow,4,secondary,0,0,0.0,1,0,1,0,0,25.9,140,0,0,0,0,0,0,0,4.8
24648,50,female,Snow,3,tertiary,0,0,0.0,0,0,1,0,0,27.5,133,1,0,0,0,0,0,0,8.5
24448,44,male,Doll,3,secondary,1,0,0.0,0,0,1,0,1,28.8,125,0,0,0,0,0,0,0,5.9
32836,20,female,Snow,1,tertiary,0,1,0.6,0,1,0,0,0,27.0,99,0,0,0,0,0,0,0,9.4
50673,46,female,Hill,3,tertiary,0,0,0.0,0,1,1,0,0,31.5,114,0,0,0,0,1,0,0,9.7
22099,59,female,Doll,3,primary,1,0,0.0,1,0,1,1,0,29.9,126,1,0,0,0,0,0,0,6.3
84431,44,male,Snow,2,secondary,0,0,0.0,1,1,1,0,1,30.6,125,1,0,0,0,0,0,0,9.8
57522,57,female,Nightingale,4,primary,0,0,0.0,0,0,0,0,0,25.0,128,0,0,0,0,0,0,0,7.5
82930,27,male,Snow,4,secondary,0,0,0.0,1,0,0,0,0,24.5,108,0,0,0,0,0,1,0,5.3
48421,67,female,Snow,2,primary,1,1,25.5,0,0,1,0,0,29.6,139,1,0,0,0,0,0,1,4.9
57826,63,male,Hill,2,secondary,0,1,16.3,1,0,1,0,0,25.5,124,1,1,0,0,0,0,1,6.5
31540,22,female,Snow,1,secondary,0,0,0.0,0,0,1,0,0,25.8,90,0,0,0,0,0,0,0,4.0
13798,24,male,Hill,2,primary,1,0,0.0,0,0,0,1,1,22.8,96,0,0,0,0,0,0,0,9.7
21492,21,female,Rose,3,secondary,0,0,0.0,0,0,0,0,0,25.7,107,0,0,0,0,0,0,0,9.5
68580,55,female,Snow,4,tertiary,1,0,0.0,1,0,1,0,0,32.2,122,0,0,0,0,0,0,0,5.8
10961,46,male,Rose,3,primary,0,0,0.0,0,0,0,0,0,25.2,121,0,0,0,0,0,0,0,6.8
12663,25,female,Snow,2,secondary,1,0,0.0,1,0,1,1,0,30.1,100,0,0,1,0,1,0,1,7.2
85815,54,male,Doll,2,secondary,0,1,16.5,0,1,0,0,0,28.4,139,0,0,0,0,0,1,0,5.4
31030,39,female,Doll,2,secondary,0,0,0.0,1,0,0,0,1,24.8,112,1,0,0,0,0,0,1,9.5
84959,66,female,Hill,2,primary,1,0,0.0,0,1,1,0,1,26.4,113,1,1,0,0,0,0,1,5.0
70533,72,female,Doll,5,tertiary,0,0,0.0,1,0,0,0,0,34.9,137,0,0,0,0,0,0,0,6.1
31807,70,female,Nightingale,3,primary,1,1,17.5,0,0,1,0,0,27.7,126,0,0,0,0,0,0,0,7.5
81261,23,male,Hill,2,secondary,0,1,2.3,1,1,1,1,0,35.8,111,0,0,0,0,0,0,0,7.0
49666,69,female,Hill,4,secondary,1,0,0.0,1,0,1,0,1,23.3,129,0,0,0,0,0,0,1,6.6
51196,35,male,Snow,1,primary,0,0,0.0,0,0,1,0,0,25.4,97,0,0,0,0,0,0,0,9.5
99953,23,female,Hill,4,secondary,1,0,0.0,0,0,0,1,0,23.7,104,0,0,0,0,0,1,0,9.5
73736,79,male,Hill,3,primary,0,0,0.0,0,0,0,1,0,29.4,131,0,0,0,0,0,0,0,8.0
46943,54,male,Hill,3,secondary,1,0,0.0,1,1,0,0,0,31.1,120,0,0,0,0,0,0,0,4.7
71038,37,male,Snow,3,secondary,1,1,7.9,0,0,0,0,0,25.7,121,0,0,0,0,0,1,0,6.0
80148,42,male,Snow,4,secondary,1,0,0.0,1,1,1,0,1,27.8,114,1,0,1,0,0,0,1,7.5
60500,22,male,Nightingale,3,tertiary,1,0,0.0,0,0,1,0,0,27.2,97,0,0,0,0,0,0,0,6.0
99315,24,female,Snow,1,primary,0,1,1.5,1,1,1,0,0,33.9,95,0,0,0,0,0,0,0,8.2
85271,40,male,Hill,3,primary,0,1,9.7,0,0,0,1,0,23.5,121,0,0,0,0,0,0,0,4.8
49530,41,female,Snow,3,secondary,0,0,0.0,0,0,0,0,0,27.8,110,0,0,0,0,0,0,0,4.8
31394,45,female,Hill,4,tertiary,1,1,9.2,1,0,1,0,0,20.6,111,0,0,0,0,0,0,0,6.1
22528,57,male,Snow,4,secondary,1,1,6.8,0,0,1,0,0,27.1,124,0,0,0,0,0,0,0,5.7
57858,45,female,Nightingale,1,secondary,0,0,0.0,0,1,1,0,0,22.5,104,0,0,0,0,0,0,0,8.5
32093,68,male,Hill,4,tertiary,1,1,14.7,0,0,0,0,0,36.7,117,0,0,0,0,0,0,0,4.7
66610,34,female,Rose,2,secondary,1,0,0.0,1,1,1,0,0,28.8,110,0,0,0,0,0,0,0,7.5
70576,34,female,Rose,2,secondary,1,0,0.0,0,1,0,1,0,37.1,115,1,0,0,0,0,0,0,5.5
39727,33,female,Nightingale,1,secondary,1,1,6.3,0,0,0,1,0,28.9,119,1,0,1,0,0,0,1,6.9
41125,48,female,Hill,3,primary,0,0,0.0,1,0,0,1,0,23.9,126,1,0,0,0,0,1,0,7.7
63045,66,female,Snow,3,secondary,0,0,0.0,1,0,0,0,0,28.9,127,0,0,0,1,0,0,1,9.5
26229,34,female,Snow,1,secondary,1,0,0.0,0,0,1,0,0,28.5,104,0,0,0,0,1,0,1,6.9
74169,67,female,Rose,5,secondary,1,0,0.0,1,0,1,0,1,27.2,118,0,0,0,0,0,0,0,4.5
13856,71,male,Snow,1,secondary,0,1,21.2,0,1,0,0,0,33.0,149,0,1,1,0,1,0,1,5.1
92743,19,female,Nightingale,3,primary,1,0,0.0,0,0,0,0,0,24.2,110,0,0,0,0,0,0,0,8.3
30188,44,female,Rose,5,tertiary,1,0,0.0,0,0,0,0,0,19.9,112,1,0,0,0,0,0,0,8.2
71727,38,male,Doll,2,secondary,0,0,0.0,1,0,0,1,0,29.8,129,0,0,0,0,0,1,0,4.3
77130,71,female,Rose,3,tertiary,1,1,11.1,0,1,1,1,0,34.1,140,0,0,0,0,0,0,0,7.3
33174,25,male,Doll,2,secondary,0,1,2.0,0,1,1,1,1,29.6,117,1,0,0,0,0,0,0,4.6
19650,48,male,Rose,2,secondary,1,1,10.8,0,0,0,0,0,27.1,110,0,0,0,0,0,0,0,8.9
28882,43,male,Nightingale,3,primary,0,0,0.0,0,0,1,0,0,30.4,102,0,0,0,0,0,0,0,4.0
37319,63,male,Nightingale,4,secondary,1,0,0.0,0,1,1,0,0,34.5,131,0,0,1,0,0,0,1,5.8
59298,44,female,Snow,4,tertiary,0,1,11.9,1,1,0,1,1,26.6,118,0,0,0,0,0,0,0,5.4
60236,50,male,Doll,2,tertiary,0,1,6.1,0,1,0,0,1,24.8,116,0,0,0,0,0,0,0,9.5
27979,50,female,Doll,2,primary,0,1,12.0,0,0,1,0,0,30.6,129,0,0,0,0,0,0,0,8.5
74304,58,female,Rose,2,secondary,1,1,20.4,1,1,1,1,0,31.0,130,0,0,0,0,0,0,1,9.1
40613,35,female,Snow,3,primary,1,0,0.0,1,1,0,1,0,34.4,122,0,0,0,0,0,0,1,6.7
82649,50,male,Hill,1,secondary,0,0,0.0,0,1,0,0,0,26.3,115,0,0,0,0,0,0,0,6.0
95931,50,female,Nightingale,2,secondary,0,0,0.0,0,1,1,0,0,31.1,112,1,0,0,0,0,0,0,8.4
29490,68,female,Hill,4,secondary,1,0,0.0,1,0,1,0,0,30.5,126,0,0,0,0,1,0,1,9.0
82662,20,female,Snow,1,secondary,0,0,0.0,1,0,1,0,0,30.8,116,0,0,0,0,0,0,0,7.5
66987,32,male,Rose,5,tertiary,0,0,0.0,0,0,0,1,1,24.4,109,0,0,0,0,0,0,0,6.6
17004,22,male,Snow,4,secondary,1,0,0.0,1,0,0,1,0,18.7,90,0,0,0,0,0,0,1,7.5
22067,47,female,Nightingale,3,secondary,1,0,0.0,1,0,0,0,0,24.4,105,0,0,0,0,0,0,1,4.9
62330,27,female,Doll,3,primary,1,1,2.5,0,0,0,1,0,25.8,100,0,0,0,0,0,1,0,6.8
15647,57,female,Nightingale,2,secondary,0,1,13.7,1,1,1,0,0,30.7,133,0,0,0,1,1,0,0,6.7
31208,56,female,Doll,4,secondary,0,0,0.0,1,1,1,0,0,29.2,129,0,0,0,0,0,0,0,8.7
24767,46,female,Hill,3,primary,0,0,0.0,1,0,0,0,1,28.0,110,0,0,0,0,0,0,0,6.7
86315,68,female,Snow,1,secondary,0,0,0.0,1,0,0,0,1,26.1,125,0,0,0,0,0,0,0,4.1
85807,19,female,Snow,2,secondary,1,0,0.0,1,1,1,0,1,32.7,106,0,0,1,0,0,0,0,6.7
99575,74,female,Rose,5,secondary,1,1,16.6,0,0,0,0,0,26.8,127,1,0,0,0,0,0,1,7.3
36879,53,female,Doll,3,tertiary,0,1,14.0,0,0,0,0,0,18.6,119,0,0,0,0,0,0,0,9.9
55444,61,female,Rose,2,primary,0,1,19.8,0,1,1,0,1,29.3,132,0,0,0,1,0,0,1,8.9
26410,41,male,Snow,4,secondary,0,0,0.0,0,0,0,1,1,26.7,119,0,0,0,0,0,0,0,6.5
39941,64,female,Doll,5,tertiary,1,0,0.0,0,0,0,0,0,29.6,120,0,0,0,0,0,0,0,5.8
73306,60,male,Doll,2,secondary,1,1,17.5,0,0,0,0,1,35.0,131,0,0,0,0,0,0,0,4.1
66318,61,female,Rose,3,primary,0,0,0.0,1,1,0,1,0,32.7,117,0,0,0,0,0,0,0,5.6
83613,54,male,Hill,4,tertiary,1,0,0.0,0,0,0,1,0,25.5,123,0,0,1,0,0,0,1,8.5
98446,64,female,Rose,4,secondary,1,0,0.0,1,0,0,0,0,20.8,116,0,0,0,0,0,0,1,6.9
68637,29,female,Nightingale,5,secondary,0,0,0.0,0,0,0,0,1,25.6,102,0,0,0,0,0,0,0,5.9
88486,27,female,Rose,3,tertiary,1,1,2.9,1,0,0,0,0,21.7,96,0,0,0,0,0,0,0,4.6
95868,52,female,Doll,4,secondary,1,0,0.0,1,0,1,0,1,32.4,118,0,0,0,0,1,0,1,8.2
83200,64,female,Hill,4,tertiary,1,0,0.0,1,0,0,0,0,18.4,126,0,0,0,0,0,0,0,6.4
80469,19,male,Rose,3,secondary,1,0,0.0,1,0,0,0,0,28.5,101,0,0,0,0,0,0,1,7.0
11490,19,male,Rose,3,primary,0,0,0.0,1,0,1,0,0,34.4,94,0,0,0,0,0,0,0,8.4
39758,31,male,Snow,2,primary,1,0,0.0,0,1,1,0,0,26.1,121,1,0,0,0,0,0,0,8.2
97973,45,female,Snow,2,primary,0,0,0.0,1,1,1,0,0,33.0,119,0,0,0,0,0,0,0,8.2
76339,39,male,Rose,3,secondary,1,0,0.0,0,0,0,1,0,26.1,114,0,0,0,0,0,0,0,9.3
47450,76,female,Doll,2,secondary,0,1,23.9,0,1,1,0,0,32.5,120,0,1,0,0,0,0,1,7.5
58745,21,female,Rose,3,primary,0,0,0.0,0,0,0,1,0,27.8,118,1,0,0,0,0,0,0,9.8
91783,25,female,Snow,4,secondary,1,0,0.0,0,1,1,1,0,22.4,92,0,0,0,0,0,0,1,9.3
48249,32,female,Snow,2,secondary,0,1,6.6,0,1,0,1,0,26.4,102,0,0,0,0,0,0,0,6.2
79975,46,female,Hill,2,secondary,0,1,13.5,0,0,0,1,0,25.9,110,0,0,0,0,0,0,0,6.5
61401,43,female,Hill,3,secondary,0,0,0.0,1,0,1,0,0,27.2,104,0,0,0,0,0,0,0,9.7
46664,38,female,Nightingale,4,secondary,0,0,0.0,1,0,0,0,0,25.3,115,0,0,0,0,0,0,0,5.4
23837,60,female,Doll,4,secondary,0,0,0.0,0,0,1,0,0,30.8,130,0,0,0,0,0,0,0,9.7
15895,64,female,Rose,2,secondary,0,1,23.7,0,1,1,0,1,29.0,127,0,0,0,0,0,0,0,5.6
22111,72,female,Doll,4,secondary,1,0,0.0,0,0,1,0,0,23.9,120,0,0,0,0,0,0,0,9.0
96097,48,female,Rose,5,secondary,1,1,15.6,0,0,1,0,0,26.7,128,0,0,0,0,0,0,0,4.6
70802,77,female,Snow,1,secondary,0,0,0.0,1,0,0,0,0,24.0,112,0,0,0,0,0,0,0,5.7
94934,53,female,Nightingale,1,secondary,0,1,7.0,0,1,1,0,0,34.4,123,0,0,0,0,1,0,1,6.6
26267,34,female,Snow,4,tertiary,1,0,0.0,0,1,0,0,0,30.7,96,0,0,0,0,0,0,0,7.5
67280,56,male,Snow,3,secondary,1,0,0.0,0,1,0,1,1,28.1,131,0,0,1,0,0,0,1,5.9
24059,52,female,Doll,3,tertiary,1,0,0.0,0,0,0,0,1,31.6,120,0,0,0,0,0,1,1,9.4
92467,30,female,Rose,5,tertiary,1,0,0.0,0,1,0,0,0,22.8,123,1,0,0,0,0,0,0,9.6
64169,70,female,Doll,4,primary,1,0,0.0,0,0,1,0,0,33.3,140,1,0,0,0,1,0,1,9.7
10364,28,female,Rose,3,tertiary,0,1,4.4,0,1,1,1,0,27.8,103,0,0,0,0,0,0,0,6.6
91579,69,female,Doll,5,primary,0,0,0.0,0,0,0,0,0,24.2,120,0,0,0,0,0,0,0,9.5
30215,28,female,Rose,5,tertiary,0,0,0.0,0,1,1,1,0,29.9,106,0,0,0,0,0,0,0,9.0
59523,44,female,Doll,2,primary,0,1,9.1,0,1,0,0,0,25.9,121,0,0,0,0,1,1,1,9.2
81136,26,male,Snow,2,secondary,0,1,1.7,0,0,0,0,0,25.6,106,0,0,0,0,0,0,0,6.8
56654,78,female,Rose,3,primary,1,0,0.0,0,0,0,0,1,24.4,151,1,0,0,0,0,0,1,8.2
98160,56,female,Hill,2,secondary,0,1,13.7,1,1,1,0,0,28.9,122,0,0,0,0,1,0,0,7.9
39441,64,female,Snow,2,tertiary,0,0,0.0,1,0,1,0,1,30.3,132,0,0,0,0,0,0,1,6.5
54073,46,female,Nightingale,4,secondary,1,0,0.0,0,0,0,1,0,25.6,117,0,0,0,0,0,0,0,6.3
37716,35,male,Hill,1,secondary,0,0,0.0,1,0,1,0,0,30.0,116,0,0,0,0,0,0,0,4.3
96753,43,female,Nightingale,5,secondary,0,0,0.0,0,0,0,0,0,26.9,124,0,0,0,0,0,0,0,8.4
16818,35,male,Snow,3,primary,1,0,0.0,1,0,1,0,0,27.3,115,0,0,0,0,0,0,0,6.1
60166,50,female,Hill,4,secondary,1,0,0.0,1,1,0,1,0,20.5,131,0,0,0,0,0,0,0,5.5
79044,29,male,Hill,2,secondary,1,1,2.6,0,0,1,0,0,27.3,107,0,0,0,0,0,0,0,8.3
62515,24,female,Rose,4,secondary,1,0,0.0,0,0,0,1,0,30.9,118,0,0,0,0,0,1,1,6.4
38446,25,male,Nightingale,4,tertiary,1,0,0.0,1,0,1,1,0,26.8,105,1,0,0,0,0,0,0,4.1
15755,29,female,Doll,2,secondary,0,0,0.0,0,1,0,0,0,26.2,102,0,0,0,0,1,0,0,9.7
46521,22,male,Doll,5,secondary,1,0,0.0,0,0,1,0,1,23.0,106,0,0,0,0,0,0,1,6.0
56231,41,male,Snow,1,secondary,0,0,0.0,0,0,1,0,0,22.9,100,0,0,0,0,0,0,0,7.5
37495,77,female,Doll,4,secondary,1,1,29.4,0,0,1,0,0,34.0,130,0,0,1,1,0,0,1,5.5
61277,77,male,Doll,3,primary,0,0,0.0,1,0,1,0,1,30.0,141,0,0,0,1,1,0,0,7.3
33177,36,male,Rose,5,secondary,1,0,0.0,0,0,0,1,0,23.7,115,0,0,0,0,0,0,0,7.7
79894,42,female,Snow,3,secondary,1,0,0.0,1,0,1,0,0,27.5,118,0,0,0,0,0,0,0,8.1
64520,43,male,Snow,2,secondary,1,0,0.0,1,1,0,0,1,27.7,107,0,0,0,0,0,0,0,5.7
54468,32,female,Snow,2,secondary,0,0,0.0,0,1,0,0,0,32.1,112,0,0,0,0,1,0,0,9.1
29076,21,female,Rose,4,primary,1,0,0.0,1,0,0,1,0,20.7,101,0,0,0,0,0,1,1,4.1
44193,69,male,Snow,3,primary,0,1,20.6,0,0,1,0,0,32.5,133,0,1,0,0,0,1,1,6.5
55119,28,female,Hill,5,secondary,0,1,2.6,1,1,1,1,0,25.0,121,0,0,0,0,0,0,0,5.7
38257,69,male,Nightingale,2,secondary,0,1,16.4,0,0,1,0,0,27.1,130,0,0,0,1,0,0,1,7.5
78331,44,male,Snow,3,tertiary,0,0,0.0,0,1,0,0,0,27.7,120,0,0,0,0,0,1,0,6.6
21067,29,female,Rose,5,primary,0,0,0.0,0,1,0,1,0,26.1,107,0,0,0,0,0,1,1,9.0
62749,29,male,Rose,5,tertiary,1,0,0.0,0,0,1,1,0,23.1,111,0,0,0,0,0,0,0,6.7
81510,38,female,Nightingale,5,secondary,1,0,0.0,1,1,0,1,0,28.5,113,0,0,0,0,0,1,1,8.7
93667,69,female,Doll,5,tertiary,0,0,0.0,1,0,0,0,1,23.4,132,0,0,0,0,0,0,0,4.0
87056,75,male,Rose,4,secondary,0,0,0.0,0,0,0,0,0,21.8,148,0,0,0,0,0,0,1,4.5
71650,41,male,Nightingale,3,secondary,1,0,0.0,0,0,0,0,0,28.4,113,0,0,0,0,0,0,0,8.4
15760,75,female,Doll,3,secondary,1,0,0.0,0,0,1,0,1,27.4,119,0,0,0,0,0,0,0,6.0
95192,32,female,Doll,4,tertiary,1,0,0.0,0,0,0,0,0,26.5,109,1,0,0,0,0,0,0,9.7
51489,59,male,Hill,4,tertiary,0,1,15.0,1,0,0,0,0,31.7,135,0,0,0,0,0,0,0,9.3
31699,73,male,Hill,2,primary,1,0,0.0,0,0,1,0,0,36.9,134,0,0,0,0,1,0,0,7.6
56991,72,female,Hill,3,secondary,1,0,0.0,1,0,0,1,0,26.8,131,0,0,0,0,0,0,0,4.7
64940,21,female,Doll,5,tertiary,1,1,0.8,0,0,1,0,0,27.2,111,0,0,0,0,0,0,0,4.3
42143,42,female,Doll,2,tertiary,0,1,5.1,0,1,1,0,0,31.4,108,0,0,0,0,1,0,1,7.0
45705,65,female,Hill,4,secondary,0,0,0.0,0,1,0,0,1,26.2,124,0,0,0,0,0,0,0,4.8
44096,52,male,Rose,5,tertiary,1,0,0.0,1,1,0,0,0,27.0,120,0,1,0,0,0,0,1,9.4
22957,26,female,Nightingale,5,tertiary,0,0,0.0,0,0,0,0,0,23.5,110,0,0,0,0,0,0,0,5.4
10280,73,female,Rose,4,secondary,1,0,0.0,1,0,0,0,1,28.8,121,0,0,0,0,0,0,0,8.1
69052,38,female,Nightingale,2,secondary,1,1,4.2,0,0,1,1,0,30.0,119,0,1,0,0,0,0,1,6.6
22529,62,female,Hill,4,secondary,1,0,0.0,0,0,0,0,0,25.8,107,0,0,0,0,0,0,0,4.1
56619,29,female,Snow,2,secondary,0,1,4.3,1,1,0,0,0,29.1,99,0,0,0,0,0,0,1,5.0
66376,79,female,Doll,5,tertiary,1,0,0.0,0,1,1,1,0,29.6,139,0,1,0,0,0,0,0,5.3
63181,79,female,Hill,5,secondary,0,1,20.2,1,0,1,0,0,30.9,137,0,0,0,0,0,0,0,5.8
93295,42,male,Doll,5,tertiary,1,0,0.0,0,0,1,0,0,28.6,106,0,0,0,0,0,0,0,6.8
17992,29,female,Rose,4,tertiary,0,0,0.0,0,0,0,1,0,25.8,100,0,0,0,0,0,0,0,5.6
83825,77,female,Doll,3,secondary,0,0,0.0,0,1,1,0,0,34.8,142,1,0,0,0,0,0,1,7.0
45826,58,female,Doll,5,secondary,1,0,0.0,0,0,0,0,0,20.1,118,0,0,0,0,0,0,0,6.7
53637,48,female,Doll,3,secondary,0,0,0.0,0,0,0,0,0,31.4,145,0,0,0,0,0,0,1,4.7
49353,30,male,Hill,4,secondary,0,0,0.0,1,0,0,1,0,21.7,101,0,0,1,0,0,0,0,7.8
51919,21,female,Nightingale,4,tertiary,1,0,0.0,0,0,0,0,0,26.0,113,0,0,0,0,0,0,0,9.8
29107,60,male,Nightingale,4,secondary,1,0,0.0,1,0,1,0,0,28.0,125,0,0,0,0,0,0,0,6.9
21605,42,male,Doll,3,secondary,0,0,0.0,0,0,0,0,0,29.6,118,0,0,0,0,0,0,0,4.7
19143,66,female,Hill,2,secondary,0,1,16.9,1,0,0,0,0,26.3,133,0,0,1,0,0,0,1,6.5
48625,45,male,Doll,4,tertiary,1,0,0.0,0,0,1,0,0,29.0,118,0,0,0,0,0,0,0,7.1
25342,50,male,Snow,2,tertiary,1,0,0.0,0,0,0,0,0,30.2,130,0,0,0,0,0,0,1,8.2
77017,27,female,Snow,1,secondary,1,1,4.2,1,1,1,1,0,28.2,111,0,0,1,0,0,0,1,5.4
29310,56,male,Snow,3,secondary,0,0,0.0,0,0,0,1,0,24.2,125,0,0,0,0,0,0,0,5.1
45604,36,female,Nightingale,5,secondary,1,0,0.0,1,0,0,1,0,26.9,110,0,0,0,0,0,0,1,4.5
44087,23,male,Doll,4,tertiary,1,1,1.3,0,0,0,0,0,20.8,101,0,0,0,0,0,0,0,4.3
56457,41,female,Rose,5,primary,0,0,0.0,0,0,1,1,0,23.1,124,1,0,0,0,0,0,0,8.0
83946,34,male,Hill,2,tertiary,0,1,7.8,0,1,0,0,0,25.3,90,0,0,0,0,0,0,0,7.8
35199,61,female,Rose,2,secondary,0,0,0.0,0,1,0,1,0,29.8,131,0,0,0,0,0,0,0,6.2
62707,36,male,Doll,5,tertiary,1,0,0.0,1,0,0,1,0,22.8,111,0,0,0,0,0,0,1,7.1
14787,58,female,Snow,2,secondary,0,0,0.0,0,1,1,1,0,33.3,138,0,0,0,0,0,0,0,7.4
65993,61,male,Rose,3,tertiary,0,1,13.5,0,0,0,0,0,35.6,135,0,0,0,0,1,0,0,5.8
53085,27,female,Nightingale,3,secondary,1,1,2.5,0,0,0,1,0,18.9,105,0,0,0,0,0,0,0,7.1
91252,37,female,Snow,4,secondary,1,1,8.0,0,0,1,1,0,30.1,121,0,0,0,0,0,0,1,9.9
40135,56,female,Rose,2,secondary,1,1,13.8,1,0,0,0,0,28.3,116,0,0,0,0,0,0,1,8.1
46700,45,male,Nightingale,2,primary,0,1,13.3,1,1,1,0,0,26.6,116,0,0,0,0,1,0,1,8.2
51877,42,male,Doll,5,secondary,0,0,0.0,0,0,1,0,0,29.4,123,0,0,0,0,0,0,0,8.7
49636,39,female,Nightingale,5,tertiary,0,0,0.0,0,1,0,1,0,26.3,101,0,0,1,0,0,0,1,9.2
65639,49,female,Rose,2,primary,0,0,0.0,1,0,1,0,0,26.5,124,0,0,0,0,0,0,0,7.8
41385,31,male,Doll,4,tertiary,1,0,0.0,0,0,1,0,0,23.0,118,0,0,0,0,0,0,0,9.6
76794,52,female,Doll,4,secondary,1,0,0.0,0,0,0,0,1,26.0,108,0,0,1,0,0,0,1,8.0
60296,57,male,Doll,4,primary,1,1,9.6,1,0,0,0,0,34.0,110,0,1,0,1,0,0,0,8.9
42352,33,female,Doll,5,tertiary,0,0,0.0,1,0,1,0,0,25.0,97,0,0,0,0,0,0,0,8.7
68295,72,female,Hill,3,primary,0,0,0.0,0,1,0,0,0,26.1,140,0,0,0,0,0,0,1,9.5
85479,60,male,Doll,3,primary,1,0,0.0,1,0,1,0,0,35.3,124,0,0,0,0,0,0,0,6.7
38797,65,female,Snow,1,primary,0,1,9.4,1,1,0,0,0,24.2,123,0,0,0,0,0,0,1,9.1
80345,40,male,Hill,4,tertiary,1,1,4.2,0,1,1,1,1,28.1,129,0,0,1,0,0,0,0,9.1
17264,58,male,Rose,2,secondary,1,0,0.0,0,1,1,0,0,28.1,130,1,1,0,0,0,1,1,5.9
81431,27,male,Hill,4,secondary,1,0,0.0,0,0,0,1,1,23.5,110,1,0,1,1,0,0,0,6.5
74790,51,female,Hill,2,tertiary,1,0,0.0,0,0,0,0,0,22.5,116,1,0,0,0,0,0,0,9.2
76221,31,female,Rose,3,primary,1,0,0.0,1,0,0,1,1,29.5,93,0,0,0,0,0,0,1,7.4
16157,53,male,Rose,4,secondary,1,0,0.0,0,0,0,1,0,31.8,121,0,0,0,0,0,0,0,4.8
10504,78,male,Doll,5,tertiary,1,0,0.0,0,0,1,0,0,34.9,128,0,0,0,0,1,0,1,7.1
84943,66,male,Hill,5,secondary,0,0,0.0,0,1,1,0,0,34.4,138,0,0,0,0,0,0,0,7.4
79360,48,male,Nightingale,2,secondary,1,1,7.1,1,1,1,0,0,30.9,108,0,0,1,0,0,0,1,7.3
72205,22,male,Doll,2,primary,1,1,1.5,0,0,0,0,0,24.0,90,0,0,0,0,0,0,0,9.4
81750,46,male,Nightingale,2,secondary,0,1,6.1,1,1,0,1,0,24.0,129,0,0,0,0,1,0,1,9.6
40611,48,female,Doll,5,secondary,0,0,0.0,1,1,1,0,0,32.7,130,0,0,0,0,0,0,0,8.3
87518,26,female,Nightingale,3,primary,0,0,0.0,0,0,1,0,0,24.2,97,0,0,1,0,0,0,0,4.4
58560,18,female,Snow,1,primary,0,0,0.0,0,0,1,1,0,26.7,99,0,0,0,0,0,0,0,9.1
16777,24,female,Nightingale,2,tertiary,1,0,0.0,0,1,0,0,0,28.0,101,0,0,0,0,0,0,0,8.5
59621,60,male,Hill,1,secondary,0,0,0.0,1,1,1,0,0,34.9,132,0,0,0,0,1,0,1,7.1
49277,56,female,Nightingale,5,tertiary,0,0,0.0,1,1,0,1,0,32.9,113,0,0,0,0,0,1,1,6.2
87103,62,male,Snow,1,secondary,1,1,13.4,0,1,1,0,0,29.2,131,1,1,0,0,1,0,1,6.0
42948,39,female,Rose,4,tertiary,1,0,0.0,0,0,1,0,0,27.9,119,1,0,0,0,1,0,1,5.1
90792,49,male,Snow,2,tertiary,0,1,15.2,1,0,0,0,1,26.8,102,0,0,0,0,0,0,0,7.1
28441,72,female,Snow,1,secondary,0,1,10.8,1,0,1,0,1,33.2,145,0,0,1,0,0,0,0,6.9
27666,63,female,Doll,4,secondary,1,0,0.0,1,0,0,0,0,26.2,122,1,0,0,0,0,0,0,8.2
27182,33,female,Nightingale,2,secondary,0,0,0.0,0,0,0,1,0,23.1,97,0,0,0,0,0,1,0,7.3
84238,37,female,Doll,2,secondary,1,0,0.0,0,0,1,0,0,25.6,119,0,0,0,0,0,0,1,8.8
69431,56,female,Nightingale,1,secondary,0,1,16.6,1,1,0,1,0,29.2,134,1,1,0,0,0,0,1,9.0
35678,30,male,Doll,5,secondary,0,0,0.0,1,1,1,0,1,34.4,104,0,0,0,0,0,0,0,9.7
28662,43,female,Snow,1,secondary,0,1,9.6,1,1,0,0,0,29.1,133,0,0,1,0,0,0,1,9.1
64542,66,female,Doll,3,tertiary,0,0,0.0,0,0,0,1,1,29.3,140,0,0,0,0,0,0,1,6.9
26351,49,female,Doll,4,secondary,1,0,0.0,0,0,1,0,0,27.2,111,0,0,0,0,0,0,1,5.6
86037,26,male,Snow,3,primary,0,0,0.0,0,0,0,0,0,32.8,99,0,0,0,0,0,0,0,9.3
84014,33,female,Snow,1,tertiary,1,1,7.3,1,1,0,1,1,24.0,133,0,0,0,0,0,0,0,6.3
22626,21,male,Hill,1,primary,1,1,1.0,1,0,1,0,1,30.6,97,0,0,1,0,0,0,1,5.3
89097,67,female,Rose,2,secondary,1,1,25.6,0,1,0,1,0,24.6,118,1,0,0,0,0,0,0,8.7
65969,20,female,Rose,3,secondary,1,0,0.0,1,0,0,0,0,24.3,110,0,0,0,0,0,1,0,9.6
47813,30,male,Doll,5,secondary,1,1,3.4,0,1,0,0,0,28.5,101,0,0,1,0,0,0,0,4.4
26162,19,female,Hill,3,secondary,1,0,0.0,0,1,1,1,0,29.6,105,0,0,0,0,0,0,0,8.7
88772,76,female,Rose,4,tertiary,0,1,13.8,0,0,0,0,0,23.1,135,0,0,0,0,0,0,0,7.4
41663,60,female,Snow,3,secondary,1,1,12.3,1,1,0,0,0,28.0,137,0,0,0,0,0,0,1,7.2
41918,53,female,Doll,2,primary,0,0,0.0,0,1,0,0,0,30.8,115,0,0,0,0,0,0,0,6.5
19050,67,male,Snow,1,primary,0,0,0.0,1,0,1,0,0,32.6,138,0,0,0,0,0,0,0,8.6
81414,30,female,Doll,3,secondary,0,0,0.0,0,1,0,0,0,29.1,109,0,0,0,0,0,0,0,7.0
65881,71,female,Nightingale,4,secondary,1,0,0.0,1,0,0,0,1,26.0,124,0,0,0,1,0,1,1,4.1
32656,40,male,Doll,3,secondary,1,0,0.0,0,0,0,0,0,24.7,113,0,0,0,0,0,0,0,8.1
64311,69,female,Doll,4,secondary,1,0,0.0,1,0,1,0,0,25.8,138,0,0,0,0,0,0,1,7.6
77010,60,female,Nightingale,1,secondary,0,1,12.3,1,0,0,0,0,23.4,131,0,0,0,0,0,0,1,7.6
56022,44,male,Hill,3,tertiary,1,0,0.0,1,1,0,0,0,32.3,124,0,0,0,0,0,0,0,5.3
21004,68,male,Nightingale,2,primary,0,0,0.0,0,1,1,0,0,23.2,127,0,0,0,0,0,0,0,5.4
62984,31,male,Rose,3,secondary,1,0,0.0,0,0,0,0,0,23.9,103,0,0,0,0,0,0,0,6.1
63620,42,female,Nightingale,3,tertiary,1,0,0.0,0,0,1,0,1,31.9,120,1,0,0,0,0,0,0,8.0
10141,51,female,Snow,1,secondary,0,0,0.0,0,1,1,0,0,30.2,134,0,0,0,0,0,0,0,6.3
84896,25,female,Hill,3,secondary,0,1,1.2,0,0,0,1,0,24.7,110,0,0,1,0,0,0,0,6.4
68641,50,female,Nightingale,3,secondary,0,0,0.0,0,0,0,0,0,25.5,127,1,0,0,0,0,0,0,9.9
23654,74,male,Snow,1,primary,1,1,15.8,1,0,0,0,1,18.0,124,0,0,0,1,1,0,1,9.8
57153,26,male,Rose,2,secondary,0,0,0.0,0,1,1,1,0,29.2,109,0,0,0,0,0,0,0,4.4
54313,26,male,Rose,5,secondary,1,1,2.9,0,1,0,0,0,24.3,116,0,0,0,0,0,0,0,6.9
16714,63,female,Nightingale,3,secondary,1,0,0.0,0,0,0,0,0,28.4,122,0,0,0,0,0,0,1,5.2
45777,34,male,Snow,1,primary,0,0,0.0,0,0,0,1,0,28.0,101,0,0,0,0,0,0,0,5.9
34526,35,female,Doll,3,primary,1,0,0.0,1,0,1,0,0,30.4,91,0,0,0,0,0,0,1,6.0
82431,25,male,Hill,4,tertiary,1,0,0.0,0,0,0,1,0,24.1,122,0,0,0,0,0,0,0,8.4
69739,43,female,Hill,5,secondary,0,0,0.0,0,0,0,1,0,26.1,106,0,0,0,0,0,1,0,6.3
89641,23,female,Doll,2,secondary,0,1,1.8,0,1,1,0,0,29.8,122,0,0,0,0,0,0,0,5.5
55611,60,male,Nightingale,1,primary,1,0,0.0,0,1,0,0,0,32.6,120,0,0,0,0,1,0,0,6.6
35558,24,male,Rose,2,secondary,0,0,0.0,1,0,1,1,0,33.6,120,1,0,0,0,0,0,0,5.4
10587,62,female,Doll,4,tertiary,1,1,10.2,0,0,0,0,0,25.4,123,0,0,0,0,0,1,0,9.8
48655,51,male,Rose,4,secondary,1,0,0.0,0,0,0,0,0,27.2,123,0,0,0,0,0,0,0,5.5
35211,62,female,Rose,2,secondary,0,1,12.5,0,1,1,0,0,29.6,131,0,0,0,0,1,0,1,6.6
33206,74,female,Rose,2,secondary,1,1,26.9,0,1,0,0,0,25.8,136,0,0,1,0,0,0,1,7.1
84358,42,female,Hill,4,tertiary,1,0,0.0,0,0,0,0,0,24.6,116,0,0,0,0,0,0,1,5.0
43412,28,male,Doll,5,secondary,1,1,2.1,0,1,1,0,0,22.5,109,1,0,0,0,0,0,1,9.5
46421,29,male,Snow,4,secondary,0,0,0.0,0,1,1,1,0,25.5,118,0,0,0,0,0,0,0,7.8
75071,38,female,Nightingale,4,secondary,1,0,0.0,1,0,0,0,0,26.3,107,1,0,0,0,0,0,1,9.9
10817,73,female,Rose,2,secondary,1,0,0.0,1,1,1,0,0,32.4,120,0,0,1,0,1,0,1,4.8
79242,19,male,Snow,4,tertiary,1,0,0.0,1,0,1,1,0,26.4,99,1,1,1,0,0,0,1,7.0
47899,29,female,Doll,5,secondary,1,0,0.0,0,0,0,0,0,26.1,97,0,0,1,0,0,1,1,6.5
40340,22,female,Rose,4,secondary,0,1,1.9,0,0,0,0,0,23.8,128,0,0,0,0,0,0,0,4.9
77298,69,female,Doll,2,primary,0,1,13.5,0,0,1,0,0,30.6,137,0,0,1,0,0,0,1,9.6
21358,46,female,Hill,4,secondary,1,0,0.0,0,1,0,0,0,25.0,119,0,0,0,0,0,0,0,5.7
10954,61,male,Doll,2,primary,0,0,0.0,1,0,1,0,0,29.9,128,0,0,0,0,0,0,1,5.8
49940,31,male,Nightingale,3,secondary,0,0,0.0,0,1,0,0,0,28.5,111,0,0,0,0,0,0,0,7.2
39953,19,male,Rose,2,secondary,0,1,0.4,1,1,0,0,0,26.9,102,0,0,0,0,0,0,0,8.2
61667,78,female,Doll,3,secondary,0,1,11.5,0,0,1,0,1,28.3,138,0,0,0,0,1,0,1,4.4
71172,66,male,Nightingale,3,secondary,1,1,11.2,1,0,0,0,0,29.8,131,0,0,0,0,0,0,1,8.8
79620,66,female,Doll,5,secondary,1,0,0.0,0,0,0,0,0,25.6,124,0,0,0,0,0,0,0,6.5
26209,77,male,Rose,5,secondary,1,0,0.0,1,1,0,0,0,32.9,134,0,1,0,0,0,0,1,9.5
55822,26,male,Nightingale,2,secondary,0,1,2.0,0,0,0,1,1,24.2,125,0,0,0,0,0,0,0,8.0
79531,56,male,Nightingale,1,secondary,0,1,16.4,0,1,0,1,0,29.1,127,0,0,0,0,1,1,1,7.0
10274,19,male,Rose,2,primary,1,0,0.0,0,1,0,1,0,29.8,113,0,0,0,0,0,1,0,7.6
17824,54,male,Doll,3,tertiary,1,1,13.7,0,0,0,1,0,33.2,115,0,0,0,0,0,0,0,8.7
26358,22,female,Snow,3,secondary,1,0,0.0,0,0,0,0,1,23.1,99,0,0,0,0,0,1,1,6.4
29799,66,male,Snow,4,secondary,1,0,0.0,0,0,1,1,0,32.2,125,0,0,0,0,0,0,0,5.8
93782,37,male,Doll,5,tertiary,0,0,0.0,1,0,0,0,0,30.2,117,0,0,0,0,0,0,0,5.9
88963,42,male,Doll,2,secondary,0,0,0.0,0,1,0,0,0,31.6,121,0,0,0,0,1,1,0,8.1
43441,37,male,Doll,5,secondary,0,0,0.0,0,1,1,0,0,30.9,113,0,0,0,0,0,0,0,5.5
97521,51,female,Snow,4,primary,1,0,0.0,1,1,1,0,0,25.2,119,1,1,0,0,0,0,1,9.9
53508,24,male,Snow,4,secondary,0,0,0.0,1,0,0,1,0,23.8,123,1,0,0,0,0,0,0,4.8
21532,27,female,Doll,5,secondary,1,0,0.0,1,1,1,0,0,30.6,104,0,0,0,0,0,1,1,4.4
77720,28,female,Snow,3,secondary,1,1,3.9,1,1,0,0,0,20.8,90,0,0,0,0,0,0,0,6.9
52638,22,female,Snow,2,secondary,1,0,0.0,0,0,0,0,1,24.3,98,0,0,1,0,0,1,1,4.0
25430,29,male,Doll,2,secondary,0,1,3.1,1,1,1,0,1,28.7,119,0,0,0,0,0,0,0,6.1
68235,21,female,Rose,3,secondary,0,1,1.5,0,1,0,0,0,28.4,128,1,0,0,0,0,0,1,9.7
27802,74,male,Hill,4,secondary,1,0,0.0,0,0,1,0,0,33.9,139,1,0,0,0,0,0,1,7.9
18256,42,male,Nightingale,4,secondary,1,0,0.0,0,1,0,0,1,24.6,112,0,0,0,0,0,0,1,8.5
87711,62,female,Rose,4,secondary,0,0,0.0,0,0,0,0,1,22.8,131,0,0,0,0,0,0,0,5.1
11368,36,female,Nightingale,2,secondary,0,1,7.6,0,1,1,1,0,30.0,126,0,0,0,0,0,0,0,6.0
80600,36,male,Snow,4,tertiary,1,0,0.0,0,0,1,0,0,24.9,101,0,0,0,0,0,0,0,4.2
73377,53,female,Rose,3,tertiary,1,0,0.0,1,0,1,0,1,30.3,109,0,0,0,0,0,0,0,8.5
63666,41,female,Nightingale,2,secondary,1,1,11.1,0,1,1,1,1,31.2,103,0,0,0,0,0,0,0,5.5
79495,54,female,Rose,2,primary,0,1,18.2,0,0,1,0,0,37.1,138,0,1,1,0,0,0,0,8.9
17426,74,female,Doll,3,secondary,0,0,0.0,1,1,0,0,0,31.4,126,1,0,0,0,0,0,0,7.5
80832,78,male,Doll,5,secondary,1,0,0.0,0,0,0,1,0,25.0,146,0,0,0,0,0,0,1,5.7
68180,27,female,Doll,2,secondary,1,0,0.0,1,1,1,0,0,33.9,108,0,0,0,0,0,0,1,5.8
14053,51,male,Snow,3,primary,0,1,9.0,0,0,0,0,0,26.4,115,0,0,0,0,1,0,1,7.5
82236,74,male,Hill,4,primary,1,0,0.0,0,1,1,0,0,30.5,130,0,0,0,0,1,0,1,9.4
82504,78,male,Hill,2,secondary,0,0,0.0,0,0,1,0,0,28.6,135,0,0,1,0,0,0,1,7.0
93315,77,female,Rose,2,secondary,0,0,0.0,0,0,1,0,1,30.1,140,0,0,0,0,0,0,0,5.3
30052,62,female,Nightingale,2,secondary,1,0,0.0,1,1,1,0,1,38.1,134,1,0,0,0,0,0,0,8.7
47279,47,female,Doll,3,secondary,1,1,13.3,0,0,0,0,0,28.0,125,0,1,0,0,0,0,0,6.3
47023,28,female,Snow,4,tertiary,1,0,0.0,1,1,0,0,0,31.4,113,0,0,0,0,0,0,1,8.5
64338,65,male,Doll,4,secondary,0,0,0.0,0,0,0,0,1,22.4,112,0,0,0,0,0,0,0,9.7
88432,58,female,Doll,3,primary,0,0,0.0,1,1,1,0,0,27.1,116,0,0,0,0,0,0,0,6.2
47196,22,male,Doll,4,secondary,1,0,0.0,0,0,0,1,0,26.9,112,0,0,0,0,0,1,0,5.1
97688,43,male,Snow,1,primary,1,1,12.2,0,1,0,0,0,27.8,113,0,1,0,0,0,0,1,5.6
31683,27,female,Snow,3,secondary,0,1,1.7,0,0,0,0,1,25.9,107,0,0,0,0,0,0,0,9.3
44259,65,female,Doll,2,primary,1,1,18.2,1,1,1,0,0,31.5,122,0,0,0,0,0,0,0,9.8
48215,67,female,Hill,5,secondary,1,0,0.0,0,1,0,0,0,26.4,115,0,0,0,0,1,0,1,7.2
37011,26,male,Doll,3,secondary,0,1,2.9,1,0,1,0,0,30.3,98,1,0,0,0,0,0,0,9.0
61394,52,female,Hill,4,secondary,1,0,0.0,1,0,0,1,0,24.0,125,0,0,0,0,0,0,0,7.4
28433,44,female,Doll,2,secondary,0,0,0.0,0,1,1,0,0,27.3,116,0,0,0,0,0,0,0,5.3
47681,43,female,Doll,5,tertiary,1,0,0.0,0,0,0,0,0,23.6,114,0,0,0,0,0,0,0,6.3
35394,67,female,Doll,5,tertiary,1,0,0.0,0,0,0,0,0,27.3,116,1,0,0,0,0,0,1,5.5
97263,32,female,Snow,2,secondary,0,1,5.9,0,0,1,0,0,30.5,129,0,0,0,0,0,0,0,7.1
97850,56,female,Nightingale,3,secondary,1,1,19.6,1,1,1,0,0,34.3,131,0,1,0,0,0,0,1,4.9
98541,73,male,Rose,4,secondary,0,0,0.0,0,0,1,0,0,30.0,125,0,0,0,0,1,1,1,8.5
23591,22,male,Snow,1,primary,0,1,1.4,0,0,1,0,0,26.3,114,0,0,0,0,0,0,0,8.4
36039,23,female,Doll,3,secondary,0,1,1.6,0,0,1,0,1,31.2,129,0,0,0,0,0,0,0,9.6
15508,19,male,Nightingale,3,secondary,0,0,0.0,0,0,1,0,0,26.6,105,1,0,0,0,0,0,0,6.3
84782,36,male,Nightingale,3,primary,0,0,0.0,0,0,1,1,0,29.7,112,0,0,0,0,0,0,0,4.4
97635,28,male,Hill,3,secondary,1,1,2.5,0,0,1,0,0,30.9,98,1,0,0,0,0,0,0,7.7
59522,62,female,Doll,5,secondary,1,0,0.0,0,0,1,0,0,17.1,106,0,0,0,0,0,0,1,7.1
87038,41,male,Hill,5,tertiary,0,1,9.2,0,0,0,0,0,21.8,96,0,0,0,0,0,0,0,5.3
98204,26,female,Snow,1,secondary,1,1,1.7,1,0,0,1,0,26.8,114,0,0,0,0,0,1,1,4.6
28648,52,female,Nightingale,1,primary,0,0,0.0,1,0,0,0,0,28.0,120,1,0,0,0,0,0,0,5.3
83259,69,male,Rose,2,secondary,1,1,11.3,1,0,1,0,0,24.6,134,1,0,0,0,0,0,0,5.0
35273,55,female,Doll,3,secondary,0,0,0.0,1,0,0,0,1,29.4,129,0,0,0,0,0,1,0,4.2
71045,67,male,Hill,1,secondary,0,0,0.0,0,0,1,0,0,28.8,109,1,0,0,0,0,0,0,4.7
61551,50,male,Nightingale,1,primary,0,0,0.0,1,1,0,0,1,26.4,106,0,0,0,0,0,0,0,5.4
38420,32,female,Doll,3,secondary,1,0,0.0,1,1,1,0,0,27.8,106,0,0,0,0,0,0,1,10.0
39891,65,female,Hill,1,primary,1,0,0.0,1,0,1,0,0,27.1,138,0,0,0,0,0,0,0,4.9
18067,25,female,Rose,5,primary,1,0,0.0,0,0,1,1,0,30.3,110,0,0,0,0,0,0,0,8.7
28938,47,female,Doll,2,secondary,0,1,10.1,1,0,0,0,1,28.0,131,0,0,1,0,0,0,0,9.8
36544,55,female,Rose,2,secondary,0,0,0.0,1,0,0,0,0,19.8,104,0,0,0,0,0,0,0,6.5
99814,60,male,Doll,4,tertiary,1,0,0.0,0,0,0,1,0,24.0,126,0,1,0,0,0,0,1,10.0
52152,42,male,Doll,2,secondary,0,1,7.7,0,0,0,0,0,27.8,96,0,0,0,0,0,0,0,9.3
13089,20,male,Snow,4,primary,1,1,0.8,1,0,1,1,1,25.7,103,0,0,1,0,0,0,0,4.8
29262,22,male,Snow,4,tertiary,1,1,1.2,1,0,1,1,0,26.3,112,0,0,0,0,0,0,0,7.2
47707,36,female,Nightingale,4,secondary,1,0,0.0,1,0,1,0,0,24.1,120,0,0,0,0,0,0,0,4.1
16783,24,male,Rose,5,tertiary,0,0,0.0,0,0,0,0,0,30.1,98,0,0,0,0,0,0,0,8.1
50637,55,female,Rose,5,tertiary,1,1,13.6,0,0,0,0,0,25.0,112,0,0,0,0,0,0,0,8.6
55684,22,male,Hill,3,secondary,0,1,0.9,1,0,1,0,0,31.7,114,0,0,0,1,0,0,0,6.3
93830,64,male,Doll,3,secondary,0,0,0.0,1,0,0,0,0,26.7,126,0,0,0,0,0,0,0,4.3
59975,73,male,Hill,4,tertiary,1,0,0.0,1,0,0,0,0,24.4,117,0,0,0,0,0,1,1,5.5
45100,77,female,Nightingale,4,secondary,1,0,0.0,0,0,0,0,0,30.2,133,0,0,0,0,1,0,0,8.7
65538,30,female,Nightingale,2,secondary,1,0,0.0,1,1,0,1,0,26.6,123,0,0,0,0,0,0,0,4.3
27424,79,female,Snow,1,secondary,1,0,0.0,1,0,1,0,1,34.0,138,0,1,0,0,1,0,1,8.1
44068,61,female,Doll,3,secondary,1,1,15.8,0,0,1,0,0,28.5,117,0,0,0,0,0,0,0,6.0
62850,45,male,Snow,1,primary,0,0,0.0,1,0,0,0,0,35.2,127,0,0,0,0,0,0,0,4.6
26672,74,female,Nightingale,3,secondary,1,1,16.9,0,0,0,0,0,33.1,139,0,0,0,0,0,0,1,7.3
85093,51,male,Snow,3,secondary,1,1,8.6,0,1,1,0,1,35.3,121,0,0,1,0,0,0,1,9.4
29314,29,female,Snow,3,tertiary,1,0,0.0,0,0,0,1,0,31.5,106,0,0,0,0,0,1,1,9.1
35241,25,male,Hill,2,secondary,0,0,0.0,1,0,0,1,0,24.3,110,0,0,0,0,0,0,0,6.1
77029,33,female,Rose,5,secondary,1,1,3.9,0,0,0,0,1,27.9,91,0,0,0,0,0,0,0,6.6
31248,50,female,Doll,2,secondary,0,1,8.2,0,1,0,0,1,23.4,107,0,0,1,0,0,0,0,5.5
69908,61,female,Snow,4,secondary,1,1,13.5,0,0,1,0,0,25.7,120,0,0,0,0,0,0,0,6.6
99443,20,male,Hill,3,tertiary,0,1,0.8,0,0,1,0,1,23.1,90,1,0,0,0,0,0,0,9.2
68805,58,female,Nightingale,4,secondary,0,1,15.5,0,1,1,0,0,28.0,125,0,0,0,0,0,1,0,5.0
37425,71,female,Nightingale,2,secondary,1,0,0.0,0,1,0,0,0,33.6,125,0,0,0,0,1,0,1,8.2
28791,45,female,Nightingale,3,secondary,1,0,0.0,0,1,0,0,0,30.3,115,0,0,0,0,0,0,1,9.9
64475,40,male,Rose,3,tertiary,1,0,0.0,0,0,1,0,0,33.8,125,0,0,0,0,0,0,0,9.1
73407,23,female,Rose,2,primary,0,0,0.0,1,1,0,0,1,30.1,91,0,0,1,0,0,1,1,4.2
41535,46,male,Doll,2,secondary,1,0,0.0,0,1,0,1,0,35.6,126,0,0,0,0,0,0,0,4.7
75810,54,male,Doll,2,secondary,0,0,0.0,0,1,1,0,0,22.6,121,0,0,0,0,1,0,0,9.1
37964,62,female,Hill,1,primary,0,0,0.0,0,1,0,0,0,29.3,125,0,0,0,0,0,0,0,4.1
80072,45,female,Doll,2,primary,0,1,13.9,0,0,1,1,0,31.1,109,0,0,0,0,0,0,0,7.0
66284,25,male,Nightingale,2,secondary,0,0,0.0,0,1,1,0,1,24.0,94,0,0,1,0,0,0,1,5.9
28833,20,female,Rose,5,tertiary,1,0,0.0,1,0,0,0,1,22.8,113,0,0,0,0,0,0,1,7.8
98378,63,female,Nightingale,3,secondary,0,1,11.7,1,0,1,0,0,26.7,111,0,0,0,0,1,0,1,4.5
27158,56,male,Doll,4,secondary,1,1,19.6,1,0,0,0,0,26.4,114,0,0,0,1,0,0,1,9.1
19409,27,female,Doll,4,secondary,1,0,0.0,0,0,0,0,1,22.9,102,1,0,0,0,0,0,0,8.0
94938,24,female,Snow,4,secondary,1,0,0.0,0,0,0,1,0,22.5,101,0,0,0,0,0,0,0,4.5
25924,42,male,Rose,3,secondary,1,0,0.0,0,1,1,0,0,32.0,106,0,0,0,0,0,0,0,7.8
39854,58,male,Doll,2,primary,0,0,0.0,1,1,1,1,0,27.0,131,0,0,0,0,1,0,0,7.4
17968,72,male,Doll,3,secondary,1,1,15.7,0,0,1,1,0,29.5,130,0,0,0,0,0,0,1,6.7
30277,30,male,Snow,1,secondary,0,0,0.0,1,0,0,1,1,24.7,110,0,0,0,0,0,0,0,9.2
39530,67,female,Nightingale,5,tertiary,1,0,0.0,0,0,1,0,0,27.3,129,0,0,1,0,0,0,1,4.8
13543,44,male,Doll,3,secondary,1,0,0.0,0,0,1,1,0,23.2,114,0,0,0,0,0,1,1,9.6
95655,78,female,Nightingale,5,tertiary,1,0,0.0,0,0,0,0,1,25.7,125,0,0,0,0,0,0,0,8.6
16030,53,female,Snow,1,primary,0,0,0.0,0,0,0,1,0,32.4,129,0,0,0,0,0,0,0,7.0
67582,42,male,Nightingale,2,primary,0,1,10.5,1,0,1,0,1,32.8,115,1,0,0,0,0,0,0,9.4
76199,27,male,Nightingale,1,tertiary,0,1,3.4,1,0,1,0,0,29.7,102,0,0,0,1,0,0,0,7.9
33340,35,male,Doll,3,primary,0,0,0.0,1,0,0,0,0,29.5,120,0,0,0,0,0,0,0,5.5
89062,26,male,Doll,5,secondary,1,0,0.0,1,1,0,1,0,23.5,100,1,0,0,1,0,0,1,9.5
41440,27,male,Snow,4,tertiary,1,0,0.0,0,0,1,0,0,25.7,104,0,0,0,0,0,0,0,9.0
86147,77,female,Doll,2,secondary,0,0,0.0,0,1,1,0,0,30.6,134,0,0,0,1,1,0,1,9.7
42011,40,female,Nightingale,1,secondary,1,1,7.6,1,1,0,0,0,31.0,118,0,0,0,1,0,0,1,9.8
98249,50,male,Doll,3,primary,1,0,0.0,1,0,0,0,1,28.0,114,0,0,0,0,0,0,0,8.0
23978,41,female,Snow,2,secondary,0,0,0.0,1,1,1,0,1,31.2,108,0,0,0,0,0,0,0,4.1
21070,36,female,Hill,3,secondary,1,1,5.6,0,1,1,0,1,28.9,109,0,0,0,0,0,0,0,4.3
55324,24,male,Snow,4,tertiary,1,0,0.0,1,0,0,0,0,19.9,104,0,0,0,0,0,0,0,6.8
29402,56,male,Snow,3,secondary,1,1,16.6,1,1,0,1,0,27.1,159,0,0,0,0,1,0,1,7.4
12783,43,female,Nightingale,4,secondary,1,0,0.0,1,0,1,0,1,24.6,107,1,0,0,0,0,0,0,7.5
99940,36,male,Snow,4,tertiary,1,0,0.0,0,0,0,1,0,29.5,118,0,0,0,0,0,0,0,5.1
45519,38,female,Rose,2,primary,0,1,8.0,0,1,0,0,0,22.1,111,0,0,0,0,0,0,0,7.0
82878,66,male,Snow,1,primary,0,1,11.6,1,0,1,0,0,29.7,116,0,0,0,1,0,0,0,5.5
24858,41,male,Doll,4,tertiary,1,0,0.0,0,1,0,0,0,27.0,97,0,0,0,0,0,0,0,6.6
33246,59,female,Hill,2,secondary,0,0,0.0,0,0,1,0,0,28.7,123,0,0,1,0,0,0,0,6.6
61844,60,male,Snow,4,tertiary,1,0,0.0,0,0,1,1,0,29.9,111,0,0,0,0,0,0,0,9.7
63513,19,male,Doll,5,tertiary,1,0,0.0,0,0,0,0,0,25.0,103,0,1,1,0,0,0,1,6.2
66978,73,female,Rose,4,secondary,1,1,21.1,0,1,1,1,0,30.4,138,0,1,0,0,0,1,1,6.7
64337,19,female,Snow,4,secondary,0,0,0.0,0,0,0,1,1,26.4,102,0,0,1,0,0,0,0,4.6
29066,70,male,Hill,2,primary,0,0,0.0,1,1,1,0,1,33.7,137,0,0,1,0,0,0,0,8.6
33409,37,female,Doll,2,primary,0,1,5.2,1,1,1,0,0,31.9,104,0,0,0,0,1,1,1,5.8
12071,69,female,Hill,1,tertiary,0,1,19.9,0,1,0,0,0,25.8,129,0,0,0,0,0,0,0,4.8
13213,53,male,Hill,4,secondary,1,0,0.0,0,0,0,0,0,24.6,119,0,0,0,0,0,0,0,8.0
22480,44,female,Nightingale,4,tertiary,1,1,6.9,0,0,0,0,0,17.7,135,0,0,0,0,0,1,0,9.0
56299,60,female,Hill,3,tertiary,0,0,0.0,0,0,0,0,0,24.4,114,0,0,0,0,0,0,0,9.8
45979,26,male,Snow,2,secondary,1,0,0.0,1,1,0,1,0,33.5,111,0,0,0,0,0,0,0,8.6
40227,36,male,Nightingale,4,secondary,1,0,0.0,1,1,0,0,0,27.6,109,0,0,0,0,0,0,1,9.4
60256,61,male,Nightingale,2,primary,0,0,0.0,0,0,1,1,0,32.9,137,0,0,0,0,1,0,1,5.4
18544,19,male,Rose,3,secondary,0,0,0.0,1,0,1,1,0,28.3,111,0,0,0,0,0,0,0,8.4
94889,53,male,Doll,3,secondary,1,0,0.0,0,0,1,0,0,27.7,102,0,0,0,0,0,1,1,6.3
44844,68,female,Hill,4,tertiary,1,0,0.0,0,1,1,0,0,29.3,132,0,0,0,0,0,0,0,5.9
74580,27,female,Nightingale,4,secondary,1,0,0.0,1,0,0,1,1,29.4,110,0,0,0,0,0,0,0,8.4
92705,57,male,Doll,3,secondary,1,0,0.0,0,1,0,1,0,24.4,140,0,1,0,0,0,0,1,9.7
27006,47,female,Hill,2,secondary,0,1,5.9,1,0,0,0,1,28.3,118,0,0,0,0,0,0,0,7.6
54927,38,female,Hill,4,primary,1,0,0.0,0,0,0,1,0,24.0,111,0,0,0,0,0,0,0,9.9
75467,18,female,Snow,2,secondary,0,0,0.0,1,0,1,0,0,26.6,92,1,0,0,0,0,0,0,8.4
66690,21,male,Rose,5,tertiary,1,0,0.0,0,0,0,0,1,29.0,104,1,0,0,0,0,0,0,5.2
79706,27,female,Nightingale,4,secondary,0,0,0.0,0,0,0,1,1,21.2,102,0,0,0,0,0,0,1,8.6
84045,30,male,Rose,5,tertiary,1,0,0.0,0,0,0,1,0,29.3,99,0,0,0,0,0,0,0,5.2
18796,70,female,Nightingale,3,secondary,1,0,0.0,1,0,1,0,1,29.1,103,0,0,0,0,0,0,0,8.3
40713,39,male,Nightingale,1,secondary,0,0,0.0,0,1,0,1,0,26.0,118,0,0,0,0,0,0,0,5.7
76960,21,male,Nightingale,3,secondary,0,0,0.0,0,1,0,1,0,29.4,105,0,0,0,0,0,1,0,6.0
18340,47,male,Doll,4,secondary,1,1,9.4,0,0,0,0,0,23.5,122,0,0,0,0,0,1,1,7.8
36784,69,female,Doll,2,secondary,0,0,0.0,1,0,0,0,0,26.0,123,0,0,0,0,0,0,0,7.3
27522,35,male,Doll,2,tertiary,0,1,5.5,1,0,1,1,0,29.4,125,0,0,0,0,0,0,0,9.6
48325,77,male,Doll,5,secondary,1,0,0.0,0,0,0,0,0,27.6,137,0,0,0,0,0,0,0,7.2
63554,73,male,Rose,5,tertiary,1,0,0.0,0,1,1,0,0,35.4,108,0,1,0,0,1,0,1,9.8
25330,75,female,Hill,1,secondary,0,1,26.2,1,0,1,0,1,24.7,105,0,0,1,1,0,0,1,4.9
44864,32,female,Hill,4,secondary,0,0,0.0,1,0,1,0,0,34.3,118,0,0,0,0,0,0,1,9.2
94020,67,female,Nightingale,1,secondary,1,0,0.0,0,0,0,0,0,29.8,128,0,0,0,0,0,0,0,8.8
15438,43,female,Nightingale,2,secondary,0,1,7.0,0,1,0,0,0,27.9,123,1,0,0,0,0,0,0,9.7
56788,43,female,Doll,2,secondary,0,0,0.0,0,0,1,1,1,22.1,120,0,0,0,0,0,0,0,8.9
39728,37,female,Hill,3,secondary,0,1,9.6,0,0,1,0,0,30.5,107,0,0,0,0,0,0,0,5.4
17847,70,male,Rose,3,secondary,1,0,0.0,0,0,0,0,0,28.6,127,0,0,0,0,0,0,1,8.9
52127,54,female,Hill,5,secondary,1,0,0.0,0,0,0,0,0,27.4,125,0,0,0,0,0,0,1,5.9
84433,64,male,Rose,3,primary,1,1,14.3,0,0,0,0,0,26.5,128,0,0,0,0,0,0,0,5.9
44103,23,male,Hill,2,secondary,1,0,0.0,1,0,0,0,0,26.6,94,0,0,0,0,0,1,0,7.3
74628,50,female,Doll,5,secondary,1,1,7.0,1,0,0,0,1,28.4,119,1,0,1,0,0,0,1,5.0
17244,58,male,Nightingale,2,tertiary,0,0,0.0,0,0,0,0,0,26.4,118,0,0,0,0,0,0,0,5.4
28627,18,male,Nightingale,4,tertiary,0,0,0.0,0,0,0,0,0,21.0,104,0,0,0,0,0,0,0,7.3
94617,68,male,Snow,2,primary,1,0,0.0,1,0,0,0,0,25.2,115,0,1,0,0,0,1,1,5.2
30229,62,male,Nightingale,4,tertiary,1,1,8.9,0,0,1,0,0,30.2,133,0,0,0,0,0,0,0,8.3
17517,44,female,Rose,2,secondary,1,0,0.0,1,1,0,0,1,21.1,103,1,0,0,0,0,0,1,9.7
82422,50,female,Hill,2,secondary,0,0,0.0,1,0,1,0,1,26.9,108,0,0,0,0,0,0,0,8.2
68995,56,male,Snow,2,secondary,1,1,15.0,0,0,0,1,0,29.1,117,0,0,0,0,0,0,0,8.6
16857,45,female,Doll,4,secondary,1,0,0.0,1,1,0,0,0,30.5,128,0,0,1,0,0,0,0,6.2
85220,47,male,Rose,5,secondary,0,1,7.2,0,0,1,1,0,30.1,109,0,0,0,0,1,0,0,7.7
24343,45,male,Doll,2,secondary,0,0,0.0,0,0,0,1,0,18.7,110,1,0,0,0,0,0,0,7.1
67585,69,female,Hill,5,secondary,1,0,0.0,0,0,0,1,0,21.6,112,0,0,0,0,0,0,0,7.9
60340,31,female,Hill,1,secondary,0,1,4.7,1,0,1,1,0,27.3,131,1,0,0,0,0,0,0,6.0
70821,58,female,Snow,3,secondary,1,0,0.0,1,1,0,0,0,28.9,137,0,0,0,0,0,0,1,6.6
64265,28,male,Hill,2,secondary,0,0,0.0,1,1,1,0,0,27.7,100,0,0,0,0,0,0,0,8.4
48686,57,female,Hill,1,secondary,1,0,0.0,0,1,1,1,1,31.2,132,0,0,1,0,0,0,1,6.4
36344,38,male,Doll,2,secondary,0,0,0.0,1,0,1,1,0,20.0,107,0,0,0,0,0,0,0,8.0
71697,21,female,Rose,4,secondary,1,0,0.0,1,0,1,1,0,25.4,105,0,0,1,0,0,0,0,9.7
43656,77,male,Snow,2,primary,0,0,0.0,1,1,1,0,0,33.9,131,0,1,0,0,0,0,1,9.4
92877,20,female,Snow,1,secondary,0,0,0.0,0,0,0,1,0,25.4,104,0,0,0,0,1,0,0,8.2
55900,53,male,Doll,2,primary,0,0,0.0,0,1,0,0,1,34.2,125,1,0,1,0,0,0,1,8.8
25294,58,female,Rose,4,tertiary,0,0,0.0,0,0,1,0,0,29.8,117,0,0,0,0,0,1,0,6.5
98466,62,female,Doll,2,secondary,1,1,22.6,0,1,0,0,0,32.5,129,0,0,0,0,1,0,1,6.4
86005,18,male,Hill,3,secondary,1,0,0.0,1,0,0,0,0,35.4,103,0,0,0,0,0,0,1,9.5
63581,30,male,Snow,1,secondary,0,0,0.0,1,1,1,1,1,24.0,106,0,1,0,0,0,0,0,9.8
31900,34,female,Doll,5,secondary,1,0,0.0,0,0,0,1,1,27.8,106,0,0,0,0,1,0,1,7.3
12894,52,female,Nightingale,1,secondary,1,1,14.7,0,1,0,1,0,32.2,133,0,0,0,0,0,0,1,9.6
56082,67,male,Nightingale,2,primary,1,0,0.0,0,1,0,0,0,28.8,125,0,0,0,0,0,0,0,5.7
17441,78,male,Nightingale,2,primary,0,0,0.0,0,1,1,0,0,29.9,108,0,1,1,0,0,0,1,10.0
44834,49,female,Doll,4,tertiary,0,0,0.0,1,0,0,0,0,21.2,106,1,0,0,0,0,0,0,4.7
67538,59,male,Nightingale,3,secondary,1,0,0.0,0,1,1,0,0,29.4,116,0,0,0,0,1,0,0,9.2
78281,60,female,Doll,2,primary,1,1,20.1,1,1,1,1,0,34.3,132,0,0,0,1,0,1,1,5.2
43224,72,male,Hill,4,secondary,0,0,0.0,1,0,0,0,1,21.5,116,0,0,0,0,0,0,0,7.0
66057,59,female,Snow,3,secondary,1,0,0.0,0,0,0,0,0,21.9,118,0,0,0,0,0,0,0,5.3
75718,43,female,Rose,5,secondary,1,0,0.0,0,0,1,0,1,29.5,116,0,1,0,0,0,0,1,5.9
32513,70,female,Nightingale,4,tertiary,1,0,0.0,1,0,0,0,0,26.7,138,0,0,0,0,0,0,1,9.6
78352,56,male,Rose,5,tertiary,0,0,0.0,1,0,0,0,0,24.0,123,0,0,0,0,0,0,0,4.9
15349,68,male,Snow,1,secondary,1,0,0.0,0,1,1,0,0,34.6,133,0,0,0,0,0,0,0,8.9
93225,22,female,Rose,5,secondary,0,0,0.0,0,0,1,0,0,24.7,107,0,0,0,0,0,0,0,8.9
71144,57,male,Rose,2,secondary,0,1,19.1,1,1,0,0,1,32.1,116,0,0,0,0,0,0,0,7.6
47824,68,male,Snow,4,secondary,1,0,0.0,1,0,1,0,0,23.7,139,1,0,0,0,0,1,0,4.8
41333,39,male,Doll,4,tertiary,1,1,4.1,0,0,1,1,0,26.9,126,1,0,0,0,0,0,0,8.6
44682,22,female,Snow,2,primary,0,0,0.0,0,0,0,0,0,18.1,90,0,0,0,0,0,0,0,5.0
97927,51,male,Hill,1,primary,0,1,13.7,1,1,0,0,0,33.2,117,0,0,0,0,0,0,0,4.1
17107,43,male,Rose,5,tertiary,1,0,0.0,1,0,0,1,0,24.3,102,0,0,1,0,0,1,1,5.9
53939,67,male,Hill,2,secondary,0,1,25.4,1,1,0,0,0,28.2,128,0,0,0,0,0,0,0,8.6
96821,61,female,Snow,4,secondary,1,0,0.0,1,0,0,0,0,22.6,119,0,0,0,0,0,0,0,6.2
56968,65,female,Snow,3,secondary,0,0,0.0,1,0,0,0,0,29.9,120,0,0,0,0,0,0,0,8.4
73808,37,female,Doll,2,primary,0,1,8.8,1,1,0,0,0,38.0,131,1,0,0,0,0,0,0,8.7
10133,38,female,Snow,4,tertiary,1,0,0.0,1,1,1,0,0,29.2,112,1,0,0,0,1,0,1,8.2
69415,39,female,Hill,3,secondary,1,0,0.0,0,0,0,1,0,24.4,97,0,0,0,0,0,0,0,5.3
58603,41,male,Hill,2,secondary,1,1,11.5,1,1,1,0,0,28.7,131,0,0,0,0,0,0,0,6.7
31447,18,male,Hill,4,secondary,1,1,0.0,0,0,0,0,1,19.7,103,1,0,0,0,0,0,0,5.7
35077,21,male,Rose,3,secondary,1,1,1.1,0,0,0,1,0,21.7,102,0,0,0,0,0,0,0,5.8
48431,62,female,Nightingale,5,tertiary,1,1,7.8,0,0,1,1,0,27.2,115,0,0,0,0,1,1,1,5.9
60595,47,male,Rose,3,secondary,1,0,0.0,0,0,0,0,0,27.5,107,0,0,0,0,0,0,1,5.2
97390,31,female,Snow,1,secondary,0,0,0.0,1,0,0,1,1,30.9,123,0,0,1,0,1,0,1,4.6
55293,23,female,Hill,3,tertiary,0,0,0.0,1,0,1,1,0,30.1,111,0,0,0,0,0,0,0,9.4
68536,53,male,Hill,4,tertiary,1,1,9.0,1,0,1,0,0,28.5,124,0,0,0,0,0,0,0,5.2
75444,42,female,Rose,4,secondary,1,0,0.0,1,1,0,0,0,21.8,112,0,0,0,0,0,0,0,7.3
91154,51,female,Nightingale,1,secondary,0,1,10.3,0,0,1,0,0,25.1,117,0,0,0,0,0,0,0,7.9
78733,64,female,Doll,4,secondary,0,0,0.0,0,0,1,1,0,34.0,111,1,0,0,0,0,0,0,4.3
37248,32,male,Hill,2,secondary,0,1,7.2,0,1,0,1,1,27.3,111,1,0,0,0,0,0,0,9.8
64312,33,male,Rose,2,secondary,0,0,0.0,0,0,1,1,0,28.3,109,0,0,0,0,0,0,0,9.9
64035,22,male,Doll,3,primary,1,1,2.0,0,1,0,1,1,28.4,106,0,0,0,0,0,0,1,9.1
42240,20,male,Rose,3,primary,1,0,0.0,0,0,0,1,0,22.5,90,0,0,0,0,0,0,0,7.4
64539,43,male,Snow,2,secondary,1,0,0.0,0,0,0,1,1,28.2,121,1,0,1,0,0,0,1,7.7
56511,57,female,Hill,1,secondary,0,1,12.9,0,1,1,0,1,27.5,123,0,0,1,0,0,0,0,6.2
18263,78,female,Nightingale,5,secondary,1,0,0.0,0,0,0,0,1,26.6,128,0,0,0,0,0,0,0,6.7
82098,67,male,Snow,3,primary,1,0,0.0,1,0,0,0,0,36.0,123,0,0,0,0,1,1,0,5.1
79780,38,male,Hill,3,secondary,1,0,0.0,0,0,1,1,0,31.9,102,0,0,0,0,0,1,0,8.8
80093,72,male,Rose,4,secondary,0,0,0.0,0,0,0,0,1,27.2,133,0,0,0,0,0,0,0,8.1
22671,58,male,Hill,1,secondary,1,1,14.0,0,1,0,0,1,26.5,126,1,0,0,0,0,0,1,8.5
32618,56,female,Snow,3,tertiary,0,1,7.5,0,0,0,0,1,25.4,124,1,0,1,0,0,0,1,9.3
66273,63,male,Hill,4,secondary,1,0,0.0,1,1,0,0,1,30.0,122,0,0,0,0,0,0,0,8.4
89931,22,male,Rose,5,tertiary,1,1,1.3,0,1,0,0,0,25.4,120,0,0,0,0,0,0,0,4.7
90255,43,female,Snow,3,secondary,0,1,6.9,1,0,0,0,0,27.4,142,0,0,0,0,0,0,0,8.4
79450,21,female,Hill,2,tertiary,1,1,1.3,1,0,0,1,0,26.1,103,0,0,0,0,0,0,0,8.4
65528,48,male,Doll,5,secondary,1,1,5.8,1,0,0,0,0,20.7,103,0,0,0,0,0,0,0,5.9
88017,60,male,Snow,2,tertiary,1,0,0.0,0,0,0,0,0,24.0,116,1,0,0,0,0,1,1,8.5
33237,35,female,Nightingale,2,secondary,0,0,0.0,0,0,1,0,0,25.2,95,0,0,0,0,0,0,0,7.1
15421,63,female,Hill,2,secondary,0,1,18.3,0,1,0,0,0,30.6,122,0,0,0,0,0,0,0,8.2
10885,63,male,Rose,5,secondary,1,0,0.0,0,1,0,0,0,25.9,118,1,0,0,0,0,0,0,8.2
63827,33,male,Snow,2,primary,0,1,7.0,1,1,1,1,0,29.4,109,0,0,1,0,0,0,0,6.2
77671,42,female,Hill,4,secondary,1,0,0.0,0,0,1,0,1,26.7,112,0,0,0,0,0,0,0,8.2
75515,67,male,Snow,1,primary,0,1,17.4,0,1,0,0,0,36.1,129,0,1,0,0,1,0,1,8.2
75985,18,male,Hill,3,tertiary,0,0,0.0,0,1,0,1,0,26.2,98,0,0,0,0,0,0,0,5.6
76887,77,male,Doll,2,secondary,1,1,27.3,1,0,0,0,0,27.6,129,0,0,0,1,0,0,0,9.6
61335,39,male,Nightingale,5,tertiary,0,1,9.6,0,0,0,0,0,28.2,118,0,0,0,0,0,0,1,7.1
58934,27,female,Hill,5,tertiary,0,0,0.0,1,1,0,0,0,26.4,107,0,0,0,0,0,0,0,5.9
30543,47,female,Doll,4,secondary,0,0,0.0,1,1,1,0,0,35.0,121,0,0,0,0,0,0,0,6.8
11086,69,male,Nightingale,3,primary,0,0,0.0,1,0,0,0,1,28.6,135,0,0,0,0,0,0,0,5.2
11733,61,male,Doll,4,secondary,1,0,0.0,0,0,1,0,0,26.4,120,1,0,1,0,0,0,1,7.4
40917,42,female,Doll,5,tertiary,0,0,0.0,1,0,0,0,0,19.7,109,0,0,0,0,0,0,0,7.7
66785,28,female,Hill,3,secondary,0,1,2.9,0,1,0,0,0,26.8,121,0,0,0,0,0,0,0,7.7
55759,29,male,Hill,4,secondary,1,0,0.0,1,1,1,1,0,30.3,114,0,0,0,0,0,0,0,4.4
18008,32,female,Hill,2,tertiary,0,1,6.3,0,1,0,0,0,30.7,117,0,0,0,0,0,0,0,5.3
18558,40,male,Doll,5,tertiary,1,1,11.3,1,0,1,1,0,24.6,111,0,0,0,0,0,0,1,8.2
39296,79,female,Snow,1,primary,0,1,12.6,1,1,1,0,1,27.7,123,0,1,0,1,1,0,1,5.1
40153,54,female,Rose,4,primary,1,1,8.8,0,0,0,0,0,28.1,115,0,0,0,0,0,0,0,5.7
73642,53,female,Nightingale,3,tertiary,1,1,10.4,0,0,0,0,0,27.7,116,0,0,0,0,0,0,0,10.0
60628,47,male,Doll,2,secondary,1,1,7.2,1,1,1,0,0,24.1,114,0,0,0,0,0,0,0,9.0
58584,53,male,Nightingale,1,secondary,0,1,10.8,0,0,0,1,0,23.8,119,0,0,1,0,0,0,1,4.8
95509,22,female,Hill,3,primary,1,0,0.0,1,0,1,1,0,27.6,111,0,0,0,0,0,0,0,5.0
50264,23,male,Rose,3,tertiary,1,0,0.0,1,0,1,1,1,20.7,100,0,0,0,0,0,1,0,8.3
34773,37,male,Nightingale,4,secondary,1,0,0.0,1,0,1,1,0,31.2,115,0,1,1,0,0,0,1,8.7
15717,73,male,Doll,5,tertiary,1,0,0.0,0,1,1,0,0,30.1,117,1,0,0,0,0,0,1,8.7
14535,31,male,Rose,4,tertiary,0,0,0.0,0,0,1,0,0,26.6,114,0,1,0,0,0,0,1,7.7
61938,47,male,Snow,1,secondary,0,0,0.0,0,1,0,0,1,26.8,114,0,0,0,0,0,0,0,8.2
13505,79,male,Snow,2,primary,1,1,10.7,1,1,0,0,0,29.8,135,0,0,0,0,1,0,1,7.2
12234,23,male,Hill,2,secondary,1,0,0.0,0,1,0,1,0,22.0,98,1,0,0,0,0,0,0,8.4
34023,42,male,Snow,4,primary,0,0,0.0,0,0,0,0,0,27.8,109,0,0,0,0,0,0,0,5.5
84246,52,male,Doll,5,tertiary,1,1,14.1,1,0,1,0,0,25.0,101,0,0,0,0,0,0,1,8.8
77693,28,female,Rose,3,primary,1,0,0.0,0,0,0,0,0,21.6,113,1,0,0,0,0,0,0,5.6
94071,53,female,Rose,4,secondary,1,0,0.0,0,0,0,0,0,28.0,112,0,0,0,0,0,0,0,6.3
45428,57,male,Snow,3,secondary,1,1,11.4,0,1,1,0,0,35.3,106,0,0,0,0,0,0,0,4.3
49440,41,female,Rose,2,primary,0,0,0.0,1,0,1,0,0,30.2,110,0,0,0,0,1,0,1,9.7
75619,32,male,Snow,1,primary,1,0,0.0,1,1,0,0,0,27.8,118,0,0,0,0,0,0,1,9.7
97538,51,male,Doll,5,secondary,0,0,0.0,0,0,0,0,0,26.5,112,0,0,0,0,0,0,0,8.7
99450,18,female,Hill,3,secondary,0,0,0.0,0,0,0,1,1,26.9,108,0,0,1,0,0,0,1,6.8
56551,53,male,Hill,4,tertiary,1,1,18.2,0,0,0,0,0,24.9,130,0,0,0,0,0,0,1,8.6
68239,32,female,Nightingale,5,primary,1,0,0.0,0,0,0,1,0,22.5,112,0,0,0,0,0,0,0,6.1
35816,38,male,Doll,2,primary,0,1,8.8,0,1,1,0,0,28.7,101,0,0,0,0,1,0,1,9.1
86347,78,male,Hill,2,primary,0,1,25.3,1,1,0,1,0,33.8,149,0,1,0,1,0,0,0,4.2
10880,28,female,Doll,5,primary,1,0,0.0,0,0,0,0,1,28.2,93,1,0,0,0,0,1,1,8.5
78169,45,female,Snow,2,secondary,0,0,0.0,0,0,0,1,0,31.0,118,1,0,0,0,0,0,0,9.7
45816,35,female,Rose,3,secondary,1,0,0.0,0,0,1,0,0,28.6,100,1,0,0,0,0,1,0,6.9
70469,50,male,Hill,1,secondary,0,0,0.0,0,0,1,1,0,32.4,126,0,0,0,0,0,0,0,8.1
27427,52,male,Nightingale,2,tertiary,1,0,0.0,1,1,0,0,0,35.6,123,0,0,0,0,0,0,0,5.4
38386,24,female,Doll,3,tertiary,1,0,0.0,0,1,1,1,1,28.6,107,0,0,1,0,0,1,1,9.5
80249,56,male,Hill,4,secondary,1,1,15.0,0,0,1,1,0,22.1,119,0,0,0,0,0,1,0,4.6
53037,77,male,Rose,3,secondary,1,0,0.0,0,0,1,0,1,24.0,121,1,0,0,0,0,0,0,7.6
16968,39,male,Doll,5,tertiary,1,0,0.0,0,0,1,1,0,28.2,119,1,0,0,0,0,0,0,9.0
19895,52,female,Hill,5,secondary,1,0,0.0,1,0,1,0,1,32.2,117,0,0,0,0,0,0,0,7.9
99193,33,female,Nightingale,2,primary,0,1,7.9,1,0,0,0,0,27.4,127,1,0,0,0,0,1,0,9.9
11672,58,female,Nightingale,3,tertiary,1,0,0.0,0,0,0,1,0,23.4,122,0,0,0,0,0,1,0,5.0
84338,42,male,Hill,1,primary,0,1,5.8,1,0,0,0,0,29.3,124,0,0,0,0,0,1,0,8.2
89320,70,female,Nightingale,3,secondary,1,1,12.0,0,0,1,0,0,27.9,133,0,0,0,0,0,0,0,6.2
43403,41,female,Nightingale,3,secondary,1,0,0.0,1,1,1,0,1,28.7,106,1,0,0,0,1,0,1,6.0
48199,64,female,Hill,1,secondary,0,0,0.0,0,0,0,0,0,26.4,134,0,0,0,0,0,0,0,6.2
41814,60,female,Hill,4,tertiary,0,0,0.0,0,0,0,0,0,16.9,119,0,0,1,0,0,0,1,8.4
66288,50,male,Snow,1,secondary,0,1,7.6,0,0,1,0,0,28.8,121,0,0,0,0,0,0,0,7.1
31236,53,female,Rose,2,secondary,0,1,16.8,1,0,0,0,1,26.9,127,0,0,1,0,0,0,0,8.5
57408,46,male,Doll,2,secondary,0,1,12.8,0,0,1,0,0,26.6,111,0,1,0,0,0,0,1,7.1
79400,31,male,Nightingale,5,secondary,1,1,6.7,1,0,1,0,0,29.1,104,0,0,0,0,0,0,0,8.5
80130,60,female,Snow,2,tertiary,1,1,7.8,1,1,1,0,0,29.7,129,0,0,1,1,0,1,1,4.7
43017,69,male,Nightingale,2,secondary,1,0,0.0,0,1,1,0,1,35.5,134,0,0,0,0,0,0,0,4.7
89787,73,female,Rose,2,primary,1,1,13.9,0,0,0,0,0,25.2,121,0,0,0,0,0,0,0,7.7
90450,35,female,Rose,3,secondary,0,0,0.0,1,0,0,0,0,25.7,105,0,0,1,0,0,0,0,6.1
46024,54,male,Rose,4,secondary,1,0,0.0,0,0,0,1,0,32.8,124,0,0,0,0,0,1,0,8.5
34672,58,female,Snow,2,tertiary,0,0,0.0,1,0,0,1,0,22.9,120,0,0,0,0,0,0,0,4.9
38080,66,female,Rose,2,secondary,0,1,18.1,1,1,1,0,1,31.4,128,0,1,0,1,0,0,0,8.9
47728,25,female,Snow,1,secondary,0,1,1.3,1,0,0,0,0,28.3,102,0,0,0,0,0,0,0,4.7
69509,61,female,Nightingale,3,secondary,1,0,0.0,0,0,0,0,0,21.7,116,0,0,0,0,0,0,1,8.2
55536,65,male,Nightingale,1,primary,0,0,0.0,0,0,0,0,0,29.4,135,1,0,0,1,0,1,0,4.2
75455,20,male,Rose,2,secondary,1,1,0.6,0,0,1,1,1,26.9,107,0,0,1,0,0,0,1,5.5
90288,53,female,Rose,5,secondary,1,0,0.0,0,0,0,0,0,28.0,115,0,0,0,0,0,0,0,8.5
80380,20,female,Snow,3,tertiary,1,0,0.0,1,0,0,0,0,28.2,101,0,0,1,0,0,0,1,4.7
83145,18,male,Snow,3,secondary,0,0,0.0,1,1,1,1,0,31.6,111,0,0,0,0,0,1,0,5.6
70289,48,male,Rose,4,secondary,1,0,0.0,0,0,0,0,0,23.5,106,0,0,1,0,0,0,1,7.9
59891,64,female,Rose,3,secondary,0,0,0.0,0,1,1,0,1,34.7,134,0,0,0,0,0,0,0,5.8
25081,75,female,Doll,5,tertiary,0,0,0.0,1,0,0,0,0,30.7,123,0,0,0,0,0,0,0,6.7
36433,72,female,Nightingale,4,secondary,0,1,23.4,0,0,1,0,0,28.3,122,0,0,0,0,0,1,0,9.9
53991,53,male,Nightingale,1,primary,0,1,15.5,1,1,0,1,0,26.4,119,0,0,0,0,0,0,1,6.7
98132,42,female,Rose,2,tertiary,1,0,0.0,0,0,0,0,0,24.9,113,0,0,0,0,0,0,1,4.5
20496,51,female,Nightingale,3,primary,0,1,6.1,1,0,0,0,0,34.8,112,0,0,0,0,0,0,0,6.0
89203,46,female,Rose,3,secondary,1,1,14.5,0,0,0,0,1,32.6,112,1,0,0,0,0,0,0,8.2
42837,75,male,Snow,1,secondary,0,1,26.8,1,0,1,0,0,32.2,134,0,0,0,0,0,0,0,9.4
65563,32,male,Hill,3,secondary,0,0,0.0,0,1,0,0,0,33.6,110,0,0,0,0,0,0,0,9.9
46242,39,female,Rose,2,secondary,1,1,4.2,1,0,1,1,1,26.0,134,1,0,0,0,0,0,0,9.5
57256,66,female,Snow,3,secondary,1,0,0.0,0,1,0,0,0,28.9,132,0,0,1,0,0,0,0,6.0
29793,67,male,Snow,1,primary,0,0,0.0,1,0,1,0,0,26.9,127,0,1,1,1,1,0,1,7.3
57319,42,male,Hill,2,secondary,1,1,11.0,1,0,1,0,0,27.5,123,0,0,0,0,0,0,0,6.0
92577,51,male,Nightingale,4,secondary,1,0,0.0,1,1,0,0,0,25.5,124,0,0,0,0,0,0,0,8.5
58578,52,male,Snow,2,secondary,1,1,13.3,1,0,1,0,0,30.4,135,0,0,0,0,0,0,1,8.2
83598,28,male,Hill,2,secondary,0,1,4.5,0,0,1,0,0,33.8,102,0,0,0,0,0,0,1,5.6
23736,52,male,Doll,4,secondary,1,0,0.0,1,0,1,0,0,30.8,121,1,0,0,0,0,0,0,7.8
79398,27,male,Hill,5,tertiary,0,0,0.0,0,1,1,0,0,31.1,90,0,0,0,0,0,0,0,7.7
38099,20,female,Nightingale,4,tertiary,1,0,0.0,1,1,1,0,0,36.3,112,0,0,0,0,0,0,0,5.5
99404,19,female,Doll,2,tertiary,0,0,0.0,0,0,0,1,0,21.8,92,0,0,0,0,0,0,0,6.8
84859,30,male,Snow,2,primary,0,0,0.0,1,1,1,0,0,32.3,106,0,0,0,0,0,0,0,9.1
22524,39,female,Snow,4,secondary,1,0,0.0,0,0,0,0,0,29.6,110,0,0,0,0,1,0,0,6.7
43682,29,female,Snow,1,primary,0,0,0.0,1,0,1,1,0,33.1,92,0,0,0,0,0,1,1,4.5
31978,42,male,Snow,2,primary,0,1,5.5,0,1,0,0,0,24.6,109,0,0,0,0,0,0,0,6.9
64486,75,male,Hill,5,secondary,1,0,0.0,0,0,0,0,0,26.5,122,0,0,0,0,0,0,0,5.9
73592,59,female,Snow,4,secondary,1,1,7.9,1,0,0,0,0,17.6,110,0,0,0,0,0,0,0,5.1
36043,59,female,Hill,3,primary,0,0,0.0,0,0,0,0,0,26.8,116,1,0,0,0,0,1,0,8.9
91391,21,female,Rose,5,tertiary,1,0,0.0,0,0,0,0,0,24.3,92,0,0,0,0,0,0,0,5.5
21380,40,male,Snow,3,secondary,1,0,0.0,1,0,1,0,0,26.4,96,0,0,0,0,0,0,0,8.9
42555,30,male,Hill,3,secondary,0,1,6.3,0,0,0,1,1,24.4,112,0,0,0,0,0,1,0,9.8
33344,78,male,Hill,2,tertiary,1,0,0.0,1,1,1,0,0,32.4,140,0,0,0,0,0,0,1,6.0
78288,47,female,Hill,4,secondary,0,1,10.9,1,0,0,0,1,27.9,130,0,0,0,0,0,0,1,4.0
30932,59,female,Rose,4,tertiary,1,0,0.0,1,0,1,0,1,25.8,125,0,0,0,0,0,0,0,8.4
53995,70,male,Nightingale,5,tertiary,1,0,0.0,1,0,0,0,0,25.8,128,0,0,0,0,0,0,0,6.4
93962,41,male,Doll,5,tertiary,1,0,0.0,0,0,1,0,0,28.8,113,0,0,0,0,0,1,0,5.4
59490,21,male,Snow,3,secondary,1,0,0.0,0,0,0,1,0,19.7,101,0,0,0,0,0,0,0,9.0
69948,64,male,Snow,2,tertiary,1,0,0.0,0,0,0,1,0,27.7,120,0,0,1,0,0,0,1,5.2
79718,33,female,Hill,1,secondary,1,0,0.0,1,1,0,1,0,28.7,110,0,0,0,0,0,0,0,5.7
94208,56,female,Doll,5,tertiary,1,0,0.0,0,0,1,0,0,30.9,134,0,0,0,0,1,0,1,5.2
32840,42,male,Snow,4,tertiary,1,0,0.0,0,0,0,0,0,27.4,112,0,0,0,0,0,0,0,7.4
10715,29,male,Snow,1,primary,1,0,0.0,0,0,0,0,0,24.7,114,0,0,0,0,0,0,1,8.2
56249,43,male,Nightingale,3,secondary,0,1,6.0,0,1,0,0,0,24.4,115,0,1,0,0,0,0,1,8.3
91739,48,female,Nightingale,3,tertiary,0,1,12.5,0,1,0,1,0,23.2,117,0,0,0,0,0,0,0,7.6
37087,78,male,Nightingale,3,secondary,0,0,0.0,0,0,1,0,0,28.7,126,0,0,0,0,1,0,1,8.6
69732,49,female,Doll,2,secondary,0,0,0.0,0,1,1,0,0,29.7,113,0,0,0,0,0,0,0,4.2
32293,66,male,Hill,1,primary,0,1,17.8,0,0,1,0,0,33.4,140,1,0,1,0,0,0,1,7.9
65514,58,male,Doll,3,primary,0,0,0.0,0,1,1,1,0,31.8,126,0,0,0,0,0,0,0,9.4
48358,46,male,Doll,5,tertiary,1,1,13.7,0,1,1,0,0,35.1,123,0,0,0,0,0,1,0,8.4
42263,38,female,Hill,4,secondary,1,0,0.0,0,0,1,0,0,25.3,116,0,0,1,0,0,0,1,8.6
78015,78,male,Hill,4,tertiary,1,0,0.0,0,1,1,0,0,27.7,130,0,0,0,0,0,0,0,7.1
82019,25,female,Hill,2,secondary,0,0,0.0,0,1,0,0,0,32.1,113,0,0,0,0,0,0,0,9.0
14438,68,female,Nightingale,1,primary,0,1,22.4,0,0,0,0,0,27.7,120,1,0,0,0,0,0,1,5.3
30758,61,female,Hill,3,secondary,1,0,0.0,1,0,0,1,0,33.0,135,0,0,0,0,0,1,0,5.9
71141,55,female,Snow,3,secondary,0,0,0.0,0,0,1,0,0,28.8,123,0,0,0,0,0,0,0,9.6
29121,29,female,Nightingale,5,tertiary,1,0,0.0,1,0,0,1,1,23.5,98,0,0,1,0,0,0,1,7.8
75040,22,male,Snow,2,secondary,1,0,0.0,0,1,0,1,1,29.1,104,0,0,0,0,0,1,1,7.7
84521,49,male,Snow,1,secondary,1,0,0.0,0,0,1,0,1,28.7,114,1,0,0,0,0,0,0,9.0
54701,73,male,Doll,5,primary,1,0,0.0,1,0,0,0,0,26.2,138,0,0,0,0,0,0,1,5.9
26042,56,female,Snow,4,secondary,1,0,0.0,0,1,0,0,0,19.7,121,0,0,0,0,0,0,0,8.8
12359,61,male,Doll,4,tertiary,1,0,0.0,0,1,0,0,0,28.4,129,0,0,0,0,1,1,1,9.2
16334,58,male,Nightingale,3,secondary,1,0,0.0,1,1,0,0,0,27.8,114,0,0,0,0,0,0,0,5.8
91111,49,female,Nightingale,2,secondary,1,0,0.0,1,0,0,1,1,28.1,105,0,0,0,0,0,1,1,9.2
99828,52,male,Nightingale,1,secondary,0,0,0.0,1,0,0,1,0,28.7,136,0,1,1,0,0,1,1,7.0
77392,34,male,Nightingale,1,secondary,0,1,6.9,0,0,1,1,1,31.6,125,0,0,0,0,0,1,0,8.4
74008,25,male,Doll,5,tertiary,1,0,0.0,0,0,0,1,0,23.8,112,0,0,0,0,0,0,0,7.6
89451,61,male,Nightingale,3,primary,1,0,0.0,0,0,0,0,0,27.8,123,1,0,0,0,0,0,0,8.6
96068,55,male,Hill,3,tertiary,1,1,15.0,0,0,1,0,0,32.7,128,0,1,0,1,0,0,1,7.4
84523,29,female,Nightingale,5,tertiary,1,0,0.0,1,1,0,0,0,28.8,105,0,0,0,0,0,0,1,4.2
24835,76,female,Nightingale,2,primary,0,0,0.0,1,1,1,0,0,29.6,136,0,0,0,1,1,1,1,9.7
27884,19,male,Rose,4,secondary,1,0,0.0,0,1,0,0,0,22.1,90,0,0,0,0,0,0,0,9.6
10864,58,female,Rose,3,secondary,1,0,0.0,0,0,0,1,0,27.5,133,1,1,0,0,0,1,0,7.0
96711,71,male,Snow,4,primary,0,0,0.0,0,1,0,0,0,26.5,122,0,0,0,0,0,0,0,5.5
47491,51,male,Hill,2,secondary,0,0,0.0,0,0,1,1,0,20.7,128,0,0,0,0,0,1,1,9.4
69007,42,male,Nightingale,3,tertiary,1,0,0.0,0,0,1,0,0,27.5,110,0,0,0,0,0,1,0,4.3
92204,54,female,Rose,4,tertiary,1,0,0.0,0,0,0,0,0,23.8,112,0,0,0,0,0,0,0,8.7
78252,25,female,Hill,3,secondary,1,0,0.0,0,0,0,0,0,22.9,90,0,0,0,0,0,0,0,9.4
84164,19,female,Doll,3,secondary,1,0,0.0,1,0,0,0,0,26.5,102,0,0,0,0,0,0,0,4.9
23339,57,female,Hill,2,secondary,1,0,0.0,0,1,0,0,0,32.3,129,0,0,0,0,0,0,0,4.1
85056,48,female,Hill,1,primary,1,1,15.4,1,0,0,1,1,20.9,115,1,0,1,0,0,0,0,10.0
17610,42,male,Rose,4,secondary,1,0,0.0,0,0,0,0,0,22.1,115,0,0,0,0,0,0,0,7.5
66827,49,female,Doll,5,secondary,1,0,0.0,0,0,0,0,0,27.9,125,0,0,0,0,0,0,0,5.5
83511,40,female,Doll,3,secondary,1,0,0.0,1,1,1,0,0,26.8,110,0,0,1,0,0,0,1,8.8
92622,55,female,Snow,2,primary,1,0,0.0,0,0,0,0,0,24.8,118,0,0,0,0,0,0,0,5.3
22386,63,female,Nightingale,2,secondary,0,0,0.0,1,1,1,0,1,29.1,131,0,0,1,0,1,0,1,9.3
96177,48,male,Rose,2,primary,1,0,0.0,1,1,0,0,0,32.7,121,0,0,0,0,0,0,0,7.7
87582,29,male,Doll,4,tertiary,0,0,0.0,0,0,0,1,0,26.9,127,1,0,0,0,0,0,0,5.2
84185,24,female,Rose,4,tertiary,1,0,0.0,0,1,0,0,0,29.4,99,0,0,0,0,0,0,1,5.0
15340,65,female,Doll,2,secondary,1,1,24.1,0,0,1,0,0,26.1,126,0,0,0,1,0,0,0,8.0
40123,23,male,Snow,2,secondary,0,1,1.9,0,1,1,1,0,28.7,112,0,0,0,0,0,0,0,5.1
52340,33,male,Nightingale,2,secondary,0,1,5.6,0,0,0,0,0,24.4,116,1,0,0,0,0,0,0,7.0
54187,26,female,Snow,1,secondary,0,0,0.0,1,0,0,0,0,23.0,97,0,0,0,0,0,0,0,5.8
14581,55,female,Rose,5,secondary,1,0,0.0,0,0,0,0,0,27.8,115,1,0,0,0,0,0,0,8.9
45874,67,female,Snow,1,secondary,1,1,12.7,1,1,1,0,0,34.9,136,0,0,1,0,1,1,1,7.5
94013,32,male,Snow,2,secondary,0,0,0.0,1,1,0,1,0,28.6,103,0,0,0,0,0,0,0,4.5
34571,70,female,Doll,4,secondary,0,0,0.0,1,1,0,0,0,31.6,118,0,0,0,0,0,0,1,6.0
80175,34,female,Rose,3,primary,1,0,0.0,0,0,1,0,0,29.1,124,0,0,0,0,1,1,1,5.9
31355,21,male,Nightingale,4,tertiary,0,0,0.0,0,0,0,1,0,25.3,117,0,0,0,0,1,0,1,6.5
64632,42,male,Hill,5,tertiary,0,0,0.0,0,0,0,0,1,28.5,109,0,0,0,0,0,0,0,8.3
73123,71,female,Rose,2,secondary,1,0,0.0,0,0,1,0,0,33.5,132,0,0,0,0,0,0,0,5.5
18064,32,female,Doll,3,secondary,0,0,0.0,0,0,0,0,0,23.3,108,0,0,0,0,0,0,0,4.2
20878,51,male,Rose,5,tertiary,1,0,0.0,0,0,1,0,0,23.8,120,0,0,0,0,0,0,1,6.3
88603,54,male,Hill,5,secondary,1,0,0.0,1,1,0,1,0,32.4,126,0,1,0,0,0,0,1,6.5
40239,76,male,Doll,5,tertiary,1,0,0.0,0,0,1,0,0,23.8,143,0,0,0,0,0,0,0,4.9
17662,28,female,Snow,2,secondary,1,0,0.0,0,0,1,0,0,28.6,104,0,0,0,0,0,0,0,6.3
96865,73,male,Snow,1,secondary,1,0,0.0,0,1,0,0,1,29.6,145,0,0,0,0,0,0,1,5.2
65370,41,male,Rose,5,secondary,0,0,0.0,1,1,1,1,0,30.5,121,0,0,0,0,0,1,0,7.6
90210,61,female,Rose,2,secondary,0,0,0.0,0,1,1,0,0,23.2,105,1,0,0,0,0,0,0,7.7
98287,68,male,Nightingale,1,secondary,0,1,20.4,0,0,0,0,0,32.1,134,0,0,0,0,0,0,1,5.6
56951,79,female,Nightingale,2,primary,0,1,24.9,0,0,0,0,0,34.4,146,0,1,0,0,0,0,1,9.5
39045,20,female,Snow,2,secondary,0,1,0.7,0,0,0,0,0,26.6,119,0,0,0,0,0,0,0,9.0
96203,48,female,Nightingale,4,tertiary,0,0,0.0,0,0,1,1,0,26.6,134,0,0,0,0,0,0,0,9.5
38890,29,male,Nightingale,3,secondary,0,1,4.0,1,1,0,1,0,23.8,106,0,0,0,0,0,0,0,6.5
27731,21,male,Doll,4,secondary,1,0,0.0,0,0,0,0,0,21.8,108,0,0,0,0,0,0,1,8.4
67074,32,female,Nightingale,3,tertiary,1,0,0.0,0,1,1,1,0,25.5,122,0,1,0,0,0,0,0,4.6
36965,76,female,Nightingale,4,secondary,1,0,0.0,0,0,0,0,0,32.0,128,0,0,0,0,1,0,1,6.7
27733,39,female,Snow,4,secondary,0,1,4.0,0,0,0,0,0,27.7,113,1,0,0,0,0,0,0,8.7
12964,53,female,Hill,4,tertiary,1,0,0.0,1,0,0,0,1,23.0,114,0,0,0,0,1,0,1,5.2
72164,62,female,Nightingale,1,primary,1,0,0.0,1,1,1,0,0,26.4,125,0,0,0,0,0,0,1,4.9
96105,49,male,Hill,4,primary,1,0,0.0,1,0,0,1,0,24.6,115,0,0,0,0,0,1,0,5.4
45351,42,female,Nightingale,2,primary,0,0,0.0,1,1,0,0,0,35.0,111,1,1,0,0,0,0,0,4.7
19373,42,female,Doll,5,primary,1,0,0.0,1,0,1,0,0,21.6,104,0,0,0,0,0,0,0,8.1
50260,26,male,Nightingale,3,secondary,1,0,0.0,0,1,0,1,0,23.3,101,0,0,0,0,0,1,0,9.8
67701,72,female,Rose,3,secondary,1,1,15.8,0,0,0,0,0,23.0,114,0,0,0,0,0,0,0,6.1
82332,67,male,Snow,2,secondary,0,0,0.0,1,0,1,0,0,28.3,134,1,0,0,0,0,0,0,5.9
28247,72,male,Hill,2,primary,1,0,0.0,0,0,1,0,0,28.4,137,0,0,0,0,1,1,1,4.3
10058,71,female,Snow,1,secondary,0,0,0.0,1,1,1,0,0,32.0,116,0,0,0,0,1,0,0,6.9
26604,30,male,Rose,3,secondary,0,0,0.0,0,1,1,0,1,32.6,104,0,0,0,0,0,0,1,6.5
20383,45,male,Doll,5,tertiary,1,1,9.2,0,1,0,0,0,24.9,123,0,0,0,0,0,0,0,8.8
28604,75,female,Nightingale,3,secondary,1,0,0.0,0,1,0,0,0,33.1,133,0,0,0,0,0,0,0,6.2
80992,36,female,Rose,3,secondary,1,0,0.0,1,0,0,0,0,25.4,102,0,0,0,0,0,0,0,6.5
35585,25,female,Doll,5,secondary,1,0,0.0,0,0,1,1,0,30.3,123,0,0,0,0,0,0,0,9.5
56394,47,female,Snow,3,tertiary,1,0,0.0,0,1,0,0,1,33.2,116,0,0,0,0,1,0,1,5.8
61847,20,female,Doll,4,secondary,1,0,0.0,0,0,0,0,1,26.8,99,0,0,0,0,0,0,0,4.7
78420,35,female,Snow,4,secondary,0,0,0.0,1,0,0,0,0,29.2,98,0,0,0,0,0,0,0,9.1
21826,73,female,Hill,3,secondary,0,0,0.0,0,0,0,0,0,25.3,130,0,0,0,0,0,0,0,9.3
78061,26,male,Rose,5,tertiary,1,0,0.0,1,0,1,1,0,24.0,101,0,0,0,0,0,0,0,4.9
42687,35,male,Doll,5,secondary,1,0,0.0,0,0,1,1,1,31.3,112,0,0,1,0,0,0,1,9.9
74923,36,female,Doll,2,primary,1,1,3.3,1,0,0,0,0,27.9,114,1,0,0,0,0,0,0,5.4
40050,74,male,Rose,5,secondary,0,0,0.0,0,0,0,0,1,27.2,130,1,0,0,0,0,0,0,8.3
49299,71,female,Snow,4,tertiary,1,0,0.0,0,0,0,0,1,31.0,120,0,0,0,0,1,0,1,6.3
94486,37,female,Hill,3,secondary,1,0,0.0,0,0,0,0,0,25.4,123,0,0,0,0,0,0,0,5.6
29147,38,female,Hill,2,secondary,0,0,0.0,0,0,0,0,1,28.8,104,1,0,0,0,0,0,0,9.5
75031,31,male,Rose,3,secondary,0,0,0.0,1,0,0,1,0,26.3,116,0,0,0,0,0,0,0,9.5
98805,39,male,Snow,3,secondary,0,0,0.0,0,0,1,0,0,25.6,91,1,0,0,0,0,0,0,7.2
80803,48,female,Snow,4,secondary,1,0,0.0,1,0,1,0,0,26.4,115,0,0,0,0,0,0,0,5.2
78485,39,male,Snow,2,primary,1,1,4.9,1,1,1,0,0,30.0,132,0,0,0,0,0,0,1,7.3
47677,52,female,Snow,3,primary,0,0,0.0,1,0,1,0,0,27.5,135,1,0,1,0,0,0,0,8.4
46858,65,male,Rose,4,secondary,0,0,0.0,0,0,1,0,0,29.6,128,0,0,0,0,0,0,0,9.3
55743,63,female,Hill,3,secondary,1,0,0.0,0,0,0,0,1,30.1,116,0,0,0,0,0,0,1,5.4
67512,45,male,Hill,3,secondary,0,1,13.6,1,1,1,0,0,30.6,128,1,0,0,1,0,0,1,9.0
68862,46,male,Doll,4,tertiary,1,0,0.0,0,0,0,0,1,20.4,112,0,0,1,0,0,0,1,7.0
87429,66,female,Doll,4,primary,1,1,12.9,1,0,0,0,1,29.2,122,0,0,0,1,1,0,1,4.0
69623,41,female,Snow,4,secondary,0,0,0.0,1,1,0,0,0,26.0,92,0,0,0,0,0,0,0,9.3
53049,45,male,Nightingale,4,tertiary,0,0,0.0,0,0,0,0,0,22.3,123,0,0,0,1,0,0,0,6.6
76622,22,female,Snow,1,primary,0,0,0.0,0,0,0,0,0,27.7,104,0,0,1,0,0,0,1,9.8
79783,46,female,Nightingale,5,tertiary,1,0,0.0,0,1,1,0,0,28.8,116,0,0,0,0,0,0,0,5.3
95932,72,female,Nightingale,2,primary,0,1,18.3,0,0,1,0,1,24.5,129,0,0,0,0,0,1,1,9.9
41111,53,female,Nightingale,3,tertiary,0,0,0.0,0,0,0,0,0,26.0,123,0,0,0,0,0,0,0,7.3
60424,28,male,Doll,2,primary,0,1,4.0,0,1,1,0,1,28.1,104,0,0,0,0,0,0,0,8.5
96525,37,male,Hill,4,tertiary,1,1,3.4,0,1,0,0,0,33.8,115,0,0,0,0,0,0,1,8.0
24246,61,male,Hill,3,secondary,0,0,0.0,0,0,0,0,0,25.8,125,0,0,0,0,0,0,0,10.0
21219,28,female,Rose,2,secondary,1,0,0.0,1,0,1,1,0,27.6,92,0,0,0,0,0,0,1,4.5
24400,39,female,Doll,4,secondary,0,0,0.0,1,1,1,0,0,25.8,108,0,0,0,0,0,0,0,9.7
68471,46,male,Doll,3,primary,1,0,0.0,1,1,0,0,0,23.6,97,1,0,0,0,0,0,0,9.1
91855,74,female,Nightingale,5,tertiary,1,0,0.0,0,0,0,0,0,28.5,122,0,0,0,0,0,0,0,7.7
82950,67,female,Hill,4,tertiary,1,1,18.8,0,0,0,0,1,28.4,133,0,0,1,0,0,0,1,5.0
17412,61,male,Snow,4,secondary,1,0,0.0,0,0,0,0,0,29.8,136,0,0,0,0,1,1,1,4.1
18323,33,male,Hill,3,secondary,1,0,0.0,1,0,0,0,1,23.0,110,0,0,0,0,0,0,0,9.4
28123,41,male,Snow,2,tertiary,0,1,4.5,0,1,0,0,0,31.6,126,0,0,0,0,0,0,0,5.2
75116,42,female,Hill,4,tertiary,1,0,0.0,1,0,0,0,0,22.3,115,0,0,0,0,0,0,0,9.0
66167,57,female,Nightingale,4,secondary,0,1,13.5,1,1,0,0,0,26.2,145,0,0,0,0,0,0,1,5.4
42929,46,female,Snow,4,secondary,0,0,0.0,0,0,1,0,0,28.7,117,0,0,0,0,1,0,1,4.6
43188,39,male,Rose,2,secondary,1,1,7.0,1,1,1,0,0,27.5,121,0,0,0,0,0,0,1,6.0
23657,63,male,Snow,1,secondary,0,0,0.0,0,0,1,0,0,28.7,123,1,0,0,0,0,0,0,4.9
49875,56,female,Snow,4,secondary,1,0,0.0,0,0,1,0,1,31.7,102,0,0,0,0,0,0,0,7.7
42647,66,male,Nightingale,2,tertiary,0,1,9.7,0,0,0,0,0,26.2,124,1,0,0,1,0,0,1,8.9
50087,40,female,Hill,4,tertiary,1,0,0.0,1,0,1,0,0,29.5,102,0,0,0,0,0,0,1,7.2
77903,53,female,Rose,3,secondary,1,1,15.2,0,0,0,0,0,22.3,112,1,0,0,0,0,0,0,4.8
58611,32,female,Doll,5,tertiary,1,0,0.0,1,1,0,1,0,31.6,122,0,0,0,0,0,0,0,9.0
30907,20,male,Doll,2,secondary,0,0,0.0,0,1,1,0,0,22.4,101,0,0,0,0,0,1,0,7.3
45271,21,male,Nightingale,3,secondary,0,0,0.0,0,0,0,1,0,24.0,103,0,0,0,0,0,0,0,5.2
94011,29,female,Snow,1,primary,0,1,4.2,1,0,1,0,0,23.6,98,0,0,0,0,0,0,0,9.4
36267,23,female,Doll,3,secondary,0,0,0.0,1,0,0,1,0,25.6,110,0,0,0,0,0,1,0,4.6
58577,67,male,Rose,5,secondary,0,0,0.0,0,0,0,0,0,20.4,122,0,0,0,0,0,0,0,8.7
66110,20,male,Doll,5,tertiary,1,1,0.4,1,1,0,1,1,21.6,107,0,0,0,0,0,0,0,9.2
31012,69,female,Doll,3,secondary,1,0,0.0,0,1,1,0,0,31.5,129,0,0,0,0,1,0,1,7.8
31638,41,male,Nightingale,5,tertiary,0,1,4.1,0,0,0,1,0,19.9,104,1,0,0,0,0,1,0,6.7
74753,49,female,Snow,3,secondary,1,1,15.4,0,0,0,0,0,31.4,113,0,0,1,0,0,0,1,4.2
73724,59,male,Hill,2,secondary,0,1,21.2,1,1,0,0,1,33.5,125,0,0,0,0,1,0,0,8.5
13598,70,male,Hill,3,secondary,1,0,0.0,0,0,0,0,1,28.1,128,0,0,0,0,0,0,0,4.3
55879,25,female,Nightingale,4,secondary,1,0,0.0,1,1,1,0,0,25.9,110,0,0,0,0,0,0,0,9.0
11139,29,female,Rose,2,secondary,0,0,0.0,1,1,1,1,1,33.1,112,0,0,1,0,0,0,1,9.7
28376,59,female,Hill,2,secondary,1,0,0.0,0,0,1,0,0,28.0,116,1,0,0,0,0,0,0,5.9
44433,23,female,Doll,2,secondary,1,0,0.0,0,1,1,1,1,25.6,110,0,0,1,0,0,0,0,5.0
58516,18,male,Nightingale,3,secondary,1,1,0.0,0,0,0,1,0,29.8,108,1,0,0,0,0,1,1,4.5
30184,44,male,Doll,3,tertiary,0,0,0.0,0,0,0,0,0,25.9,90,0,0,0,0,0,0,0,7.4
16934,39,female,Rose,3,primary,1,0,0.0,1,0,0,0,0,27.1,104,0,0,0,0,0,0,0,4.1
99741,56,female,Nightingale,2,tertiary,1,0,0.0,1,1,1,0,0,29.5,105,0,0,0,0,0,0,1,7.5
66163,21,male,Snow,2,secondary,1,0,0.0,1,1,1,0,0,33.6,114,1,0,0,0,0,0,0,8.9
34067,45,female,Nightingale,2,secondary,0,0,0.0,0,1,0,0,0,28.3,120,0,0,0,0,0,0,0,6.2
84333,54,female,Doll,5,secondary,0,0,0.0,1,0,0,0,0,28.3,116,0,0,0,0,0,0,1,10.0
89899,51,female,Nightingale,1,primary,0,0,0.0,1,0,0,1,1,25.2,115,0,0,1,0,0,0,0,8.6
87161,75,female,Rose,2,secondary,1,1,24.9,0,0,1,0,0,29.6,122,0,0,0,0,0,0,1,7.6
81133,42,male,Hill,2,secondary,1,1,12.3,0,1,0,0,0,34.0,126,0,0,1,0,0,0,0,9.2
14021,78,female,Doll,3,primary,0,0,0.0,0,0,0,1,0,28.0,119,0,0,1,0,0,1,1,6.6
90181,61,male,Nightingale,4,tertiary,1,0,0.0,0,1,1,0,0,27.0,111,0,0,0,0,0,0,0,4.2
13302,62,male,Doll,3,secondary,1,0,0.0,1,0,0,0,1,25.3,116,0,0,0,0,0,0,0,4.0
59715,49,female,Rose,4,secondary,1,1,14.2,0,0,0,0,0,25.1,107,0,0,1,0,0,0,0,8.8
40719,72,female,Nightingale,5,tertiary,0,0,0.0,0,0,0,0,1,31.2,131,0,0,1,0,0,0,0,4.7
64101,39,male,Snow,3,secondary,0,0,0.0,0,1,0,0,0,28.8,125,0,0,0,0,0,0,0,4.7
35531,31,male,Doll,5,primary,1,0,0.0,0,0,1,1,1,28.4,102,0,0,0,0,0,0,0,8.4
54771,29,female,Rose,3,primary,0,0,0.0,1,0,1,1,0,28.5,106,0,0,0,0,0,1,1,4.5
66418,49,male,Rose,2,tertiary,0,0,0.0,0,0,1,0,0,25.7,113,1,1,0,0,0,0,1,4.7
39054,55,male,Snow,3,secondary,1,0,0.0,1,1,0,0,0,33.8,111,1,0,0,0,0,0,1,7.0
95119,56,male,Snow,1,secondary,0,0,0.0,1,0,1,0,0,26.3,123,0,0,0,0,0,0,0,8.6
31165,51,male,Nightingale,3,secondary,1,0,0.0,1,0,1,1,0,26.8,117,0,0,0,0,0,0,0,7.9
37370,59,male,Nightingale,4,secondary,1,0,0.0,0,0,1,0,0,23.1,121,0,1,0,0,0,0,1,4.3
87317,44,female,Snow,2,primary,0,0,0.0,0,1,0,0,0,28.1,107,1,0,0,0,0,0,0,4.3
17459,28,female,Doll,5,tertiary,1,0,0.0,0,0,0,0,0,17.0,98,0,0,0,0,0,0,0,6.1
44814,56,male,Nightingale,3,secondary,1,0,0.0,0,0,0,1,0,20.5,127,0,0,0,0,0,0,0,9.2
43973,33,male,Doll,4,tertiary,1,0,0.0,0,0,0,1,0,21.9,113,1,0,0,0,0,0,0,8.1
86935,55,male,Nightingale,4,secondary,1,0,0.0,0,0,1,1,0,31.8,127,0,0,0,0,0,0,0,7.8
47077,51,female,Snow,1,secondary,0,0,0.0,1,1,0,0,0,27.4,118,1,0,0,0,0,0,0,9.9
78737,19,male,Nightingale,2,secondary,1,0,0.0,1,1,0,0,0,26.6,115,0,0,0,0,0,0,0,7.6
71688,63,female,Hill,4,primary,1,0,0.0,1,0,0,0,0,26.3,128,0,1,0,0,1,0,0,6.2
39376,30,male,Doll,2,primary,1,1,2.4,0,0,0,1,0,25.9,125,0,0,1,0,0,0,0,8.7
45500,62,male,Snow,1,primary,0,1,12.7,1,0,0,0,1,29.7,122,0,0,0,0,0,0,0,4.9
78552,66,female,Snow,3,secondary,1,0,0.0,0,0,0,0,0,29.4,124,0,0,1,0,1,0,1,4.1
99323,61,male,Nightingale,3,primary,1,1,11.0,0,0,0,0,0,35.4,145,0,0,0,0,0,0,0,5.3
73681,66,female,Hill,4,secondary,1,0,0.0,1,0,0,0,0,23.9,119,0,0,0,0,0,0,0,4.6
52664,52,male,Hill,2,secondary,0,1,7.6,0,1,1,0,1,27.2,134,0,0,0,0,0,0,0,6.6
27211,58,male,Hill,3,primary,1,0,0.0,1,0,0,0,0,25.1,100,0,0,0,0,0,0,0,5.9
72698,27,male,Hill,3,secondary,0,0,0.0,0,0,1,1,0,22.1,99,0,0,0,0,0,0,0,9.7
65925,40,male,Nightingale,2,primary,0,1,6.9,1,0,0,0,1,22.0,115,0,0,0,0,0,0,0,9.4
35838,70,male,Rose,5,secondary,1,0,0.0,0,1,0,0,1,25.1,141,1,0,0,0,1,0,1,5.2
18033,38,female,Snow,1,primary,0,0,0.0,0,1,0,0,0,29.9,114,0,0,0,0,0,0,0,6.6
14963,35,female,Snow,3,secondary,1,0,0.0,1,0,1,0,0,29.4,104,0,0,0,0,0,0,0,8.4
11247,79,male,Snow,1,secondary,1,1,16.4,1,0,1,0,0,28.5,139,0,1,0,1,0,0,1,8.7
37611,67,female,Nightingale,1,secondary,1,1,16.0,0,0,1,0,0,25.1,123,0,0,0,0,0,0,1,9.3
48462,58,female,Nightingale,5,tertiary,0,0,0.0,0,0,1,0,0,33.3,108,0,0,0,0,1,0,1,9.1
13111,61,male,Nightingale,4,tertiary,0,0,0.0,1,0,0,1,0,28.8,137,0,0,0,0,1,0,1,7.2
78907,71,female,Hill,2,tertiary,0,1,23.1,0,1,1,0,0,40.4,127,0,0,0,0,0,0,0,7.5
12484,64,male,Nightingale,1,primary,0,1,10.8,0,1,1,0,1,37.7,148,1,0,0,0,0,0,0,5.1
39490,38,male,Doll,5,secondary,1,0,0.0,0,1,0,0,0,26.6,94,1,0,0,0,0,0,1,5.3
78376,22,male,Doll,3,primary,1,0,0.0,0,1,0,1,0,32.5,114,0,0,1,0,0,0,1,7.6
59471,76,female,Doll,4,secondary,0,0,0.0,0,0,0,0,0,28.1,109,1,0,0,0,0,0,0,5.9
46128,39,male,Nightingale,3,primary,1,0,0.0,0,0,1,0,0,31.5,119,0,0,0,0,0,0,0,4.0
53889,28,male,Hill,1,secondary,0,1,2.4,1,0,1,1,1,27.3,131,0,0,0,0,0,1,0,7.4
59217,48,male,Hill,1,primary,0,1,6.7,1,1,0,0,0,32.4,128,0,0,0,0,0,0,0,4.4
78478,34,male,Nightingale,4,primary,1,0,0.0,1,1,0,0,0,24.1,100,0,0,0,0,0,0,0,9.6
68853,35,male,Nightingale,4,secondary,1,0,0.0,0,1,0,1,0,31.8,115,0,0,0,0,0,0,0,5.9
79049,22,male,Nightingale,1,secondary,1,0,0.0,0,1,1,1,0,30.4,101,0,0,0,0,0,0,0,5.0
84449,56,male,Rose,2,primary,0,0,0.0,1,0,0,1,1,30.4,115,0,0,0,0,0,1,0,7.3
32132,39,female,Hill,4,secondary,0,0,0.0,1,0,1,0,0,23.4,102,1,0,0,0,0,0,0,6.2
83477,79,female,Snow,4,secondary,1,0,0.0,1,0,1,0,1,28.6,133,0,0,0,0,0,0,0,6.1
55458,61,male,Rose,4,secondary,1,0,0.0,0,0,1,0,0,37.1,130,0,0,0,0,0,0,0,4.2
30332,45,female,Snow,1,primary,0,1,13.4,1,0,1,0,1,29.5,108,0,0,0,0,0,0,0,9.3
93618,42,male,Rose,2,secondary,1,1,4.5,0,0,0,0,1,24.8,123,0,0,1,0,0,0,0,9.8
62604,55,male,Nightingale,2,secondary,0,0,0.0,0,1,1,0,0,31.7,118,0,0,0,0,0,0,0,10.0
63787,59,male,Snow,4,tertiary,1,0,0.0,0,1,0,1,0,31.7,132,0,1,0,0,0,0,1,6.0
73453,18,female,Rose,3,secondary,1,1,0.0,0,0,1,0,0,29.3,104,0,0,0,0,0,0,0,8.9
78166,27,female,Snow,2,secondary,0,0,0.0,1,0,0,0,0,28.2,107,0,0,0,0,0,1,0,6.3
86070,25,female,Doll,4,primary,1,1,2.4,0,0,1,0,0,23.9,103,0,0,0,0,0,0,0,5.3
63552,57,male,Hill,4,secondary,1,0,0.0,1,0,1,0,1,30.9,128,0,0,0,0,0,0,0,6.2
63549,43,male,Rose,4,tertiary,1,1,8.8,0,0,0,0,1,22.8,123,0,0,0,0,0,0,0,9.0
94445,33,female,Snow,1,primary,0,1,6.2,1,0,1,0,1,26.0,113,0,0,1,0,0,0,1,5.8
29677,23,female,Nightingale,4,secondary,1,0,0.0,1,0,1,1,0,25.2,116,0,0,0,0,0,1,1,5.4
11236,50,female,Nightingale,5,secondary,1,0,0.0,0,0,0,0,0,28.8,113,0,0,0,0,0,0,0,8.3
39274,70,male,Rose,4,tertiary,1,0,0.0,0,1,1,0,0,34.9,118,0,0,0,0,0,0,0,4.9
19102,30,female,Rose,5,tertiary,1,0,0.0,0,0,1,0,0,27.7,93,1,0,0,0,0,1,0,6.4
89004,79,female,Hill,4,tertiary,0,0,0.0,1,0,0,0,0,28.4,147,0,0,1,0,0,0,1,5.0
50188,73,female,Snow,1,primary,0,1,10.8,1,1,1,0,0,29.7,120,0,0,0,0,1,0,1,4.5
32755,18,male,Rose,3,secondary,1,1,0.0,0,1,0,0,1,33.7,98,0,0,0,0,0,0,0,9.7
24104,22,male,Rose,3,primary,0,0,0.0,0,1,1,1,1,32.5,95,1,0,1,0,0,1,1,8.3
94275,51,male,Rose,5,tertiary,1,0,0.0,0,0,0,0,0,23.6,111,0,0,0,0,0,0,1,7.8
54246,35,male,Snow,1,primary,1,0,0.0,1,0,1,0,0,28.6,102,0,0,0,0,0,1,0,7.5
49351,43,female,Nightingale,2,secondary,1,0,0.0,0,0,1,0,0,24.1,110,0,0,0,0,0,0,0,7.6
87929,54,male,Doll,4,tertiary,0,0,0.0,1,0,1,0,0,28.3,119,0,0,0,0,0,0,0,6.7
15753,68,male,Rose,2,secondary,1,0,0.0,0,1,1,0,0,27.1,123,0,1,0,0,1,0,0,6.5
49197,50,female,Doll,3,secondary,1,1,8.9,1,1,0,0,0,29.4,101,0,0,0,0,0,0,1,7.3
23761,75,female,Rose,5,secondary,1,1,26.8,0,1,0,0,1,36.7,125,1,1,0,0,1,0,1,5.8
21034,29,male,Hill,2,secondary,0,0,0.0,0,0,1,1,0,28.5,123,0,0,0,0,0,0,0,5.7
65142,19,male,Rose,5,tertiary,1,0,0.0,0,0,1,1,1,24.9,111,0,0,0,0,0,1,0,4.7
95497,79,female,Snow,3,secondary,1,1,24.8,1,0,1,0,1,30.6,140,0,0,0,0,0,0,0,8.2
26353,23,male,Snow,1,secondary,0,1,2.5,1,0,0,1,0,22.1,90,0,0,0,0,0,0,0,8.8
38238,45,male,Nightingale,4,primary,1,1,8.5,0,0,0,0,0,21.4,100,0,0,0,0,0,0,0,6.1
66114,77,female,Snow,2,secondary,1,0,0.0,1,0,0,0,1,26.1,135,0,0,0,0,0,0,0,7.3
84152,27,male,Doll,3,primary,1,0,0.0,0,1,0,1,0,33.0,123,0,0,0,0,0,0,0,4.9
33896,79,male,Rose,3,secondary,0,0,0.0,1,0,1,0,0,27.9,135,0,0,0,0,0,0,0,8.5
14990,40,male,Snow,1,primary,0,0,0.0,0,0,1,1,0,28.4,114,1,0,0,0,0,0,0,9.7
74798,55,male,Hill,2,secondary,1,0,0.0,1,1,1,0,1,37.4,122,0,0,0,0,1,0,1,5.0
98807,39,female,Snow,2,tertiary,0,0,0.0,0,0,1,0,0,27.9,97,0,0,0,0,0,0,0,4.6
47318,68,female,Snow,3,secondary,1,1,13.8,0,0,0,0,0,22.3,134,0,0,1,0,0,0,1,5.7
10337,30,female,Hill,3,tertiary,1,0,0.0,0,0,0,0,1,26.7,116,0,0,0,0,0,0,1,5.7
84002,45,female,Doll,3,primary,1,0,0.0,0,1,1,0,0,32.9,106,0,0,0,0,0,0,0,9.6
61603,45,male,Rose,5,secondary,0,0,0.0,1,0,1,0,0,24.0,117,0,1,0,0,0,0,0,4.5
39272,71,male,Snow,4,secondary,1,0,0.0,1,0,0,0,1,26.1,127,0,0,0,0,0,1,0,8.8
88204,79,male,Hill,3,secondary,0,0,0.0,0,0,0,0,1,29.2,144,0,0,1,0,0,1,1,8.4
76098,74,male,Nightingale,1,secondary,0,0,0.0,0,0,0,0,0,28.0,119,1,0,0,0,0,0,0,8.6
15313,67,male,Snow,3,secondary,1,0,0.0,1,1,1,0,0,34.6,123,0,0,0,0,0,0,0,4.9
74359,72,female,Doll,3,tertiary,0,0,0.0,0,0,1,0,0,27.4,120,0,1,0,0,0,0,0,6.1
59301,66,female,Snow,1,primary,1,1,23.2,0,0,1,1,1,27.0,140,0,0,0,0,0,0,0,6.5
75632,21,female,Nightingale,2,primary,0,0,0.0,0,1,1,1,0,31.9,100,0,0,1,0,0,1,1,4.6
30706,54,female,Rose,4,primary,0,0,0.0,1,1,1,0,0,34.3,118,0,0,0,0,0,0,0,4.1
93278,46,female,Hill,3,primary,0,0,0.0,1,0,0,1,0,25.6,102,0,0,0,0,0,0,0,4.3
42112,73,female,Rose,4,primary,1,1,18.4,0,0,0,0,0,26.3,131,1,1,0,0,0,0,1,5.5
11645,68,male,Nightingale,3,secondary,1,0,0.0,0,1,0,1,0,27.8,129,0,0,0,0,0,1,1,4.2
95107,21,female,Snow,3,secondary,0,1,1.0,1,0,0,0,0,23.5,104,0,0,0,0,0,0,0,9.7
35254,32,male,Snow,4,tertiary,0,0,0.0,1,0,0,1,0,19.6,107,0,0,0,0,0,0,0,9.0
84183,65,female,Rose,2,primary,0,1,21.4,0,1,1,1,0,30.6,145,1,0,0,0,0,0,0,5.0
64463,76,male,Nightingale,4,tertiary,0,0,0.0,1,0,1,0,0,22.4,136,0,0,0,0,0,0,0,4.3
90625,65,male,Nightingale,5,secondary,1,0,0.0,0,0,0,0,0,27.7,130,0,0,0,0,0,0,0,5.1
55011,71,male,Doll,5,primary,1,0,0.0,0,1,0,0,0,31.7,126,0,0,0,0,0,0,0,7.0
14366,61,male,Doll,5,tertiary,1,0,0.0,1,0,1,0,0,25.1,111,0,0,1,0,0,0,0,4.6
99919,61,female,Snow,2,primary,0,1,8.2,0,1,0,0,0,33.3,125,0,0,0,0,0,0,0,5.6
25919,21,female,Doll,5,tertiary,1,0,0.0,0,1,0,1,0,21.0,99,1,0,1,0,0,0,1,5.0
37617,38,female,Nightingale,3,primary,1,0,0.0,1,0,0,0,0,31.1,109,0,0,1,0,0,0,0,7.8
56934,42,female,Snow,4,secondary,1,0,0.0,0,1,1,1,0,32.2,131,0,0,0,0,0,0,1,6.1
77819,46,female,Doll,2,secondary,1,1,10.5,0,1,1,1,0,28.3,120,1,0,1,0,0,0,1,6.7
76184,26,female,Nightingale,4,tertiary,1,0,0.0,1,1,0,0,0,26.4,109,0,0,0,0,0,0,0,6.4
29463,31,male,Doll,2,primary,0,1,3.5,0,1,1,1,1,28.2,122,0,0,1,0,1,0,1,8.5
70011,24,female,Hill,4,secondary,1,0,0.0,0,0,1,0,1,28.0,97,0,0,0,0,0,0,0,7.5
58725,55,male,Nightingale,4,secondary,1,1,14.4,0,0,0,0,0,20.9,120,0,0,0,0,0,0,0,8.8
75399,79,female,Snow,1,primary,0,1,21.8,1,1,0,0,0,27.9,121,1,0,1,1,0,0,1,8.9
46850,51,male,Snow,2,secondary,0,0,0.0,0,0,0,0,1,29.2,112,0,0,0,0,0,1,0,7.9
25085,69,female,Hill,4,secondary,1,1,12.4,0,0,0,0,0,31.7,124,0,0,0,0,0,0,0,4.5
29992,76,female,Doll,2,secondary,1,0,0.0,0,1,1,0,0,33.9,129,0,0,0,0,0,0,1,4.4
96232,52,female,Doll,5,primary,1,0,0.0,0,0,0,0,0,31.9,124,1,0,0,0,0,0,0,7.0
84327,34,male,Nightingale,3,secondary,1,0,0.0,0,0,0,0,1,26.0,105,0,0,0,0,0,0,0,4.9
58984,46,male,Hill,3,primary,0,0,0.0,0,0,1,0,0,32.2,127,0,1,0,0,0,0,1,5.3
14213,35,male,Doll,3,primary,1,0,0.0,1,0,0,0,0,23.6,109,0,0,0,0,0,0,0,6.4
41401,18,female,Hill,3,secondary,0,0,0.0,0,1,0,0,0,28.1,106,0,0,0,0,0,0,0,5.9
59035,42,female,Hill,2,secondary,0,1,5.4,1,0,1,0,1,31.5,132,0,0,0,0,0,0,1,8.9
53343,47,male,Hill,2,secondary,1,0,0.0,0,1,0,0,0,23.8,108,1,0,0,0,0,0,1,8.3
29640,38,female,Snow,1,secondary,0,1,6.7,0,1,0,1,1,28.8,133,0,1,1,0,0,1,0,8.1
46053,74,female,Hill,5,tertiary,0,0,0.0,1,0,1,0,0,24.6,133,0,0,0,0,0,0,0,6.0
38904,26,female,Snow,2,secondary,1,1,2.6,0,0,1,0,1,28.7,103,0,0,1,0,0,0,1,8.0
34109,18,female,Doll,2,secondary,1,1,0.0,0,0,1,0,0,25.9,90,0,0,0,0,0,0,0,8.8
48828,35,female,Nightingale,1,secondary,0,1,6.8,0,0,0,0,0,24.4,118,0,0,0,0,0,0,0,6.9
12828,73,female,Doll,4,secondary,1,1,17.3,0,1,0,0,0,33.4,140,0,0,0,0,0,0,0,6.1
96157,55,male,Doll,5,secondary,1,0,0.0,0,0,1,1,0,20.8,112,1,0,0,0,0,0,0,7.8
96544,20,female,Nightingale,5,secondary,0,0,0.0,1,1,0,0,1,23.6,102,1,0,0,0,0,0,0,8.7
73404,42,male,Nightingale,1,primary,0,0,0.0,0,1,1,0,0,37.6,118,0,0,0,0,0,1,0,4.8
57887,38,female,Nightingale,5,secondary,1,0,0.0,0,1,0,1,0,24.2,106,1,0,0,0,0,0,0,9.8
50745,42,male,Snow,4,primary,1,1,9.4,1,0,0,0,0,30.6,122,0,0,0,0,0,0,1,8.5
47113,70,female,Snow,3,secondary,0,0,0.0,1,0,0,0,0,26.4,114,0,0,0,0,0,0,0,8.0
75273,41,female,Hill,3,tertiary,1,1,5.4,1,1,0,0,0,30.2,125,0,0,0,0,0,0,0,8.6
65581,24,male,Snow,4,tertiary,1,1,1.3,0,0,0,0,0,21.6,100,0,0,0,0,0,0,0,5.6
36386,32,female,Snow,4,secondary,1,0,0.0,1,0,0,0,0,23.8,107,0,0,0,0,0,0,0,8.0
29249,29,male,Doll,3,tertiary,0,0,0.0,1,0,0,1,0,21.4,105,0,0,0,0,0,0,0,6.4
60521,28,male,Doll,3,tertiary,1,0,0.0,0,0,1,0,0,30.6,115,0,0,0,0,0,0,1,6.7
31645,34,female,Hill,2,primary,1,0,0.0,0,0,0,1,0,22.5,119,0,0,0,0,0,0,0,6.3
58909,38,female,Rose,4,secondary,0,1,6.5,0,0,0,0,1,26.4,118,0,0,0,0,0,0,0,7.4
77808,74,male,Rose,5,primary,1,1,19.4,1,0,1,0,1,19.8,118,0,0,0,0,0,1,1,5.5
37789,73,female,Hill,2,primary,0,0,0.0,0,1,1,0,0,38.5,136,1,0,0,0,0,0,0,4.2
75246,18,male,Doll,5,tertiary,1,0,0.0,0,1,0,1,0,24.9,102,1,0,0,0,0,1,1,5.0
57179,68,female,Rose,4,secondary,1,0,0.0,0,0,0,0,0,33.7,127,0,0,0,0,0,1,1,4.2
69023,30,female,Nightingale,2,secondary,0,1,2.3,1,1,0,1,0,29.8,105,0,0,0,0,0,0,0,7.4
21285,75,male,Doll,4,primary,1,1,23.3,1,0,0,0,1,34.5,135,0,1,0,1,0,1,1,8.9
13670,72,female,Nightingale,4,secondary,0,0,0.0,1,1,0,0,1,26.1,126,0,0,0,0,0,0,0,5.5
35844,64,male,Rose,5,tertiary,0,0,0.0,1,0,0,0,0,28.2,128,0,0,0,0,1,0,0,6.9
72166,42,male,Rose,2,secondary,0,1,9.1,0,1,1,1,1,31.4,122,0,0,0,0,1,0,1,8.8
69140,42,male,Nightingale,2,primary,0,0,0.0,0,1,1,1,0,33.2,115,1,0,0,0,0,0,0,6.8
25944,66,female,Doll,2,secondary,1,0,0.0,0,0,0,0,1,23.9,130,0,0,0,0,0,0,0,5.7
97629,70,female,Rose,4,secondary,1,0,0.0,0,1,1,0,1,25.4,123,0,0,0,0,0,0,0,5.4
34667,66,female,Doll,3,secondary,1,1,18.9,0,0,1,0,1,30.1,108,0,0,0,0,0,0,0,7.6
56756,35,female,Hill,4,secondary,1,0,0.0,0,0,0,0,0,20.9,107,0,0,0,0,0,0,0,4.9
51848,53,male,Snow,2,secondary,0,0,0.0,0,0,0,0,0,23.9,126,0,0,0,0,0,0,0,9.7
87753,54,male,Doll,3,primary,1,0,0.0,1,0,0,0,0,26.6,116,0,1,0,0,0,0,0,7.2
11238,18,female,Nightingale,2,secondary,0,0,0.0,0,0,0,0,0,30.6,106,0,0,0,0,0,0,0,9.4
12769,18,male,Doll,5,tertiary,1,0,0.0,0,0,0,1,0,25.9,105,0,0,0,0,0,0,0,4.9
14521,58,female,Snow,2,secondary,1,1,18.7,1,0,0,0,0,25.0,116,0,0,0,0,0,0,0,9.8
31808,48,female,Hill,3,secondary,1,1,9.4,0,1,0,1,0,28.8,132,0,0,0,0,0,0,0,6.0
78605,64,female,Nightingale,3,secondary,1,0,0.0,0,0,0,0,0,29.7,118,0,0,0,0,0,1,0,7.6
95609,34,female,Snow,3,tertiary,0,1,4.6,0,1,0,0,0,25.5,104,1,0,0,0,0,0,0,4.1
21436,35,female,Doll,4,secondary,1,0,0.0,0,1,0,0,0,20.1,90,0,0,0,0,0,0,0,7.7
97841,34,male,Nightingale,4,primary,0,1,4.8,0,1,1,0,0,28.9,116,1,0,0,0,1,0,0,5.3
17554,26,male,Hill,2,tertiary,1,0,0.0,0,1,1,1,0,29.7,93,0,0,1,0,0,0,1,7.0
86924,75,male,Rose,5,tertiary,0,0,0.0,1,0,1,0,1,29.9,136,0,0,0,0,0,0,0,8.9
83132,28,female,Rose,3,primary,0,1,5.2,0,0,1,0,0,25.6,98,1,0,0,0,0,0,0,8.7
83286,35,female,Doll,3,primary,1,0,0.0,0,1,1,0,0,26.5,105,1,0,0,0,0,0,1,8.1
25017,45,male,Nightingale,3,secondary,1,0,0.0,0,0,1,1,0,24.6,123,0,0,0,0,0,0,0,7.8
11325,55,male,Snow,2,secondary,1,1,18.7,1,0,0,0,1,24.0,108,0,0,1,0,0,0,1,9.7
66507,49,male,Hill,2,secondary,0,1,8.1,0,0,1,0,0,35.5,122,0,1,0,0,0,0,1,9.6
44723,28,female,Nightingale,2,secondary,0,0,0.0,0,1,1,0,0,23.8,113,0,0,0,0,0,0,0,7.1
76169,27,female,Snow,3,secondary,1,1,1.6,0,1,1,0,0,28.9,111,0,0,0,0,0,0,0,5.4
18354,30,male,Doll,5,secondary,1,0,0.0,0,0,0,0,0,25.9,97,0,0,0,0,0,0,0,8.4
49408,75,female,Nightingale,3,secondary,1,0,0.0,1,1,1,0,0,35.8,150,0,0,0,0,0,0,1,9.3
41037,18,male,Nightingale,2,secondary,1,1,0.0,0,0,0,0,0,23.9,103,0,0,0,0,0,0,0,6.9
61861,62,female,Doll,3,secondary,0,1,11.3,0,0,1,0,0,26.2,128,0,0,0,0,0,0,0,8.3
24054,63,female,Hill,1,primary,0,0,0.0,0,1,0,0,0,31.2,107,0,0,0,0,0,0,0,5.1
68937,57,female,Rose,5,tertiary,0,0,0.0,0,0,0,0,0,28.0,114,1,0,0,0,0,0,0,7.8
55603,48,male,Nightingale,1,secondary,0,1,13.0,1,0,0,0,0,16.5,117,0,0,0,0,0,0,0,8.7
50516,43,female,Rose,2,secondary,1,1,4.8,0,0,1,0,0,28.3,124,0,0,0,0,0,0,0,7.3
62472,58,male,Doll,5,secondary,0,0,0.0,1,0,0,0,1,25.7,127,0,0,0,0,0,0,0,8.8
11356,46,male,Doll,4,tertiary,1,0,0.0,0,0,0,0,0,30.8,128,0,0,0,0,0,0,0,9.8
53086,39,male,Snow,3,primary,0,0,0.0,1,0,0,1,1,24.3,119,0,0,1,0,0,0,1,4.7
86180,23,female,Doll,5,tertiary,1,0,0.0,0,1,0,1,0,27.5,118,0,0,0,0,0,0,0,9.7
60928,43,male,Rose,3,secondary,1,0,0.0,0,0,1,0,0,25.5,107,0,0,0,0,0,0,0,6.3
47886,52,female,Hill,2,secondary,1,0,0.0,0,1,0,0,0,31.2,115,1,0,0,0,0,0,1,8.6
97181,60,male,Rose,2,tertiary,1,1,11.9,1,0,1,0,0,27.4,111,0,1,0,0,0,0,1,7.1
42515,42,female,Nightingale,2,secondary,1,0,0.0,1,0,1,0,0,27.1,114,0,0,0,0,0,0,1,4.1
76912,28,male,Snow,2,secondary,0,1,1.8,1,1,0,0,0,29.8,107,0,0,0,1,0,0,0,9.8
67440,20,male,Nightingale,4,secondary,1,0,0.0,0,1,0,1,1,28.9,105,0,0,0,0,0,0,0,7.8
33114,68,female,Rose,2,primary,0,1,15.1,0,0,1,0,0,31.5,124,1,0,0,0,0,0,0,9.9
88970,34,female,Doll,5,tertiary,1,0,0.0,0,1,0,1,0,23.4,120,0,0,0,0,0,0,0,6.4
20412,22,female,Nightingale,2,tertiary,0,1,1.5,0,1,1,0,0,29.2,111,1,1,0,0,0,0,1,4.4
64116,27,female,Rose,5,tertiary,0,1,3.2,0,0,1,1,0,30.4,102,1,0,0,0,0,0,0,7.2
55260,51,male,Doll,2,secondary,0,1,13.7,1,0,0,0,0,28.8,125,0,0,0,0,0,0,0,7.0
30086,22,female,Rose,5,secondary,1,0,0.0,0,1,0,0,0,24.5,107,0,0,0,0,0,0,1,4.8
73490,40,female,Nightingale,5,secondary,1,1,4.4,0,0,1,0,0,26.6,117,0,0,0,0,0,0,0,8.9
20957,68,male,Nightingale,3,secondary,0,1,15.9,0,1,0,0,0,32.2,135,0,0,0,0,0,0,0,6.6
74852,21,male,Rose,4,tertiary,1,1,1.0,1,1,0,0,1,22.9,93,1,0,0,0,0,0,0,5.1
78693,50,male,Snow,2,secondary,0,1,9.4,1,1,0,1,0,33.6,118,0,0,0,0,0,0,0,6.4
10176,35,female,Doll,4,tertiary,1,0,0.0,0,1,1,0,0,30.8,122,0,0,0,0,0,0,0,4.7
14455,55,female,Nightingale,5,secondary,1,0,0.0,0,0,0,1,0,25.1,118,0,0,0,0,0,0,0,5.7
53208,26,male,Snow,3,tertiary,1,0,0.0,0,0,0,1,1,23.9,95,0,0,0,0,0,0,0,8.1
17674,45,female,Hill,4,secondary,1,0,0.0,0,0,1,0,0,25.3,113,0,0,0,0,0,0,0,9.1
55303,19,male,Doll,3,secondary,1,1,0.3,0,1,0,1,0,26.9,112,0,0,0,0,0,1,0,5.5
53738,40,male,Rose,5,tertiary,1,0,0.0,0,0,0,0,1,25.8,111,0,0,0,0,0,0,0,8.0
59132,69,female,Hill,1,secondary,1,1,21.5,0,0,0,0,1,31.2,140,0,1,0,0,0,0,1,6.4
94084,40,male,Hill,1,secondary,1,1,9.9,0,0,1,0,0,29.8,111,0,0,0,0,0,0,0,8.1
18409,45,female,Nightingale,3,tertiary,1,0,0.0,0,0,1,0,0,25.3,97,0,0,0,0,0,0,0,5.9
41876,29,female,Hill,2,primary,0,0,0.0,1,0,0,0,0,23.7,108,0,0,0,0,0,0,0,6.4
41367,21,female,Doll,5,tertiary,0,0,0.0,1,0,1,0,0,27.4,109,1,0,0,0,0,1,0,5.7
60647,45,female,Nightingale,1,secondary,0,0,0.0,0,0,0,0,0,23.1,118,0,0,0,0,0,1,0,7.2
21735,18,male,Rose,5,tertiary,1,0,0.0,0,0,0,1,0,30.6,108,1,0,0,0,0,0,1,5.3
93805,37,male,Doll,2,secondary,0,1,8.1,1,1,1,0,0,29.2,123,0,0,1,0,0,0,1,5.1
46612,70,male,Rose,4,primary,1,1,14.2,0,1,0,0,0,29.1,138,0,0,0,0,1,0,1,6.4
81607,69,female,Hill,4,secondary,0,0,0.0,1,0,1,0,1,31.9,121,1,0,0,0,0,0,0,9.5
72224,42,female,Rose,5,primary,0,0,0.0,0,0,0,0,0,24.7,120,0,0,0,0,0,0,0,9.4
88568,59,male,Nightingale,1,secondary,1,1,9.2,0,0,0,0,0,29.7,105,0,0,0,0,0,0,1,9.8
38523,63,male,Nightingale,3,primary,0,0,0.0,0,0,0,0,0,24.7,123,0,0,0,0,0,1,0,5.4
51557,61,male,Snow,3,tertiary,0,0,0.0,1,0,0,0,1,26.5,128,0,0,0,0,0,0,0,8.0
87513,37,male,Hill,4,tertiary,1,0,0.0,1,0,0,1,0,30.2,127,0,0,0,0,0,0,0,7.9
97272,42,male,Nightingale,3,secondary,1,0,0.0,1,0,0,0,0,26.6,119,0,0,0,0,0,0,1,5.6
23790,63,male,Doll,4,secondary,0,0,0.0,0,1,1,0,0,31.6,129,0,0,0,0,0,0,0,7.3
84461,47,male,Rose,3,secondary,0,0,0.0,0,0,0,0,0,26.5,102,0,0,0,0,0,0,0,5.3
62683,18,female,Rose,5,secondary,1,0,0.0,0,0,1,0,0,23.9,100,0,0,0,0,0,1,1,6.0
44343,78,female,Rose,4,secondary,0,0,0.0,1,0,0,1,0,29.7,143,0,0,0,0,0,0,0,8.0
66695,20,male,Nightingale,1,secondary,1,0,0.0,0,1,1,0,0,30.8,101,0,0,0,0,0,0,0,8.5
81578,57,female,Rose,2,secondary,0,0,0.0,0,0,0,0,0,25.7,119,0,0,0,0,0,0,1,8.8
56127,64,male,Rose,3,secondary,0,0,0.0,1,0,0,0,0,21.9,116,0,0,0,0,0,0,0,4.7
21061,57,male,Rose,4,secondary,1,0,0.0,0,0,1,0,0,31.7,122,1,0,0,0,0,0,0,4.8
26790,46,female,Nightingale,2,secondary,1,0,0.0,0,1,0,1,1,25.4,119,0,0,0,0,0,0,0,9.2
57384,66,male,Doll,5,tertiary,1,1,21.9,1,1,0,0,0,29.6,138,0,0,0,0,0,0,0,9.2
33283,23,male,Rose,3,secondary,1,0,0.0,0,1,1,0,1,33.2,107,0,0,0,0,0,0,1,9.8
68219,75,female,Doll,5,secondary,1,0,0.0,0,0,0,0,0,24.3,127,0,0,0,0,0,0,0,4.7
86476,60,female,Rose,5,secondary,1,0,0.0,0,1,0,1,1,27.1,135,0,0,1,0,0,0,1,4.6
52567,44,male,Snow,1,secondary,0,1,8.1,1,1,0,0,1,25.8,115,0,0,1,0,0,0,0,4.7
17710,69,female,Nightingale,2,secondary,0,0,0.0,1,0,1,0,0,31.2,117,0,0,0,0,1,0,0,5.2
16882,32,male,Hill,1,secondary,0,1,6.2,0,0,1,0,0,30.9,121,0,0,0,0,0,0,0,6.6
48945,69,male,Nightingale,3,tertiary,0,0,0.0,0,0,0,0,0,28.2,116,0,0,0,0,0,1,0,8.0
30501,31,female,Hill,2,primary,1,0,0.0,0,0,0,0,0,20.1,98,1,0,0,0,0,1,0,9.6
22537,60,male,Hill,2,secondary,0,0,0.0,1,0,1,1,0,31.0,127,0,0,0,1,0,0,1,9.1
28253,68,female,Doll,3,tertiary,1,1,12.8,0,0,1,0,0,26.3,141,0,0,0,0,0,0,1,9.9
64352,64,female,Doll,4,secondary,1,0,0.0,1,0,1,0,0,25.8,106,0,0,0,0,0,0,0,6.3
13102,74,male,Rose,5,tertiary,1,0,0.0,0,1,1,0,0,30.5,123,0,1,0,0,0,0,1,4.3
85782,55,male,Nightingale,5,secondary,1,0,0.0,0,0,1,0,0,28.8,115,0,0,0,0,0,0,0,9.5
17878,47,female,Rose,3,secondary,0,0,0.0,0,0,1,0,0,20.5,115,0,0,0,0,0,1,0,5.2
50729,61,female,Nightingale,3,secondary,1,0,0.0,0,0,0,0,0,28.2,124,0,0,0,0,0,1,1,5.2
16633,67,female,Snow,1,secondary,1,0,0.0,0,0,1,0,1,24.1,114,0,0,0,0,0,0,0,9.4
90344,21,female,Hill,1,secondary,1,0,0.0,1,0,0,0,0,28.4,108,0,0,0,0,0,0,0,6.2
82367,58,female,Hill,2,tertiary,1,1,10.4,0,1,0,0,0,28.7,119,0,0,0,0,0,0,0,6.3
56262,58,male,Rose,5,secondary,1,0,0.0,0,1,1,1,1,31.1,130,0,0,0,0,0,1,0,4.6
29307,68,male,Rose,4,secondary,1,1,17.0,0,1,1,0,1,32.5,127,0,0,0,0,0,0,0,4.6
19842,33,male,Rose,2,tertiary,1,1,3.0,1,1,0,0,1,24.6,134,1,0,0,0,0,0,0,5.9
21673,40,male,Rose,2,primary,1,1,10.4,1,0,0,0,1,31.9,130,0,0,0,0,0,0,1,9.4
61260,72,female,Rose,3,secondary,0,0,0.0,0,1,0,0,0,28.1,139,0,0,0,0,0,0,0,9.6
25335,69,female,Nightingale,3,secondary,0,1,19.4,0,1,0,0,1,25.8,135,0,0,1,1,0,0,1,6.5
75925,68,female,Nightingale,5,primary,0,1,12.7,0,0,0,0,0,27.0,125,0,0,0,0,0,0,0,5.9
61996,55,male,Rose,3,secondary,1,0,0.0,1,1,1,1,0,24.1,123,0,0,0,0,0,1,0,6.3
53067,46,female,Rose,5,tertiary,1,0,0.0,0,0,0,1,0,29.8,125,0,0,0,0,0,0,0,5.9
62661,64,female,Snow,1,secondary,0,1,21.2,0,1,1,0,0,29.3,122,0,0,0,0,0,1,0,7.3
63490,25,male,Rose,4,primary,0,0,0.0,0,0,0,0,0,23.5,101,0,0,0,0,0,0,0,4.3
88841,74,female,Snow,2,primary,0,1,12.7,1,0,0,0,0,21.7,121,0,0,0,0,0,0,0,6.3
83364,79,male,Doll,2,secondary,0,0,0.0,1,1,1,0,1,29.7,129,0,0,0,0,1,0,1,9.1
48762,66,male,Doll,2,secondary,1,0,0.0,1,1,0,0,0,28.8,127,0,0,0,0,0,0,0,7.2
51872,18,male,Rose,5,tertiary,0,1,0.0,0,0,0,1,0,25.6,94,0,0,0,0,0,0,0,5.2
29471,23,male,Nightingale,3,secondary,1,0,0.0,0,0,0,1,1,25.0,113,0,0,0,0,0,0,0,6.5
97839,66,male,Hill,2,secondary,1,1,22.7,1,1,1,0,0,34.3,144,0,1,0,0,1,0,0,4.2
45651,70,male,Rose,2,secondary,1,0,0.0,1,1,0,0,1,23.5,123,0,1,0,0,0,0,1,8.9
73381,66,female,Rose,4,tertiary,1,0,0.0,1,1,0,0,0,27.7,127,0,0,0,0,0,0,0,5.4
71857,34,male,Nightingale,2,secondary,0,1,5.5,0,0,1,0,0,27.8,104,0,0,0,0,0,0,0,6.1
87591,23,female,Doll,5,secondary,0,1,1.4,0,1,1,1,0,27.4,109,0,0,0,0,0,0,0,6.6
13919,48,male,Hill,2,secondary,1,1,10.1,0,0,1,0,1,30.5,123,0,0,0,0,1,1,1,8.1
77432,42,male,Doll,3,secondary,0,0,0.0,1,0,1,1,0,24.4,118,0,0,0,0,0,0,0,7.7
58737,30,female,Rose,2,primary,1,1,6.2,0,1,1,0,0,28.4,111,0,0,0,0,0,0,0,4.3
85545,77,female,Rose,2,secondary,0,1,13.2,1,0,1,0,0,33.5,147,0,0,0,0,1,0,0,8.7
18481,37,male,Doll,5,secondary,1,0,0.0,1,0,0,0,0,20.1,102,0,0,0,0,0,0,0,4.8
61540,50,male,Snow,3,secondary,0,0,0.0,0,0,1,0,0,30.0,123,0,0,0,0,0,0,0,5.6
75847,64,female,Hill,1,primary,0,0,0.0,1,0,0,0,0,26.0,129,0,0,0,0,0,0,0,6.2
84694,27,female,Doll,3,tertiary,0,0,0.0,1,0,0,0,1,23.2,125,0,0,0,0,0,0,1,7.4
30695,60,female,Hill,5,secondary,1,0,0.0,1,0,1,0,0,25.4,111,0,0,0,0,0,0,0,8.2
74167,65,male,Hill,2,primary,0,0,0.0,0,1,1,1,0,32.5,127,0,1,0,0,0,0,0,4.4
34206,70,male,Rose,5,tertiary,1,0,0.0,1,0,1,1,0,26.0,133,0,0,0,0,0,0,1,9.6
67395,73,female,Doll,2,primary,0,0,0.0,0,1,0,0,1,22.1,105,0,0,0,0,0,0,0,6.9
47808,77,female,Snow,1,secondary,1,0,0.0,1,1,1,0,1,31.1,126,0,0,1,0,0,0,1,9.7
73187,22,female,Snow,1,primary,0,1,1.4,1,1,1,0,1,30.9,99,1,0,0,0,0,0,0,8.2
22591,55,female,Rose,3,secondary,1,0,0.0,0,0,1,0,0,23.6,117,0,0,0,0,0,0,1,4.5
41258,70,male,Doll,2,secondary,0,0,0.0,1,0,0,0,0,29.1,136,0,0,0,0,0,0,0,6.3
97761,21,male,Rose,4,secondary,0,1,0.9,0,0,0,1,0,23.9,102,0,0,0,0,0,0,0,6.8
34082,47,female,Hill,2,secondary,0,0,0.0,1,1,1,1,0,34.8,133,0,1,1,0,0,0,0,8.7
30036,30,female,Snow,4,secondary,1,0,0.0,1,0,1,1,1,30.3,99,0,0,0,0,0,0,1,4.9
78920,63,male,Nightingale,4,tertiary,0,0,0.0,0,0,0,0,0,25.2,128,0,0,0,0,0,0,1,5.0
69014,69,male,Nightingale,2,secondary,1,1,23.2,0,0,0,0,0,24.1,114,0,0,0,0,0,0,0,9.3
32915,61,female,Rose,4,tertiary,1,0,0.0,0,0,1,0,0,27.0,129,0,0,0,0,0,0,0,6.2
65904,43,female,Snow,3,secondary,0,0,0.0,0,0,0,0,0,21.4,101,0,0,0,0,0,0,0,4.6
31408,58,female,Nightingale,5,tertiary,0,0,0.0,0,1,0,0,0,23.4,122,0,0,0,0,0,0,0,5.4
45869,26,male,Rose,2,secondary,1,1,3.2,0,0,0,0,0,21.3,90,0,0,0,0,0,0,1,4.2
55313,68,female,Doll,4,secondary,1,1,18.0,0,0,1,0,1,28.5,116,0,0,0,0,1,0,1,6.7
51923,66,male,Nightingale,2,secondary,1,0,0.0,1,0,0,1,1,27.8,123,0,0,0,0,1,1,1,6.3
82449,42,male,Nightingale,3,secondary,0,1,11.1,0,0,1,0,0,28.5,112,0,0,0,0,0,0,0,4.6
97422,56,female,Nightingale,4,secondary,1,1,18.6,1,0,0,0,0,26.1,123,0,0,0,0,0,0,0,9.3
38004,69,male,Rose,5,tertiary,0,0,0.0,0,0,0,1,0,26.6,139,0,0,0,0,0,0,0,5.2
48371,20,female,Hill,2,secondary,0,0,0.0,1,0,1,1,1,22.2,104,0,0,1,0,0,0,1,6.0
55522,24,male,Hill,4,secondary,1,1,3.0,1,0,1,0,0,28.5,95,0,0,0,0,0,1,1,9.8
73902,38,female,Rose,5,tertiary,1,0,0.0,1,0,1,1,0,29.7,114,1,0,0,0,0,0,0,9.3
31337,32,female,Doll,3,primary,1,1,3.9,1,0,1,0,0,26.4,117,0,0,0,0,0,0,0,7.0
49746,66,female,Snow,2,secondary,0,1,18.8,0,1,0,0,0,29.5,131,0,1,0,0,0,0,0,9.8
37878,40,female,Snow,3,primary,0,0,0.0,1,0,0,1,1,28.3,126,0,0,1,0,0,0,1,7.2
18596,23,male,Rose,5,tertiary,0,0,0.0,0,1,0,0,0,24.6,94,0,0,0,0,0,0,0,5.8
44813,49,female,Doll,2,primary,0,1,10.0,1,0,0,0,0,23.1,114,0,0,1,0,0,0,0,4.1
29854,19,male,Rose,2,secondary,0,0,0.0,1,1,1,0,0,24.4,103,0,0,0,0,0,1,0,5.2
50217,50,female,Rose,4,secondary,1,0,0.0,1,1,1,0,0,35.1,114,0,0,0,0,0,0,0,5.7
83718,35,male,Rose,3,secondary,1,0,0.0,0,1,0,1,0,33.6,117,0,0,0,0,0,0,1,9.7
64424,78,male,Nightingale,2,secondary,1,0,0.0,1,1,0,0,0,29.0,130,0,0,0,0,0,0,0,6.5
15946,19,male,Hill,4,primary,0,0,0.0,1,0,0,1,0,24.1,98,1,0,0,0,0,0,0,7.6
72046,57,male,Snow,1,secondary,0,0,0.0,0,0,0,0,1,27.2,121,0,0,0,0,0,0,0,8.9
31354,57,male,Nightingale,2,secondary,0,0,0.0,0,0,0,1,0,30.6,119,0,0,0,0,0,0,0,4.4
94664,24,male,Nightingale,4,tertiary,1,0,0.0,1,1,1,1,0,33.3,95,0,0,0,0,0,0,0,4.9
39502,58,male,Nightingale,4,tertiary,1,0,0.0,1,0,1,0,0,29.5,120,1,0,0,0,0,0,0,8.9
44721,35,male,Snow,3,secondary,1,0,0.0,1,1,0,1,0,23.3,111,0,1,0,0,0,0,1,4.7
48650,57,male,Nightingale,3,secondary,0,1,12.6,1,0,0,0,1,32.8,127,0,1,0,0,0,0,0,9.4
42643,40,female,Snow,4,primary,0,0,0.0,0,0,0,0,0,23.2,113,0,0,0,0,0,0,0,5.1
32995,19,female,Hill,3,secondary,1,0,0.0,0,0,1,0,0,29.4,117,1,0,0,0,0,0,0,4.5
29272,36,male,Doll,4,tertiary,1,1,7.4,0,0,0,1,1,23.6,130,0,0,0,0,0,1,1,9.2
64177,24,female,Rose,5,secondary,1,1,1.6,1,1,0,0,0,24.5,105,0,0,0,0,0,1,1,8.0
65323,24,female,Nightingale,5,tertiary,1,0,0.0,0,0,0,1,0,27.3,102,0,0,1,0,0,0,0,9.9
77076,66,female,Nightingale,5,tertiary,1,0,0.0,1,1,0,0,1,30.3,130,0,0,0,0,0,0,1,4.3
50731,59,female,Snow,4,tertiary,1,0,0.0,0,0,1,0,0,30.7,125,0,0,0,0,0,0,0,7.3
27398,45,female,Hill,4,tertiary,1,0,0.0,1,0,0,0,0,24.8,121,0,0,0,0,0,0,0,9.8
84113,73,male,Hill,3,secondary,1,0,0.0,1,1,0,1,1,26.2,126,0,1,0,0,0,1,1,9.8
38992,37,male,Rose,2,primary,1,1,8.0,0,1,0,1,0,23.7,113,1,0,0,0,0,0,0,5.0
85671,36,female,Doll,4,secondary,0,0,0.0,0,0,0,0,0,21.3,111,0,0,0,0,1,1,1,6.4
79137,61,female,Doll,5,tertiary,1,0,0.0,0,0,1,0,1,25.7,124,0,1,1,0,0,0,1,9.6
70452,41,female,Rose,5,primary,1,0,0.0,0,0,0,0,0,25.9,105,0,0,0,0,0,1,0,7.8
64705,37,female,Doll,5,tertiary,1,0,0.0,1,1,1,0,0,30.1,106,0,0,0,0,1,0,1,9.9
75449,66,female,Nightingale,2,secondary,1,0,0.0,1,1,1,0,1,30.6,130,0,0,0,0,0,1,1,6.7
91097,59,female,Doll,2,tertiary,0,1,21.3,0,1,1,0,0,39.1,135,0,0,0,0,0,0,0,9.4
66766,24,female,Hill,2,primary,0,1,1.5,0,1,0,1,1,23.7,103,0,0,0,0,0,1,0,5.2
18959,73,male,Rose,5,tertiary,1,0,0.0,0,0,0,0,0,23.4,113,0,0,0,1,0,0,1,8.3
27890,58,female,Doll,3,primary,1,1,14.6,0,0,0,0,0,28.7,127,0,0,0,0,0,0,1,7.6
38210,21,female,Rose,3,secondary,1,1,1.2,0,1,0,1,0,24.5,122,0,0,0,0,0,0,1,5.0
73743,69,male,Doll,4,secondary,0,0,0.0,0,1,0,0,0,26.8,117,1,0,0,0,0,0,0,5.7
13315,22,female,Snow,2,primary,1,1,1.1,1,0,0,0,0,23.2,112,0,0,0,1,0,0,0,5.8
86761,37,female,Doll,4,secondary,1,0,0.0,0,0,1,1,0,25.1,96,0,0,0,0,0,1,0,9.6
26919,24,female,Nightingale,4,secondary,1,0,0.0,1,1,0,0,0,27.1,99,0,0,0,0,0,0,1,9.7
27342,20,female,Rose,2,secondary,1,0,0.0,1,0,1,1,0,24.5,120,0,0,0,0,0,1,1,8.8
37012,76,female,Nightingale,2,secondary,0,0,0.0,1,1,1,1,1,28.6,137,0,0,0,0,0,0,0,6.3
35976,59,male,Hill,1,secondary,0,0,0.0,0,1,1,0,1,25.5,123,1,1,0,0,0,0,0,6.4
74424,76,male,Doll,4,secondary,1,0,0.0,0,0,0,0,0,29.3,136,0,0,0,0,1,0,0,9.3
98139,56,female,Hill,3,secondary,1,0,0.0,0,1,1,0,0,31.7,126,0,0,0,0,0,0,0,8.7
24340,19,male,Snow,2,secondary,0,0,0.0,0,1,1,0,1,27.7,92,0,0,0,0,0,0,0,7.0
92175,30,male,Hill,1,primary,0,1,2.6,0,1,0,0,1,27.2,116,0,0,0,0,0,0,0,4.6
82241,46,male,Rose,2,primary,1,0,0.0,0,1,0,0,0,26.9,112,0,0,0,0,1,0,1,8.0
71208,73,male,Doll,5,secondary,1,0,0.0,0,0,0,1,0,25.7,123,0,0,0,0,0,1,1,7.6
97262,51,male,Nightingale,4,secondary,1,0,0.0,1,1,0,0,0,29.0,117,0,0,0,0,1,0,0,4.2
82249,43,female,Doll,5,tertiary,1,0,0.0,0,0,0,0,0,26.1,99,0,0,0,0,0,0,1,4.8
80879,21,male,Nightingale,3,secondary,0,0,0.0,0,0,0,0,0,29.6,110,0,0,0,0,0,1,0,7.5
43811,41,female,Rose,4,tertiary,0,0,0.0,0,1,0,1,0,30.7,114,1,0,0,0,1,1,1,4.8
92206,52,male,Doll,3,tertiary,0,0,0.0,1,0,0,0,0,26.7,107,0,0,0,0,0,0,0,8.5
48041,77,male,Nightingale,2,secondary,1,0,0.0,0,0,1,0,0,33.3,135,0,1,0,0,0,0,1,7.1
34268,29,female,Nightingale,2,secondary,1,0,0.0,1,1,1,1,0,30.9,107,0,1,0,0,0,0,1,4.2
28289,19,female,Nightingale,2,primary,0,1,0.3,0,0,1,1,1,22.5,108,0,0,1,0,0,0,0,6.1
90734,47,female,Hill,3,tertiary,0,1,6.0,1,1,1,0,0,31.4,113,0,0,1,0,0,0,1,4.1
62356,38,female,Snow,1,secondary,1,1,7.1,1,0,1,0,0,33.1,114,0,0,0,0,0,0,1,4.1
95530,52,female,Snow,4,secondary,1,0,0.0,0,1,0,0,0,29.1,126,0,0,0,0,0,0,0,4.1
45438,21,female,Snow,2,secondary,1,0,0.0,1,0,1,0,1,19.0,101,0,0,0,0,0,0,0,9.8
86652,33,male,Snow,4,secondary,1,1,4.2,0,0,1,0,0,27.7,106,0,0,0,0,0,0,0,6.8
38578,38,female,Hill,1,tertiary,1,0,0.0,0,1,0,0,1,26.9,110,1,0,1,0,0,0,1,8.5
28471,76,male,Doll,4,tertiary,0,0,0.0,0,1,1,0,1,28.3,139,0,0,0,0,0,0,0,4.5
11513,57,male,Doll,5,tertiary,0,0,0.0,0,0,0,0,0,31.7,126,0,0,0,0,0,0,0,9.4
47212,59,male,Hill,2,secondary,1,1,11.2,0,1,1,0,0,32.4,132,0,0,0,0,0,0,0,8.8
19634,77,male,Hill,2,secondary,0,0,0.0,0,0,0,0,1,33.2,118,0,1,0,0,1,0,1,4.2
96215,55,male,Hill,2,secondary,0,0,0.0,1,1,0,0,0,28.0,114,0,0,0,0,0,0,1,9.8
12836,68,female,Rose,4,secondary,0,1,9.5,0,0,1,0,0,34.2,146,0,0,0,0,0,0,0,4.6
49759,24,female,Nightingale,2,secondary,0,1,2.1,1,1,1,0,1,24.1,106,0,0,1,0,0,0,1,8.5
72322,40,male,Snow,2,secondary,0,0,0.0,1,0,1,0,0,31.9,112,0,0,0,0,0,0,0,7.6
70584,40,male,Snow,2,secondary,0,0,0.0,0,0,1,0,1,27.0,112,0,0,0,0,0,0,0,5.7
61693,41,male,Nightingale,1,tertiary,0,1,7.1,0,0,1,0,0,24.6,110,0,0,0,0,0,0,0,9.9
57381,35,male,Snow,1,primary,1,1,4.5,0,0,0,1,1,30.9,112,1,0,0,0,0,0,0,5.1
28293,20,female,Hill,3,primary,0,0,0.0,1,1,1,0,0,28.4,100,0,0,1,0,0,0,0,9.6
67140,42,female,Nightingale,4,tertiary,1,1,10.0,0,0,0,0,0,24.8,128,0,0,0,0,0,0,0,9.9
77507,50,male,Doll,3,secondary,1,1,13.8,0,0,1,0,0,25.7,130,0,0,0,0,0,1,1,9.8
12000,33,female,Rose,4,secondary,1,0,0.0,1,0,1,1,0,21.7,107,1,0,0,0,0,0,0,5.1
81811,71,female,Snow,3,secondary,1,1,24.6,0,1,1,0,1,31.2,136,0,0,0,0,0,0,0,9.0
28536,62,female,Hill,1,secondary,0,0,0.0,1,1,0,0,0,30.5,126,1,0,0,0,0,0,0,8.2
38069,71,female,Nightingale,1,primary,0,1,11.3,1,0,1,1,0,27.1,117,0,0,0,0,0,0,0,9.8
22578,44,female,Snow,2,secondary,1,0,0.0,0,0,0,0,0,26.0,119,0,0,0,0,0,0,0,8.9
56821,56,female,Nightingale,3,secondary,1,0,0.0,0,1,0,0,0,27.3,118,0,0,0,0,0,0,0,6.1
22491,30,female,Doll,3,primary,0,1,5.7,0,0,0,0,0,28.9,107,0,0,0,0,0,0,0,7.1
63754,24,male,Rose,4,tertiary,1,0,0.0,1,1,0,0,0,24.1,95,0,0,0,0,0,0,0,9.1
18284,58,female,Doll,4,secondary,1,0,0.0,0,0,0,0,1,23.7,107,0,0,0,0,0,0,0,8.7
28781,61,male,Snow,2,secondary,0,0,0.0,1,0,0,0,1,21.4,111,0,0,0,0,0,0,0,4.5
30039,69,male,Rose,3,secondary,1,1,24.3,0,0,1,0,0,30.1,120,0,0,0,0,0,0,0,6.5
37901,74,female,Doll,4,secondary,1,0,0.0,0,0,0,0,0,33.3,125,0,0,0,0,0,0,0,7.1
95519,32,male,Doll,2,primary,1,1,2.8,0,1,1,0,0,30.5,118,1,0,0,0,0,0,0,7.0
34380,62,female,Doll,5,tertiary,1,1,15.5,1,0,0,0,0,24.7,138,0,1,0,0,0,0,1,8.5
92614,42,female,Hill,5,secondary,1,0,0.0,0,0,0,0,0,26.2,106,0,0,0,0,0,0,0,9.9
90681,67,male,Rose,4,secondary,0,0,0.0,0,0,0,0,0,26.0,133,0,0,0,0,0,0,0,5.0
10343,47,male,Rose,4,tertiary,1,0,0.0,0,0,1,1,1,33.5,115,0,0,0,0,0,0,0,4.5
37511,47,female,Rose,3,secondary,0,0,0.0,0,1,0,0,0,30.1,109,1,0,0,0,1,0,0,8.0
41235,66,male,Snow,4,secondary,1,0,0.0,0,0,1,0,0,26.5,133,0,0,0,0,0,1,0,9.8
78301,23,male,Rose,3,primary,1,1,1.5,0,0,0,0,0,20.9,90,0,0,0,0,0,0,0,4.3
17796,74,female,Doll,4,secondary,1,0,0.0,1,1,0,0,0,26.7,121,0,0,0,0,0,0,0,8.5
86361,20,female,Snow,4,tertiary,1,0,0.0,0,0,0,1,0,21.0,93,0,0,0,0,0,0,1,8.0
69526,40,male,Nightingale,3,secondary,1,0,0.0,0,0,0,0,0,28.7,111,0,0,0,0,0,0,0,9.2
15590,22,female,Snow,1,tertiary,0,1,1.7,0,0,1,1,0,27.0,113,0,0,0,0,0,0,1,9.7
22522,29,male,Snow,1,secondary,0,0,0.0,0,0,0,1,1,26.5,122,0,0,0,0,0,1,0,7.7
10794,79,female,Rose,5,secondary,1,0,0.0,0,1,0,0,0,25.2,133,0,1,0,0,1,0,1,4.9
57938,43,female,Hill,2,tertiary,0,0,0.0,1,0,0,1,0,23.6,121,0,0,0,0,0,0,0,5.1
53386,75,female,Hill,4,secondary,1,0,0.0,0,0,0,0,0,19.8,125,0,0,0,0,0,0,1,6.3
38742,42,male,Rose,4,secondary,0,0,0.0,0,1,0,0,0,27.0,124,0,0,0,0,0,0,0,5.6
50701,31,female,Rose,4,secondary,0,0,0.0,1,0,0,1,0,23.0,120,0,0,0,0,0,0,0,7.5
20133,71,female,Doll,2,secondary,0,1,11.5,0,1,1,0,0,29.1,119,0,0,0,0,0,0,0,6.7
29347,43,male,Hill,4,secondary,1,0,0.0,1,1,1,0,1,30.5,100,0,0,1,0,0,0,1,6.6
96343,47,male,Snow,2,secondary,0,0,0.0,1,0,0,0,0,31.1,107,0,0,0,0,0,1,0,9.2
72897,47,male,Snow,1,secondary,0,0,0.0,0,0,0,1,0,26.5,130,0,0,1,0,0,0,1,4.7
40922,67,male,Nightingale,2,secondary,0,1,19.7,0,0,1,0,1,23.9,133,0,0,0,0,0,0,0,5.0
98299,47,male,Snow,2,secondary,0,0,0.0,1,1,0,0,0,28.8,105,0,0,0,0,0,0,0,8.1
91910,40,female,Hill,4,secondary,0,0,0.0,1,0,1,0,0,24.1,110,0,0,1,0,0,0,1,6.6
20705,18,male,Rose,2,tertiary,0,1,0.0,0,0,1,1,0,28.0,103,0,0,0,0,0,0,0,5.2
80400,44,female,Doll,5,secondary,1,0,0.0,1,1,0,0,0,21.4,108,0,0,0,0,0,0,0,5.1
68150,20,male,Nightingale,2,secondary,0,1,0.6,1,1,0,0,0,34.9,109,0,0,0,0,0,0,0,5.9
36844,23,female,Rose,2,secondary,0,0,0.0,1,0,1,1,0,28.4,111,0,0,0,0,0,1,0,7.5
44511,52,female,Snow,4,primary,1,0,0.0,0,0,0,1,0,22.2,133,0,0,0,0,0,0,0,9.4
28735,40,female,Hill,3,secondary,1,0,0.0,0,0,1,0,0,27.8,116,0,0,0,0,0,0,1,5.4
62667,29,female,Nightingale,3,secondary,0,1,5.2,0,0,0,1,0,27.1,112,0,0,0,0,0,0,0,8.1
46703,33,male,Doll,4,secondary,0,0,0.0,1,1,0,1,0,27.9,102,0,0,0,0,0,0,0,4.8
91932,28,male,Doll,4,secondary,1,0,0.0,0,0,1,1,0,26.5,110,0,0,0,0,0,1,0,4.6
24600,68,male,Doll,5,tertiary,1,0,0.0,0,0,0,0,0,28.1,118,0,0,0,0,0,0,1,9.2
87995,68,male,Snow,3,secondary,0,1,10.3,1,0,0,0,0,30.1,140,1,0,0,0,0,0,0,8.0
90815,61,female,Rose,4,secondary,1,1,15.6,0,0,1,0,0,29.6,137,0,0,1,0,0,0,1,5.6
51846,31,female,Rose,2,secondary,0,0,0.0,1,1,1,0,1,28.1,110,1,0,0,0,0,0,0,4.6
19651,19,male,Rose,4,secondary,1,1,0.2,1,1,0,1,0,25.0,134,0,0,0,0,0,0,1,5.8
31023,20,male,Hill,2,primary,1,0,0.0,1,1,0,1,0,30.1,106,0,0,0,0,0,1,0,4.2
85440,49,male,Hill,4,secondary,1,0,0.0,1,0,0,0,0,29.0,125,1,0,0,0,0,0,1,10.0
80392,49,male,Rose,5,primary,1,0,0.0,0,1,0,0,0,29.0,126,0,0,0,0,0,0,0,5.1
55944,49,female,Doll,3,primary,0,1,14.5,0,0,0,1,0,27.6,128,0,0,0,0,1,0,0,6.1
69686,50,male,Hill,1,secondary,1,0,0.0,0,0,1,0,0,28.2,115,0,0,0,0,1,0,0,7.3
60459,38,male,Hill,4,secondary,1,0,0.0,1,0,1,1,1,29.1,117,0,0,0,0,0,0,0,7.8
26674,45,male,Rose,5,tertiary,1,0,0.0,1,1,1,0,1,27.5,104,0,0,0,0,0,0,0,7.5
83889,66,male,Nightingale,3,secondary,0,0,0.0,0,0,1,0,0,31.9,135,0,0,0,0,0,0,1,5.1
62174,70,female,Snow,3,secondary,0,0,0.0,1,1,0,0,1,33.2,129,0,0,0,0,0,0,0,4.8
87262,37,male,Snow,4,secondary,0,0,0.0,0,0,1,0,1,26.5,103,0,0,0,0,0,0,0,7.3
14169,64,female,Rose,4,tertiary,1,0,0.0,0,0,1,0,1,26.1,145,1,0,0,0,0,0,0,5.5
98838,31,male,Snow,3,secondary,1,1,3.5,0,0,0,1,0,22.5,103,0,0,0,0,0,0,0,4.4
54715,49,male,Nightingale,2,secondary,1,0,0.0,0,0,1,0,0,32.1,104,1,0,0,0,0,0,1,9.8
46906,23,female,Snow,4,tertiary,1,0,0.0,0,0,1,1,0,24.3,106,0,0,0,0,0,1,0,4.6
86014,58,male,Nightingale,3,secondary,0,0,0.0,0,1,0,0,0,24.9,118,0,0,0,0,1,0,1,9.4
92420,69,male,Doll,5,secondary,1,0,0.0,0,0,0,0,1,26.0,114,0,0,0,0,0,0,1,4.6
30097,56,female,Hill,3,secondary,1,1,10.2,0,0,0,0,0,23.1,118,0,0,0,0,0,0,0,8.6
36143,20,female,Snow,1,secondary,0,0,0.0,1,1,0,1,0,28.5,111,0,0,0,0,0,0,0,8.1
14139,76,male,Snow,1,primary,0,1,18.2,1,1,1,1,1,29.9,139,0,1,0,0,0,0,1,6.6
62925,36,male,Rose,4,secondary,0,0,0.0,0,1,0,0,0,26.8,97,0,0,0,0,0,0,0,6.5
67558,49,male,Nightingale,4,secondary,1,0,0.0,1,0,0,0,0,21.1,110,0,0,0,0,0,1,0,7.0
39368,47,male,Snow,2,secondary,0,0,0.0,0,0,0,0,1,16.8,138,0,0,0,0,0,0,0,9.6
56418,64,female,Rose,2,secondary,0,1,10.7,0,1,1,0,0,29.1,130,0,1,0,0,0,0,1,7.0
54797,43,female,Hill,5,tertiary,1,0,0.0,0,1,1,0,1,30.4,113,0,0,0,0,0,0,0,10.0
48219,33,female,Nightingale,3,secondary,1,0,0.0,0,1,1,0,0,31.8,104,0,0,0,0,0,0,0,4.9
49449,22,female,Doll,3,primary,0,0,0.0,0,1,0,1,0,27.2,113,0,0,0,0,0,0,0,6.9
24810,25,male,Hill,3,secondary,1,0,0.0,0,0,0,1,0,25.3,98,0,0,0,0,0,0,0,8.9
29394,45,female,Hill,2,secondary,0,0,0.0,1,0,0,0,0,26.1,111,0,0,0,0,0,0,0,7.9
36004,46,male,Doll,5,secondary,1,0,0.0,0,0,1,1,0,34.2,132,1,0,0,0,0,0,0,4.7
76899,65,male,Nightingale,5,tertiary,1,0,0.0,1,1,1,0,0,38.2,137,0,0,0,0,0,0,0,8.7
55847,72,female,Doll,4,secondary,1,0,0.0,0,1,1,1,0,34.1,119,0,1,0,0,1,0,1,7.9
30538,24,male,Doll,2,primary,1,0,0.0,0,0,0,1,0,29.8,107,0,0,0,0,0,0,0,9.5
20547,37,female,Hill,4,secondary,1,0,0.0,0,1,1,0,1,34.9,104,0,0,0,0,0,0,0,8.9
38965,39,male,Snow,3,secondary,1,0,0.0,0,0,0,1,0,25.2,112,0,0,0,0,0,0,1,9.6
16320,37,female,Hill,3,tertiary,0,0,0.0,0,0,1,0,0,31.7,109,0,0,0,0,0,1,0,4.8
20932,54,male,Hill,2,secondary,0,1,12.8,0,0,0,0,0,26.6,130,0,0,0,0,0,0,0,10.0
37654,48,male,Snow,1,primary,1,1,5.9,1,0,1,1,0,29.2,128,0,0,0,0,0,1,0,5.2
91900,50,male,Doll,4,primary,0,0,0.0,0,0,0,0,0,22.8,122,0,0,0,0,0,0,0,9.3
13222,62,female,Rose,3,secondary,1,0,0.0,1,0,1,0,0,27.1,136,0,0,0,0,0,0,0,9.1
69391,63,male,Snow,3,secondary,1,1,11.3,0,0,1,0,0,26.6,126,0,0,0,0,0,0,0,6.7
98171,48,male,Rose,3,secondary,0,0,0.0,0,1,0,0,1,24.6,116,1,0,0,0,0,0,0,6.6
15043,79,male,Nightingale,4,tertiary,1,0,0.0,0,0,1,0,0,31.2,144,0,0,0,0,1,0,1,5.4
88078,22,female,Rose,5,primary,0,0,0.0,0,0,0,0,0,32.7,113,1,0,0,0,0,1,1,9.8
31190,58,female,Nightingale,2,secondary,1,1,9.3,0,0,1,0,1,24.6,125,0,0,0,0,0,0,1,7.2
30359,71,female,Hill,1,secondary,1,0,0.0,1,0,0,0,0,27.4,129,1,0,0,0,1,0,0,5.6
54081,47,male,Rose,3,secondary,1,0,0.0,0,1,0,0,0,26.9,106,0,0,0,0,0,0,0,9.1
61494,48,female,Hill,4,primary,1,0,0.0,1,0,0,0,0,28.8,118,0,0,0,0,0,0,1,9.7
61872,55,male,Doll,4,primary,0,0,0.0,0,0,0,0,0,19.6,102,0,0,0,0,0,0,0,4.7
29942,49,male,Snow,1,secondary,1,1,8.0,1,0,1,0,1,35.4,115,0,0,0,0,0,0,1,7.3
82006,22,female,Nightingale,2,primary,0,1,1.6,0,0,0,0,0,26.2,112,0,0,0,0,0,0,0,7.1
45281,18,male,Rose,2,primary,0,0,0.0,0,0,0,0,0,22.1,100,0,0,0,0,0,0,0,6.7
13470,73,male,Hill,3,secondary,1,0,0.0,1,0,0,0,0,20.5,111,0,0,1,0,0,0,1,4.3
64139,50,male,Rose,4,primary,1,0,0.0,0,0,1,0,0,25.8,117,0,0,0,0,0,0,0,9.5
88431,76,male,Doll,2,tertiary,1,0,0.0,1,1,1,0,0,32.2,137,0,0,0,0,1,0,1,6.1
88280,51,female,Rose,4,secondary,0,0,0.0,1,0,1,0,0,28.0,119,0,0,0,0,0,0,0,8.7
14241,45,female,Snow,1,secondary,0,0,0.0,0,1,1,0,0,28.6,105,0,0,0,0,0,0,0,7.3
55543,70,male,Nightingale,2,secondary,1,0,0.0,1,0,1,0,1,30.5,128,0,0,0,0,0,0,0,5.7
49555,63,male,Hill,2,primary,0,0,0.0,0,1,1,0,0,29.4,139,0,0,0,0,0,0,0,4.7
95400,19,male,Nightingale,4,tertiary,1,0,0.0,1,0,1,0,0,26.1,93,0,0,0,0,0,1,1,9.7
24168,38,male,Nightingale,4,secondary,0,0,0.0,0,1,0,0,0,24.5,104,0,0,0,0,0,0,0,7.5
91362,22,female,Doll,4,primary,0,0,0.0,0,1,0,0,0,28.2,97,0,0,0,0,0,0,0,6.1
95001,59,male,Hill,1,tertiary,0,0,0.0,1,0,0,0,0,28.2,137,0,1,0,0,0,0,0,8.4
24545,64,male,Hill,3,secondary,0,0,0.0,1,0,1,0,0,27.0,125,0,1,0,0,0,0,1,7.1
70054,73,female,Doll,5,secondary,0,0,0.0,0,0,0,0,0,26.2,135,0,0,0,0,0,0,0,7.9
10653,48,male,Doll,5,secondary,0,0,0.0,0,0,1,0,0,28.7,109,0,0,0,0,0,0,1,6.9
18233,57,female,Nightingale,3,secondary,0,0,0.0,1,0,0,0,0,28.6,137,0,0,0,0,0,0,0,7.7
29251,68,female,Nightingale,3,secondary,1,1,11.4,0,0,0,0,0,31.9,127,0,0,0,0,0,0,0,5.6
27676,33,female,Doll,3,secondary,1,0,0.0,0,1,0,0,1,27.2,112,0,0,0,0,0,0,0,9.0
55580,45,male,Hill,4,secondary,1,0,0.0,0,1,1,0,0,23.9,106,1,0,0,0,1,1,1,6.1
75035,66,male,Snow,2,secondary,0,0,0.0,1,1,1,0,0,29.4,124,0,0,1,0,0,0,1,4.0
14923,37,female,Rose,5,tertiary,1,0,0.0,0,1,0,1,1,19.0,108,0,0,0,0,0,0,0,8.9
47948,18,male,Nightingale,4,tertiary,0,1,0.0,0,0,0,0,0,23.0,106,1,0,1,0,0,0,1,5.3
19958,26,male,Doll,5,secondary,1,0,0.0,1,0,1,0,0,28.5,113,0,0,1,0,0,0,1,8.2
85774,35,male,Nightingale,4,secondary,1,0,0.0,0,1,1,1,0,30.1,111,0,0,0,0,0,0,1,6.5
25301,55,male,Rose,5,secondary,1,0,0.0,0,0,1,0,0,22.8,109,1,0,0,0,0,0,1,4.4
67935,25,female,Nightingale,2,secondary,0,1,2.6,1,1,1,1,0,30.9,92,0,0,0,0,0,1,1,5.0
14894,54,female,Snow,4,tertiary,0,0,0.0,1,0,0,0,0,29.2,111,0,0,0,0,0,0,1,5.8
33018,42,male,Snow,2,primary,0,0,0.0,1,1,0,0,0,23.4,121,0,0,0,0,0,0,0,8.7
36181,21,female,Rose,2,secondary,0,0,0.0,0,0,1,0,0,24.1,90,0,0,0,0,0,0,0,4.1
39743,31,female,Snow,2,tertiary,1,0,0.0,0,0,1,0,1,29.7,115,1,1,0,0,0,0,1,9.5
41724,59,male,Rose,3,secondary,1,0,0.0,0,0,0,0,0,31.6,122,0,0,0,0,0,1,1,6.3
18049,66,female,Snow,1,secondary,0,0,0.0,0,1,1,0,0,32.8,126,0,0,0,0,0,0,0,5.0
85633,43,female,Rose,4,tertiary,1,0,0.0,0,1,0,0,0,27.3,107,1,0,1,0,0,0,1,8.0
82643,76,male,Doll,3,primary,0,1,13.9,1,0,0,0,0,20.0,140,0,0,0,0,0,0,0,6.1
49623,30,female,Snow,4,tertiary,0,0,0.0,0,1,0,1,0,24.8,111,0,1,0,0,0,0,1,4.3
56833,74,male,Snow,1,primary,0,1,11.4,0,0,1,0,1,29.9,123,0,0,0,1,1,0,1,9.4
84078,75,male,Hill,3,primary,0,0,0.0,1,0,1,0,1,26.0,138,0,0,0,0,0,0,0,8.3
29105,64,female,Rose,4,tertiary,1,1,11.1,1,0,0,0,0,26.8,140,0,0,0,0,0,0,0,7.4
87442,44,male,Doll,3,secondary,1,0,0.0,0,0,1,0,0,30.5,135,0,0,0,0,0,0,1,8.8
76945,22,male,Nightingale,2,secondary,0,1,1.6,1,0,0,0,1,21.6,131,0,0,0,0,0,0,1,4.8
25934,61,female,Rose,2,primary,0,1,22.0,1,1,0,0,0,20.4,119,1,0,0,0,0,1,1,7.0
82573,26,male,Doll,5,tertiary,1,0,0.0,0,0,1,0,0,21.2,94,1,0,0,0,0,0,0,6.5
50172,77,male,Doll,4,tertiary,0,0,0.0,0,0,0,1,0,24.0,128,0,0,0,0,0,1,1,4.9
21033,23,female,Doll,5,tertiary,1,1,2.1,0,0,0,0,1,27.3,105,0,0,0,0,0,0,1,7.9
65420,48,male,Doll,2,primary,0,0,0.0,0,0,0,0,0,31.4,104,0,0,0,0,1,0,1,9.0
37869,43,female,Hill,5,secondary,1,1,10.0,0,0,0,0,0,23.1,113,0,0,0,0,0,0,0,8.6
51679,19,male,Hill,3,secondary,1,0,0.0,1,0,1,0,0,27.1,94,0,0,0,0,0,0,0,5.3
74860,68,male,Hill,2,secondary,0,0,0.0,1,0,0,0,0,31.0,142,0,0,0,0,0,0,1,7.5
30565,79,female,Nightingale,5,tertiary,1,0,0.0,1,0,0,0,0,25.9,146,0,0,0,0,0,0,0,5.9
52993,74,female,Hill,3,secondary,0,1,27.2,0,1,0,0,0,28.7,142,0,0,0,0,1,0,1,8.7
61891,49,female,Hill,3,tertiary,1,0,0.0,1,1,0,0,0,29.9,125,0,0,1,0,0,0,1,8.6
25043,56,male,Nightingale,2,secondary,0,1,15.3,1,1,0,0,0,29.8,123,0,1,0,0,0,0,0,7.8
68817,24,male,Snow,2,secondary,1,0,0.0,0,1,1,0,0,31.7,117,1,0,0,0,0,0,1,5.4
43676,48,female,Nightingale,3,tertiary,0,1,8.9,0,0,0,0,0,35.4,122,0,0,0,0,0,0,0,9.9
61565,76,female,Hill,4,secondary,0,0,0.0,0,0,0,0,0,26.6,128,0,0,0,0,0,0,1,8.0
54009,27,male,Nightingale,3,primary,1,0,0.0,0,1,0,0,0,30.8,108,0,0,0,0,0,0,1,5.5
80609,50,female,Hill,3,secondary,1,0,0.0,0,1,0,0,0,35.5,115,0,0,0,0,0,1,0,7.8
65714,77,female,Doll,5,secondary,1,0,0.0,0,0,1,0,1,30.5,132,0,0,0,0,0,0,1,8.2
90200,20,female,Nightingale,4,tertiary,1,0,0.0,1,0,1,1,0,25.5,121,0,0,0,0,0,0,0,8.7
70224,64,female,Nightingale,3,secondary,1,0,0.0,0,0,0,0,0,27.2,116,0,0,0,0,0,0,1,9.2
61508,18,female,Nightingale,5,tertiary,1,0,0.0,0,0,0,1,0,21.9,99,1,0,0,0,0,0,0,6.7
87112,46,male,Nightingale,4,tertiary,1,1,12.1,0,0,0,1,0,26.4,111,0,0,0,0,0,0,0,4.7
59852,28,female,Nightingale,2,secondary,0,1,2.7,0,0,0,1,0,22.8,136,0,0,0,0,0,1,0,5.6
90604,58,female,Snow,3,secondary,0,0,0.0,1,0,1,0,0,26.6,112,0,0,0,0,0,0,0,4.1
11279,63,female,Rose,5,secondary,0,0,0.0,0,0,0,0,0,29.3,134,0,0,0,0,0,0,0,9.6
62302,32,male,Rose,5,secondary,1,0,0.0,0,0,0,1,0,22.0,112,0,0,0,0,0,0,0,9.1
25453,34,male,Nightingale,2,secondary,1,1,6.9,0,0,0,1,1,24.2,114,0,0,0,0,0,1,0,6.3
89440,47,female,Hill,3,secondary,1,0,0.0,0,0,0,0,0,28.7,114,0,1,0,0,0,0,1,8.1
88632,46,female,Snow,4,tertiary,1,0,0.0,0,0,0,1,0,23.3,109,0,0,0,0,0,0,1,4.4
67930,20,female,Doll,2,secondary,0,0,0.0,0,1,0,0,0,22.0,108,0,0,0,0,0,0,0,7.9
32217,46,male,Hill,4,secondary,0,0,0.0,1,0,1,1,0,24.6,110,1,1,0,0,0,0,1,7.2
95821,67,female,Rose,5,tertiary,0,0,0.0,0,0,0,0,0,23.3,109,0,0,0,0,0,0,0,7.7
41976,71,female,Doll,5,tertiary,1,0,0.0,0,0,1,0,0,25.0,100,0,0,0,0,0,0,0,4.1
67807,21,male,Hill,4,tertiary,0,0,0.0,1,0,0,1,0,25.6,101,0,0,0,0,0,1,0,4.3
94683,75,female,Snow,3,secondary,1,0,0.0,1,1,1,0,0,31.7,116,0,0,0,0,0,0,0,8.2
83560,61,male,Snow,1,tertiary,0,1,18.2,0,0,1,1,1,28.3,137,0,0,0,0,0,1,0,8.4
61102,47,male,Rose,2,secondary,0,0,0.0,0,0,0,1,0,23.5,117,0,1,0,0,0,0,1,7.0
85736,50,male,Nightingale,1,primary,1,1,6.5,1,0,1,1,0,28.4,116,0,0,0,0,0,0,0,7.9
29111,30,female,Nightingale,3,secondary,0,0,0.0,0,0,0,0,1,24.1,108,0,0,0,0,0,0,0,6.2
68378,23,male,Doll,3,secondary,1,0,0.0,1,0,1,0,0,28.8,103,0,0,0,0,0,0,0,5.1
46989,30,male,Rose,2,secondary,0,0,0.0,0,0,0,1,0,18.2,100,0,0,0,0,0,0,0,7.9
51597,61,female,Nightingale,5,secondary,0,0,0.0,0,1,0,0,0,30.8,127,0,0,0,0,0,0,0,5.4
27710,58,female,Doll,5,primary,1,0,0.0,0,0,0,0,1,23.7,117,0,0,0,0,0,0,0,4.5
64281,57,female,Snow,1,secondary,0,1,20.0,0,0,0,0,0,29.9,111,0,0,0,0,0,0,0,8.4
61125,52,male,Rose,3,primary,1,1,9.4,1,0,0,0,0,23.4,105,0,0,0,0,0,0,0,10.0
36032,47,male,Snow,2,primary,0,0,0.0,0,0,0,0,0,22.6,120,0,0,0,0,0,0,1,9.1
39485,18,male,Hill,1,primary,0,1,0.0,1,0,0,0,0,23.9,114,0,0,0,0,0,1,0,6.1
39395,25,female,Rose,4,secondary,1,1,1.3,0,1,0,1,0,26.2,118,0,0,0,0,0,0,0,4.4
86710,52,male,Nightingale,1,primary,0,0,0.0,0,0,1,0,0,29.4,115,1,0,0,0,0,0,0,4.5
36751,75,male,Snow,3,primary,1,0,0.0,0,0,0,0,0,29.5,129,1,0,0,0,0,0,0,7.9
73914,22,male,Hill,3,secondary,0,0,0.0,0,1,0,0,0,26.0,100,0,0,0,0,0,1,0,8.8
25725,53,female,Hill,2,secondary,1,0,0.0,0,0,0,0,1,24.4,124,0,0,0,0,1,0,1,4.8
11800,66,male,Snow,4,tertiary,0,1,19.2,0,1,0,0,0,27.8,132,0,0,0,0,0,0,0,7.4
84061,58,male,Rose,5,primary,1,0,0.0,0,0,0,0,0,21.6,120,0,0,0,0,0,0,1,8.7
79364,55,female,Doll,2,secondary,0,1,18.6,1,1,0,1,0,29.5,127,0,0,0,1,0,0,1,9.2
58173,50,male,Rose,3,secondary,1,0,0.0,0,1,0,0,0,27.6,119,0,0,0,0,0,0,1,5.4
64541,79,male,Rose,5,tertiary,1,0,0.0,0,0,0,0,1,24.1,142,1,0,1,0,1,0,1,4.5
24088,22,male,Rose,4,tertiary,1,1,0.8,1,0,0,1,1,20.5,109,0,0,0,0,0,1,1,7.2
30201,31,male,Rose,5,secondary,1,1,6.6,1,0,0,0,0,21.4,117,1,0,0,0,0,0,0,7.7
22255,75,female,Snow,3,secondary,0,0,0.0,1,0,0,0,0,25.2,122,0,1,0,0,0,0,1,7.5
74110,50,female,Hill,3,primary,0,1,6.6,0,0,0,0,0,28.3,115,0,0,0,0,0,0,0,8.6
26816,72,male,Doll,2,secondary,0,0,0.0,0,1,0,0,0,30.0,127,0,0,0,0,0,0,1,7.7
43035,32,female,Snow,1,primary,0,0,0.0,0,0,1,1,0,28.2,128,0,0,0,0,0,0,0,6.4
96670,49,male,Nightingale,2,secondary,0,0,0.0,0,1,1,0,0,24.8,113,1,0,0,0,0,0,0,9.0
15699,66,male,Nightingale,1,secondary,0,1,18.8,1,1,1,1,1,38.5,139,0,0,0,1,0,0,0,4.1
45862,40,male,Hill,4,tertiary,0,0,0.0,0,0,0,0,0,32.8,101,0,0,0,0,0,0,0,5.3
58282,73,male,Snow,1,tertiary,1,1,25.4,0,0,0,0,0,36.2,142,0,0,0,0,0,1,0,4.7
77045,21,female,Snow,1,primary,0,0,0.0,0,1,1,1,0,22.7,90,0,0,0,0,0,0,0,5.5
60792,43,male,Hill,3,primary,1,0,0.0,1,0,1,0,0,29.4,109,0,0,0,0,0,1,0,8.4
32497,61,female,Snow,3,primary,1,1,11.5,1,1,1,0,0,33.0,119,0,0,0,0,1,0,1,5.3
18511,51,male,Doll,2,primary,1,1,16.6,0,0,1,0,0,30.5,117,0,0,1,0,1,0,1,9.6
52445,30,male,Doll,5,secondary,1,0,0.0,0,0,0,0,0,17.2,94,0,0,0,0,0,0,0,8.8
96661,71,female,Doll,3,secondary,0,0,0.0,0,1,0,0,0,33.9,124,0,0,0,0,1,0,1,4.9
90020,40,male,Nightingale,4,secondary,1,1,8.4,0,1,1,0,0,19.0,90,0,0,0,0,0,0,0,8.5
95853,27,male,Snow,2,secondary,1,0,0.0,1,1,0,0,0,25.6,99,0,0,0,0,0,0,0,8.7
51609,65,male,Hill,4,primary,1,1,12.2,1,0,0,0,0,26.4,134,0,0,0,0,0,0,1,7.4
30819,63,female,Nightingale,2,secondary,0,0,0.0,0,0,0,0,1,23.1,128,0,0,0,0,0,0,0,8.0
67891,51,female,Hill,2,secondary,0,1,11.3,1,1,1,0,0,31.6,121,0,0,0,0,0,0,0,7.0
25595,60,female,Nightingale,3,secondary,1,0,0.0,1,1,0,0,0,31.0,128,0,0,0,0,0,1,1,9.1
85100,64,female,Rose,5,secondary,1,0,0.0,0,0,0,0,1,20.5,111,0,0,0,0,0,0,0,7.5
26291,52,female,Doll,4,tertiary,0,1,13.4,0,0,1,0,0,33.7,124,0,0,0,0,0,0,0,6.4
28806,40,male,Hill,3,secondary,0,0,0.0,1,0,0,0,0,25.3,112,0,0,0,0,0,0,0,8.6
15170,40,male,Rose,4,secondary,1,0,0.0,0,1,1,0,1,33.6,116,0,0,0,0,0,0,0,7.9
23072,49,female,Nightingale,4,primary,1,0,0.0,1,0,0,0,0,19.2,115,0,0,0,0,0,0,0,4.7
68447,52,female,Rose,2,secondary,0,1,6.1,1,0,0,0,0,34.1,125,0,0,0,0,1,0,1,4.4
38522,69,female,Hill,4,tertiary,0,0,0.0,0,0,0,0,0,29.4,125,1,0,0,0,0,0,0,4.1
16429,29,female,Snow,3,tertiary,1,1,4.6,0,0,1,0,0,32.6,111,0,0,1,0,0,0,1,5.6
54669,72,female,Hill,4,secondary,1,0,0.0,0,0,1,0,0,36.2,140,0,0,0,0,0,0,0,8.4
64123,77,female,Rose,5,tertiary,1,0,0.0,1,0,1,0,0,29.9,152,0,1,0,0,1,0,1,7.7
65730,67,female,Doll,4,secondary,0,0,0.0,0,1,0,0,1,27.6,125,0,0,0,0,0,0,0,9.5
40296,77,male,Nightingale,1,secondary,0,1,16.9,0,1,1,0,0,32.6,140,0,0,0,0,0,1,0,6.0
15353,72,male,Nightingale,2,secondary,1,0,0.0,1,1,1,0,0,34.0,129,0,0,0,0,0,0,1,9.6
12133,71,male,Rose,5,tertiary,1,0,0.0,1,1,1,0,0,31.0,143,0,0,0,0,1,0,1,9.3
30683,75,female,Doll,5,tertiary,1,0,0.0,1,0,1,0,0,27.3,133,0,0,0,0,0,1,0,9.2
81563,19,male,Doll,4,tertiary,1,1,0.2,1,0,0,1,1,19.6,104,0,0,0,0,0,0,1,6.4
58690,52,male,Hill,4,secondary,1,0,0.0,0,1,0,0,0,28.8,119,0,0,0,0,0,0,1,4.1
17521,50,male,Nightingale,5,tertiary,1,0,0.0,1,0,1,0,0,26.8,104,0,0,0,0,0,0,1,8.8
56424,50,male,Snow,4,secondary,1,0,0.0,0,0,1,1,0,30.3,124,1,0,0,0,0,0,0,4.4
39716,61,female,Doll,4,secondary,1,0,0.0,0,1,1,1,1,30.7,121,0,0,1,0,1,0,1,6.2
71630,66,male,Hill,3,secondary,1,0,0.0,1,0,0,0,0,23.2,131,0,0,0,0,0,0,0,7.0
10257,58,female,Snow,1,primary,0,0,0.0,1,1,0,0,0,30.4,133,0,1,0,0,0,0,1,8.0
78768,50,male,Rose,4,secondary,1,0,0.0,0,0,0,1,0,27.3,129,0,0,0,0,0,0,0,4.3
26959,52,female,Nightingale,5,tertiary,1,0,0.0,0,0,1,0,0,27.7,126,0,0,1,0,0,0,1,7.3
86114,68,female,Rose,5,tertiary,1,0,0.0,0,0,1,0,0,30.3,132,0,0,0,1,0,0,1,9.0
85426,31,female,Rose,3,secondary,1,0,0.0,0,1,0,0,0,28.6,111,0,0,0,0,0,0,0,5.0
59693,18,female,Doll,4,secondary,0,0,0.0,0,0,0,0,0,27.3,93,0,0,0,0,0,0,0,8.9
14919,41,female,Rose,5,tertiary,1,0,0.0,0,0,0,0,0,31.2,109,0,0,0,0,0,0,1,4.0
51061,34,female,Hill,4,tertiary,1,1,6.8,1,0,0,0,0,28.0,116,0,0,0,0,0,0,0,6.2
76407,23,female,Doll,5,secondary,1,0,0.0,0,0,0,0,0,21.3,109,0,0,0,0,0,0,0,5.4
94047,60,male,Hill,3,secondary,1,0,0.0,0,1,1,0,1,39.8,121,0,0,0,0,0,0,0,5.7
86849,72,female,Snow,1,secondary,0,1,25.1,1,1,0,0,0,26.0,116,1,0,0,0,1,0,1,4.1
47226,75,male,Doll,2,primary,1,0,0.0,0,1,0,1,1,29.8,148,0,0,0,0,0,0,1,8.2
48176,38,female,Nightingale,1,primary,1,0,0.0,0,0,1,0,0,31.8,106,0,0,0,0,0,0,0,9.7
27535,49,male,Rose,5,secondary,1,0,0.0,0,0,1,0,1,26.1,116,0,1,0,0,0,0,1,7.7
32444,65,female,Nightingale,2,primary,0,0,0.0,1,0,1,0,0,34.2,140,0,1,0,0,0,0,1,6.4
63794,71,male,Rose,4,secondary,0,0,0.0,0,0,1,0,1,27.0,143,0,0,0,0,0,0,0,6.0
33380,62,male,Hill,5,tertiary,1,0,0.0,0,0,0,0,0,27.7,129,0,0,0,0,0,0,1,8.5
51849,79,female,Snow,4,tertiary,1,0,0.0,1,1,1,0,1,32.3,131,0,0,0,0,0,0,1,8.8
86036,38,female,Nightingale,4,secondary,1,0,0.0,0,1,1,0,0,27.0,105,0,0,0,0,0,0,0,8.7
56937,30,female,Doll,3,tertiary,1,0,0.0,1,1,0,0,0,26.6,115,0,0,0,0,0,0,1,9.3
39142,33,female,Rose,5,tertiary,1,0,0.0,0,0,0,1,1,26.0,98,0,0,1,0,0,0,1,5.7
61887,59,female,Rose,3,secondary,1,1,19.2,0,1,0,1,0,28.0,116,0,0,0,0,0,0,0,5.6
41209,30,male,Hill,3,tertiary,0,1,4.9,1,0,1,1,0,30.8,108,1,0,0,0,0,0,0,8.3
18291,72,female,Rose,5,tertiary,1,0,0.0,0,0,0,0,0,26.2,114,0,0,0,0,0,0,1,9.1
62256,37,female,Snow,3,tertiary,1,0,0.0,1,1,1,1,1,28.5,124,0,0,0,0,0,0,1,9.9
45473,19,male,Rose,4,secondary,1,0,0.0,0,0,0,1,0,28.6,101,0,0,0,0,0,1,0,6.5
64340,40,female,Doll,5,tertiary,0,0,0.0,0,0,0,0,0,21.2,119,1,0,0,0,0,0,0,6.2
46622,64,male,Nightingale,4,tertiary,1,0,0.0,0,1,1,0,1,29.5,105,0,0,0,0,0,0,0,7.8
87758,67,female,Nightingale,2,secondary,0,0,0.0,0,1,0,0,1,28.7,119,0,1,0,0,0,0,0,8.5
34343,76,female,Hill,2,secondary,1,0,0.0,0,0,0,0,0,30.2,121,0,0,0,0,1,0,1,7.8
78326,49,male,Snow,2,primary,0,0,0.0,1,0,0,0,1,30.6,119,0,0,0,0,0,1,0,5.7
21452,56,male,Nightingale,5,tertiary,1,0,0.0,1,0,1,0,0,27.6,114,0,0,0,0,0,0,0,6.0
35660,41,male,Snow,1,secondary,0,0,0.0,0,0,0,0,0,25.4,118,0,0,0,0,0,0,0,9.7
12591,19,female,Nightingale,3,secondary,1,0,0.0,0,0,1,1,1,31.4,102,0,0,0,0,0,0,1,5.0
52107,20,male,Hill,3,tertiary,0,0,0.0,1,1,0,0,0,31.4,92,0,0,0,0,1,0,0,4.9
24867,48,female,Nightingale,4,secondary,1,0,0.0,0,0,1,0,0,28.3,115,0,0,0,0,0,0,0,9.8
14160,38,female,Snow,3,secondary,1,0,0.0,0,1,0,0,0,28.4,109,1,0,0,0,0,0,1,9.3
63653,26,male,Nightingale,4,tertiary,0,0,0.0,0,1,1,1,0,31.1,125,0,0,0,0,0,1,0,9.1
70402,34,male,Hill,4,tertiary,1,1,4.7,0,0,1,1,0,29.0,110,0,0,0,0,0,0,0,4.8
31423,77,female,Snow,3,secondary,0,0,0.0,1,1,0,0,1,32.0,119,1,0,0,0,1,0,0,7.1
53028,42,female,Doll,5,tertiary,0,1,8.2,1,0,0,0,0,26.4,109,0,0,0,0,0,0,0,5.4
38074,52,male,Hill,2,secondary,0,0,0.0,1,0,1,0,0,25.2,126,1,0,1,0,1,1,1,9.0
71531,77,female,Snow,4,tertiary,1,1,14.1,0,1,0,0,0,23.6,135,0,0,0,0,0,0,0,6.2
41609,77,male,Nightingale,3,secondary,1,1,18.4,1,1,1,0,0,31.1,137,0,1,0,1,1,0,1,7.1
28081,60,male,Rose,3,primary,0,0,0.0,1,0,0,0,0,28.9,117,1,0,0,0,0,0,0,4.8
42379,56,female,Hill,3,tertiary,1,1,17.8,1,0,0,1,0,26.7,123,0,0,0,0,0,0,0,8.5
40106,40,female,Hill,1,secondary,0,0,0.0,0,0,1,1,0,27.2,107,0,0,0,0,0,0,0,4.8
55938,21,male,Doll,4,tertiary,1,0,0.0,0,1,0,1,1,34.5,99,1,0,0,0,0,1,0,5.6
94048,76,male,Nightingale,2,secondary,1,0,0.0,1,1,1,0,0,29.9,141,0,1,0,0,0,0,0,6.6
84388,69,male,Rose,4,tertiary,0,0,0.0,0,0,0,0,1,26.3,125,0,0,0,0,0,0,0,4.4
85476,36,female,Doll,3,primary,1,0,0.0,0,0,1,0,1,27.4,113,0,0,0,0,0,0,1,8.3
16848,45,male,Hill,3,secondary,0,0,0.0,1,1,0,0,0,25.1,120,0,0,0,0,0,0,1,7.7
95209,55,male,Doll,5,primary,1,1,17.3,0,0,0,0,0,24.7,137,0,0,0,0,0,0,0,7.7
38050,45,female,Snow,2,secondary,1,0,0.0,1,0,0,0,0,18.7,99,0,0,0,0,0,0,0,6.2
32903,59,male,Nightingale,1,secondary,0,1,16.9,0,0,0,0,0,30.0,126,1,0,0,0,0,0,0,8.7
35564,48,male,Rose,4,primary,1,0,0.0,0,1,0,1,0,27.7,106,0,0,0,0,0,0,0,6.5
13979,52,male,Rose,4,tertiary,1,0,0.0,0,0,0,0,1,28.2,121,0,0,0,0,0,0,0,4.1
92674,65,female,Rose,5,primary,1,0,0.0,0,0,0,0,0,22.9,120,0,0,0,0,0,0,1,5.3
32852,65,male,Nightingale,4,tertiary,1,0,0.0,0,1,1,0,0,25.6,128,1,0,0,0,0,0,0,4.6
41811,43,male,Doll,4,secondary,1,1,5.5,0,0,1,0,0,28.5,101,0,0,1,0,0,0,1,6.8
62238,79,male,Doll,2,secondary,0,1,15.6,0,1,0,1,0,25.8,146,0,0,0,0,0,0,0,7.6
71249,62,male,Rose,5,secondary,1,1,9.0,0,0,1,0,0,27.8,128,1,1,0,0,0,0,1,7.7
45661,36,female,Nightingale,4,tertiary,0,0,0.0,0,0,0,1,0,21.5,126,0,0,0,0,0,0,0,4.6
58352,43,male,Hill,2,primary,1,0,0.0,1,1,1,0,0,29.9,126,1,1,1,0,0,0,1,7.6
42180,74,male,Hill,2,primary,0,1,18.8,1,1,1,0,0,33.0,133,0,1,0,0,0,0,1,5.9
55167,59,male,Rose,3,secondary,0,0,0.0,0,0,0,0,0,21.3,120,0,0,0,0,0,0,0,4.4
73510,63,male,Rose,3,secondary,0,0,0.0,0,1,0,0,0,28.3,137,0,0,0,0,0,0,0,4.0
36446,33,male,Snow,3,secondary,1,1,5.6,0,0,1,0,0,25.2,106,1,0,0,0,0,0,1,9.4
92004,53,female,Snow,3,secondary,0,1,12.8,0,0,1,1,0,30.7,136,0,0,0,0,0,0,0,8.1
72740,66,male,Snow,2,secondary,1,0,0.0,1,0,0,0,0,28.9,132,0,0,0,0,1,0,0,9.6
82472,54,female,Snow,1,primary,0,0,0.0,0,1,0,1,1,27.6,119,0,0,1,0,0,0,0,4.6
98944,76,male,Doll,4,secondary,1,1,30.1,1,0,1,0,0,28.5,141,1,0,0,0,1,0,1,6.7
44722,41,male,Snow,2,secondary,0,1,5.0,1,0,0,0,0,28.6,125,1,0,0,0,0,0,0,10.0
97060,38,female,Snow,2,primary,0,0,0.0,1,0,0,0,0,23.8,99,0,0,0,0,0,0,0,6.4
78484,41,female,Doll,5,secondary,1,0,0.0,0,0,0,0,0,28.9,101,1,0,0,0,0,0,0,7.0
30857,34,male,Nightingale,5,tertiary,1,0,0.0,0,1,0,1,0,27.6,122,0,0,0,0,0,0,1,4.9
94434,68,female,Doll,2,primary,0,0,0.0,1,0,1,0,0,30.8,125,0,1,0,0,0,0,0,7.2
43859,49,male,Rose,5,primary,1,0,0.0,0,0,1,1,1,23.7,119,0,0,0,0,0,0,0,5.5
65253,66,male,Snow,3,secondary,0,1,19.7,1,0,1,0,0,23.9,121,0,0,0,1,0,0,1,4.1
68640,72,male,Hill,2,primary,0,0,0.0,1,1,1,0,1,29.2,129,0,0,0,0,1,0,1,6.0
48357,72,male,Hill,3,secondary,1,0,0.0,1,0,0,0,0,27.1,127,0,0,0,0,0,0,1,7.7
97618,58,male,Nightingale,2,secondary,1,1,12.1,0,0,1,1,0,27.6,115,0,0,0,0,0,0,0,6.2
43674,41,male,Snow,3,secondary,1,0,0.0,1,0,0,0,0,30.0,109,0,0,1,0,0,0,1,8.9
76447,60,female,Snow,1,secondary,1,1,12.2,1,1,1,0,1,28.7,116,0,0,0,0,1,0,1,6.6
33357,68,female,Rose,4,tertiary,1,0,0.0,0,1,1,0,0,28.0,134,0,0,0,0,0,0,1,8.8
40282,78,female,Rose,3,secondary,0,1,23.3,0,1,0,0,0,27.8,125,0,0,0,0,0,1,1,6.1
99647,44,male,Hill,3,tertiary,1,0,0.0,1,0,0,0,0,25.6,102,0,0,0,0,0,0,0,8.6
17104,32,male,Rose,2,secondary,1,1,5.8,0,1,1,0,0,31.6,110,0,0,0,0,0,0,0,4.4
33451,51,female,Hill,3,tertiary,1,0,0.0,1,1,1,0,0,34.5,100,1,0,0,0,0,0,0,5.2
57057,29,female,Hill,1,secondary,0,1,4.3,1,0,1,0,0,28.1,112,0,0,1,0,0,0,1,5.6
75418,42,male,Doll,3,tertiary,1,1,10.9,1,0,1,0,0,33.9,129,0,0,0,0,0,1,0,5.9
72624,39,male,Doll,3,primary,1,1,10.6,0,0,0,0,0,24.6,108,0,0,0,0,0,0,0,4.3
27090,53,male,Nightingale,3,primary,1,0,0.0,0,0,0,1,0,28.3,135,0,0,0,0,0,0,0,7.5
89129,38,female,Hill,3,secondary,1,0,0.0,0,0,0,1,0,29.3,117,1,0,0,0,0,0,0,5.0
32003,56,male,Nightingale,5,tertiary,1,0,0.0,0,1,0,0,0,30.1,124,0,0,0,0,0,0,0,5.4
26438,72,female,Doll,2,secondary,0,1,18.9,1,1,0,0,0,27.4,134,0,1,0,0,0,0,0,4.3
22544,67,male,Rose,2,primary,1,1,15.4,1,0,0,0,1,24.0,136,1,0,0,0,0,0,0,8.7
52574,79,male,Hill,2,primary,0,0,0.0,0,0,0,0,0,25.4,134,0,0,0,0,0,0,0,8.7
31627,39,female,Hill,4,tertiary,1,1,6.9,0,0,0,0,0,27.7,122,0,0,0,0,0,0,0,8.1
86605,59,female,Snow,4,secondary,1,0,0.0,1,0,0,0,0,31.7,132,0,0,0,0,0,0,0,9.4
76071,50,female,Nightingale,1,secondary,0,0,0.0,0,1,0,0,1,30.1,107,0,0,1,0,0,0,0,8.2
44644,29,male,Nightingale,1,secondary,1,1,5.1,0,1,1,0,0,26.6,104,0,0,0,0,0,0,0,5.3
27629,32,male,Snow,2,tertiary,1,1,2.6,0,1,1,1,0,29.7,127,1,0,0,0,0,0,0,6.6
60278,31,female,Snow,3,primary,0,0,0.0,0,0,0,1,0,29.9,105,1,0,0,0,0,0,0,4.8
71529,78,male,Hill,4,secondary,1,0,0.0,1,0,0,0,0,34.0,131,1,0,0,0,0,0,1,6.1
37444,47,female,Nightingale,4,secondary,0,0,0.0,0,1,0,1,0,24.8,109,1,0,1,0,0,0,0,8.8
36504,21,male,Rose,5,secondary,1,1,0.6,1,0,0,0,0,22.0,98,0,0,0,0,0,0,0,6.1
47444,60,male,Rose,5,tertiary,1,0,0.0,0,1,1,0,1,26.4,123,0,0,1,0,0,0,1,7.0
30911,18,female,Rose,2,secondary,0,1,0.0,1,1,1,1,0,30.1,108,0,0,0,0,0,1,0,4.9
38336,72,male,Doll,3,secondary,1,0,0.0,1,0,0,0,0,29.3,139,0,0,0,0,0,0,0,7.1
95634,22,male,Doll,4,tertiary,1,0,0.0,1,0,1,0,1,23.0,111,0,0,0,0,0,0,1,8.7
31862,35,male,Snow,3,secondary,1,0,0.0,1,1,0,1,0,30.8,110,0,0,0,0,0,0,0,9.9
61960,42,female,Hill,2,tertiary,1,1,9.9,1,0,0,0,0,27.4,120,0,0,0,0,0,0,0,4.9
22999,26,female,Hill,4,tertiary,0,0,0.0,1,0,1,0,0,23.1,99,0,0,0,0,0,0,0,8.1
41364,74,male,Nightingale,2,secondary,0,1,28.6,1,0,1,0,0,27.7,138,0,0,0,1,0,0,1,6.8
11363,56,male,Nightingale,5,secondary,1,0,0.0,0,1,0,0,1,25.4,117,0,0,0,0,0,0,1,4.2
11170,37,female,Nightingale,4,secondary,0,0,0.0,1,1,0,0,0,29.4,106,0,0,0,0,0,0,0,8.8
48827,31,female,Snow,1,primary,0,0,0.0,0,0,0,1,0,31.1,116,1,0,0,0,0,0,0,5.9
31237,43,male,Doll,3,tertiary,1,0,0.0,0,0,0,0,0,26.6,124,0,0,0,0,0,0,0,5.9
94709,18,female,Hill,2,tertiary,1,0,0.0,0,0,0,0,0,21.4,95,0,0,0,0,0,0,0,6.7
79597,35,female,Nightingale,3,tertiary,1,0,0.0,0,0,0,0,0,29.9,116,0,0,0,0,0,0,0,6.1
63393,71,male,Doll,2,secondary,1,0,0.0,1,1,1,0,0,30.6,124,0,0,0,0,0,1,0,5.7
15136,69,male,Snow,3,tertiary,1,0,0.0,0,0,1,0,0,28.6,127,0,0,0,0,0,0,0,6.0
72148,37,male,Nightingale,2,secondary,0,0,0.0,1,1,0,1,0,28.4,117,1,1,0,0,0,0,1,6.0
66947,27,male,Doll,5,secondary,0,0,0.0,0,0,0,0,0,20.7,102,1,0,0,0,0,0,1,9.1
11215,45,male,Snow,1,primary,0,0,0.0,0,0,1,0,1,21.8,106,0,0,0,0,0,0,0,4.7
99986,20,female,Rose,5,tertiary,1,0,0.0,0,0,0,1,1,27.5,111,0,0,0,0,0,0,0,9.8
67294,77,female,Snow,4,secondary,0,0,0.0,1,1,1,0,1,28.9,124,0,0,1,0,1,0,1,5.4
90003,32,male,Nightingale,3,tertiary,0,0,0.0,0,0,1,1,0,26.9,116,0,0,1,0,0,0,0,7.1
20649,57,female,Doll,5,secondary,1,0,0.0,0,0,0,0,0,22.4,122,0,0,0,0,0,0,0,7.6
63400,42,female,Doll,4,tertiary,1,0,0.0,1,0,0,0,0,24.8,100,0,0,0,0,0,0,0,8.6
36903,27,female,Rose,3,secondary,1,0,0.0,0,0,1,0,0,23.6,97,1,0,0,0,0,0,1,5.0
74952,75,male,Snow,2,secondary,1,1,13.7,0,0,1,0,0,33.2,130,0,1,0,0,1,0,1,8.5
44720,27,male,Hill,4,primary,1,0,0.0,0,0,0,1,0,23.7,105,0,0,0,0,0,0,0,7.1
77897,63,female,Hill,2,secondary,1,1,22.7,1,1,1,0,0,35.1,133,1,0,0,0,1,0,1,6.4
93207,45,female,Hill,5,primary,1,0,0.0,1,0,1,0,1,32.7,114,0,0,0,0,0,0,0,4.7
15758,65,male,Hill,1,secondary,0,0,0.0,0,0,1,0,1,28.4,116,0,1,0,0,1,0,0,8.7
63143,36,female,Doll,4,tertiary,1,0,0.0,1,0,1,1,0,26.2,116,0,0,0,1,1,0,1,4.8
67617,31,female,Doll,2,secondary,0,0,0.0,0,1,1,1,0,26.3,116,0,0,1,0,0,0,0,4.2
89048,73,male,Nightingale,5,secondary,0,0,0.0,0,0,0,0,0,24.4,127,0,0,0,0,0,0,0,5.3
68816,68,male,Snow,1,secondary,1,0,0.0,0,1,0,0,1,32.5,135,1,0,0,0,1,0,1,4.1
62137,66,female,Snow,2,secondary,1,1,11.4,1,1,0,0,0,36.9,129,1,1,0,0,0,0,1,5.1
69648,37,male,Snow,1,secondary,0,0,0.0,1,1,0,1,0,26.2,121,0,0,0,0,0,0,0,4.3
77470,73,male,Doll,3,secondary,1,0,0.0,1,1,1,0,1,24.7,115,0,0,0,0,0,0,0,9.5
92280,45,male,Rose,3,secondary,0,0,0.0,0,0,1,1,0,25.4,115,0,0,0,0,1,1,0,5.6
88840,27,female,Snow,2,secondary,0,0,0.0,0,0,1,0,0,25.7,97,1,0,0,0,0,0,0,9.8
27321,56,female,Hill,5,tertiary,1,0,0.0,1,0,0,0,0,29.2,115,0,0,0,0,0,0,0,4.1
16261,33,male,Doll,3,tertiary,0,0,0.0,1,1,0,0,0,32.1,109,1,0,0,0,0,0,0,6.0
76936,62,male,Rose,4,tertiary,1,0,0.0,0,1,0,0,0,26.6,116,0,0,0,0,0,0,0,5.4
58839,56,female,Doll,4,tertiary,1,0,0.0,0,1,0,0,0,22.1,130,0,0,0,0,0,0,0,5.9
27060,46,male,Rose,3,secondary,1,1,7.5,0,0,0,1,1,33.1,119,0,0,1,0,0,0,1,5.1
96560,27,female,Nightingale,3,secondary,0,0,0.0,0,1,0,1,1,26.6,107,0,0,0,0,0,0,0,7.5
44455,72,male,Hill,3,secondary,1,0,0.0,0,0,1,0,0,34.6,121,0,0,0,0,0,0,0,5.1
91550,33,male,Snow,3,secondary,1,0,0.0,0,0,0,1,1,27.4,99,0,0,0,0,0,0,1,5.5
23920,22,female,Snow,4,primary,1,0,0.0,0,0,0,1,0,22.1,95,0,0,0,0,0,0,0,4.7
77141,60,male,Nightingale,3,secondary,1,0,0.0,1,0,1,0,1,28.9,105,0,0,0,0,0,0,0,8.1
27209,54,female,Hill,1,secondary,1,1,15.1,1,1,0,0,0,28.1,133,1,0,0,0,0,1,0,9.6
51090,36,male,Hill,1,secondary,0,0,0.0,1,0,0,1,0,26.8,109,0,0,0,0,0,0,0,6.3
72858,54,male,Snow,3,primary,1,0,0.0,1,0,1,0,0,33.6,122,0,0,0,0,0,0,0,5.3
42464,24,female,Rose,5,tertiary,1,0,0.0,0,0,0,1,0,21.6,99,0,0,0,0,0,1,1,6.6
72944,44,male,Nightingale,2,secondary,0,0,0.0,1,1,0,1,1,30.9,132,0,0,1,0,0,0,0,7.7
67494,57,female,Rose,4,secondary,1,0,0.0,0,0,0,1,0,26.8,122,0,0,0,0,0,1,1,7.9
21747,30,male,Snow,2,primary,0,0,0.0,1,0,1,0,1,28.6,107,0,1,0,0,0,1,1,8.2
43559,32,female,Hill,5,tertiary,1,0,0.0,1,0,1,1,0,25.7,107,0,0,0,0,0,0,1,7.9
18081,29,female,Rose,2,secondary,0,1,4.2,0,0,1,0,0,25.4,122,0,0,0,0,0,0,0,5.0
72440,57,female,Snow,3,tertiary,1,0,0.0,1,0,1,1,0,31.0,128,0,1,0,0,0,0,1,6.9
51983,29,male,Hill,4,secondary,0,0,0.0,1,1,1,0,0,30.2,112,0,0,0,0,0,0,0,6.4
30725,31,male,Nightingale,4,tertiary,1,0,0.0,0,0,1,0,0,35.1,119,0,0,0,0,0,0,0,9.2
13217,67,male,Rose,5,tertiary,1,1,17.1,1,0,0,0,0,29.6,138,0,0,0,0,0,0,0,7.0
40545,72,male,Hill,3,primary,1,1,14.6,0,0,1,1,0,31.9,138,0,1,0,0,0,0,1,6.1
45158,39,male,Hill,2,primary,0,1,7.3,1,0,0,1,0,30.3,128,1,0,0,0,0,1,1,7.4
31238,33,male,Doll,3,secondary,1,0,0.0,0,0,0,1,0,27.5,124,0,0,0,0,0,1,1,8.5
57175,74,male,Snow,1,tertiary,0,1,14.5,1,0,1,0,0,34.1,147,0,1,0,1,0,0,0,8.0
82547,32,male,Nightingale,4,tertiary,1,0,0.0,1,0,0,1,0,26.8,99,1,0,0,0,0,0,0,9.7
29608,45,female,Rose,3,secondary,0,0,0.0,0,0,0,0,0,34.1,129,0,0,0,0,0,0,0,7.6
39340,26,female,Snow,2,secondary,1,1,2.2,0,1,0,1,0,33.2,113,0,0,0,0,0,0,0,7.2
19950,74,male,Doll,3,secondary,0,0,0.0,1,0,1,0,0,29.3,136,0,0,0,0,1,1,0,8.5
25522,45,male,Doll,5,tertiary,1,0,0.0,1,0,0,0,0,23.8,110,0,0,0,0,0,0,0,7.0
82867,32,male,Nightingale,3,tertiary,1,0,0.0,0,0,1,1,0,27.3,120,0,0,0,0,0,1,0,4.6
83696,72,female,Doll,2,primary,1,1,15.3,0,1,0,0,0,32.8,141,0,0,0,0,1,0,1,6.2
32165,29,male,Doll,4,primary,1,0,0.0,0,0,0,1,0,22.0,108,0,0,0,0,0,0,1,8.0
38503,20,female,Hill,3,tertiary,0,1,0.8,1,1,0,0,0,27.4,102,0,0,0,0,0,1,0,7.0
76878,69,female,Nightingale,4,secondary,1,0,0.0,0,1,0,0,1,25.4,125,0,0,0,0,0,0,0,4.1
85806,65,female,Doll,2,secondary,0,0,0.0,0,0,0,0,0,26.0,139,1,0,0,0,1,0,0,8.3
90352,38,female,Rose,4,secondary,1,0,0.0,1,0,0,1,1,29.1,118,0,0,1,0,0,0,1,7.7
72452,42,male,Hill,3,secondary,0,1,8.7,0,1,1,0,0,35.7,111,0,0,1,0,0,1,0,6.6
45504,38,female,Hill,3,secondary,1,0,0.0,0,0,1,0,1,21.1,103,0,0,0,0,0,0,0,7.1
40422,26,male,Nightingale,3,primary,1,1,2.1,0,0,0,0,0,30.5,128,0,0,0,0,0,0,0,6.7
38421,31,female,Doll,3,tertiary,1,0,0.0,1,1,0,0,0,25.1,105,1,0,0,0,0,0,0,4.0
50756,46,male,Hill,3,tertiary,0,1,6.1,0,0,1,1,0,28.2,126,0,0,0,0,0,0,0,8.5
34568,42,male,Snow,2,secondary,0,0,0.0,1,0,0,1,0,34.9,135,0,0,0,0,0,1,0,4.6
37995,53,male,Nightingale,3,secondary,0,1,7.2,0,0,0,0,1,27.1,125,0,0,1,0,0,0,1,5.3
91728,78,male,Hill,1,primary,0,1,12.2,0,1,1,0,1,33.8,120,0,0,0,0,0,0,1,8.5
45198,44,female,Nightingale,3,secondary,1,0,0.0,1,0,0,0,1,23.9,128,1,0,1,0,0,0,1,4.1
12200,36,female,Snow,2,primary,0,0,0.0,1,0,0,1,0,24.1,138,0,0,0,0,0,0,0,5.6
70973,27,female,Hill,4,secondary,1,0,0.0,0,1,0,1,0,31.5,106,1,0,0,0,0,1,1,5.4
51585,39,female,Rose,4,secondary,1,0,0.0,0,0,1,0,0,23.7,107,0,0,0,0,0,0,0,5.2
26505,18,female,Rose,2,secondary,1,1,0.0,1,1,0,0,0,25.8,95,0,0,0,0,0,0,0,7.3
30121,46,male,Hill,3,primary,0,1,4.9,0,0,1,1,0,26.8,115,0,0,0,0,0,0,0,5.3
51418,46,male,Snow,4,secondary,1,0,0.0,0,0,0,0,0,25.0,116,0,0,0,0,0,0,1,4.7
45370,72,male,Rose,3,secondary,0,0,0.0,0,1,1,0,0,26.0,130,1,0,0,0,0,0,0,7.0
88637,60,male,Doll,3,secondary,0,1,16.0,0,1,1,0,0,29.2,124,0,0,0,0,0,1,0,5.6
90087,56,female,Hill,3,secondary,0,1,10.2,0,0,1,0,0,26.9,115,0,0,0,0,0,0,1,8.0
74801,62,female,Snow,1,secondary,1,0,0.0,1,0,0,0,0,29.6,113,0,0,1,0,0,0,1,4.3
55697,61,male,Hill,5,secondary,1,0,0.0,0,0,1,0,0,29.5,120,0,0,0,0,0,0,0,9.6
95830,57,female,Hill,2,secondary,1,0,0.0,1,0,1,1,0,30.4,136,1,1,0,0,0,1,1,8.6
39090,27,male,Nightingale,1,secondary,1,1,2.7,0,1,0,0,0,31.3,114,0,1,0,0,0,0,1,9.5
21748,72,female,Nightingale,4,tertiary,1,0,0.0,0,1,0,1,0,26.1,129,0,0,0,0,0,0,0,6.7
97466,64,female,Nightingale,2,secondary,0,1,22.9,1,1,0,0,0,33.0,134,0,0,0,0,0,0,0,8.9
95613,35,male,Hill,3,secondary,1,0,0.0,0,0,0,1,0,25.1,119,0,0,0,0,0,0,0,7.7
89241,28,female,Hill,2,secondary,1,1,4.5,0,0,1,1,0,27.4,113,0,0,0,0,0,0,0,4.5
69360,47,male,Nightingale,2,secondary,0,1,6.4,0,0,1,1,0,29.2,113,0,0,0,0,0,0,0,4.6
10285,26,male,Rose,4,secondary,0,0,0.0,1,0,0,1,1,22.9,124,0,0,1,0,0,0,0,4.2
33139,33,female,Nightingale,1,secondary,0,1,4.8,0,1,1,1,0,34.3,113,0,0,0,0,0,0,0,4.2
98775,62,male,Snow,4,tertiary,0,0,0.0,1,0,0,0,1,25.0,109,0,0,0,0,0,0,0,4.7
45625,62,female,Doll,3,primary,0,0,0.0,1,0,0,0,0,24.5,129,0,0,0,0,0,0,0,8.0
33097,72,female,Rose,4,primary,1,1,9.8,0,0,1,0,0,23.3,129,0,0,0,0,0,0,0,5.8
97879,37,male,Doll,3,secondary,1,1,4.3,1,0,1,0,1,26.1,102,1,0,0,0,0,0,0,4.5
86900,37,male,Hill,3,primary,0,0,0.0,0,0,0,0,0,23.3,128,0,0,0,0,0,0,0,8.8
59209,39,female,Doll,3,secondary,1,0,0.0,0,0,0,0,0,23.2,109,0,0,0,0,0,0,0,9.3
13142,57,male,Nightingale,4,secondary,1,0,0.0,1,0,1,1,0,25.2,119,0,0,0,0,0,0,1,8.9
94671,57,female,Doll,5,secondary,1,0,0.0,1,0,1,0,0,28.5,132,0,0,0,0,0,0,0,9.2
10572,78,female,Nightingale,5,secondary,1,0,0.0,0,1,1,0,0,28.3,106,0,0,0,0,1,1,0,8.0
38847,59,female,Snow,2,secondary,0,0,0.0,1,0,0,0,0,30.2,117,0,0,0,0,0,0,1,6.9
99998,59,female,Snow,4,primary,0,1,15.3,1,0,1,0,0,22.3,121,0,0,0,1,0,0,1,6.2
41978,78,female,Hill,5,tertiary,1,0,0.0,0,0,0,0,0,24.0,125,0,0,0,0,0,0,0,5.8
27925,36,female,Nightingale,3,secondary,0,0,0.0,0,1,0,1,0,35.3,130,0,0,0,0,0,0,0,9.2
21508,43,male,Hill,3,secondary,0,0,0.0,0,0,0,0,1,31.0,112,0,0,0,0,0,0,1,5.1
14668,55,female,Hill,3,secondary,1,0,0.0,1,0,1,0,0,33.7,125,0,0,0,0,0,0,0,9.1
18191,32,male,Hill,2,tertiary,0,1,4.0,1,1,0,0,1,23.1,127,0,0,0,0,0,0,0,6.7
97845,25,female,Rose,3,secondary,1,0,0.0,0,0,0,0,0,29.2,90,0,0,0,0,0,0,0,9.4
58646,46,female,Hill,4,secondary,0,0,0.0,1,1,0,0,0,24.2,104,0,0,0,0,0,0,0,8.2
95145,29,female,Snow,1,secondary,1,1,4.7,1,1,1,1,0,26.3,104,0,0,0,0,0,0,1,9.1
80307,22,male,Doll,5,tertiary,0,0,0.0,0,0,0,0,0,20.0,108,0,0,0,0,0,0,0,9.9
46184,58,female,Snow,3,primary,0,0,0.0,0,0,0,0,0,21.7,107,0,0,0,0,0,0,0,8.3
14411,70,female,Snow,3,tertiary,1,0,0.0,1,0,0,0,1,23.4,127,0,0,0,0,1,0,1,4.3
79199,70,male,Nightingale,4,tertiary,0,0,0.0,0,0,1,0,0,29.6,119,0,0,0,0,0,0,0,7.6
71212,22,female,Nightingale,2,secondary,0,1,0.8,0,0,1,0,0,26.4,90,0,0,0,0,0,0,0,6.2
65799,72,female,Snow,3,secondary,1,0,0.0,0,0,1,0,0,25.6,131,0,0,0,0,0,0,0,5.2
18506,44,female,Nightingale,3,secondary,1,1,13.4,0,0,0,0,0,29.4,119,1,0,0,0,0,0,0,7.2
41777,61,male,Doll,3,primary,0,0,0.0,1,0,0,0,0,27.1,123,0,0,0,0,0,0,0,4.4
60955,63,female,Snow,3,primary,1,0,0.0,1,0,0,0,1,28.7,109,0,0,0,0,0,0,0,7.2
80048,18,male,Doll,4,tertiary,0,0,0.0,0,1,0,1,0,21.7,90,1,0,0,0,0,1,0,8.1
16928,69,male,Rose,2,secondary,1,0,0.0,0,0,1,0,0,29.3,134,0,1,0,0,1,1,1,4.0
12390,79,male,Doll,3,tertiary,1,0,0.0,0,0,1,0,0,32.1,147,0,0,0,0,0,0,1,7.3
75555,35,male,Rose,2,secondary,1,0,0.0,0,1,1,0,0,32.1,120,0,0,0,0,0,0,0,7.0
99948,71,male,Nightingale,4,tertiary,0,0,0.0,0,0,0,0,0,31.4,126,0,0,0,0,1,0,0,7.3
43681,70,female,Doll,5,tertiary,0,0,0.0,0,0,0,0,0,30.7,124,0,0,0,0,1,0,1,6.9
29102,29,male,Snow,3,primary,1,1,2.2,0,1,0,1,0,23.7,101,0,0,0,0,0,1,1,5.2
63892,18,male,Hill,2,primary,1,0,0.0,0,1,0,0,1,22.7,101,0,0,0,0,0,0,0,6.5
89721,27,male,Nightingale,2,primary,0,1,1.9,0,1,0,1,0,25.6,123,0,0,0,0,0,1,0,6.4
98223,31,female,Snow,1,secondary,0,0,0.0,1,0,1,0,0,29.5,111,1,0,0,0,0,0,0,6.7
83353,31,male,Snow,4,secondary,1,0,0.0,0,1,0,1,0,22.6,90,0,0,0,0,0,0,0,6.0
33241,77,male,Doll,3,primary,1,0,0.0,0,0,1,0,0,34.5,131,0,0,0,0,0,0,1,4.2
89559,57,male,Rose,3,secondary,1,1,11.7,1,1,1,1,0,36.2,135,1,0,0,1,0,0,1,6.8
69974,55,male,Hill,3,tertiary,0,0,0.0,0,0,0,0,0,27.5,106,0,0,0,1,0,0,1,4.0
40049,41,male,Hill,3,tertiary,1,1,6.8,0,0,0,0,1,27.1,112,0,0,0,0,0,0,0,5.8
89209,75,male,Snow,3,secondary,0,1,10.1,0,0,1,0,0,31.9,131,0,0,0,0,0,0,0,6.8
72831,41,male,Hill,1,tertiary,1,0,0.0,0,0,0,0,0,26.6,111,0,0,0,0,0,0,0,7.3
65009,40,female,Snow,4,secondary,0,1,9.5,0,0,0,0,1,25.5,119,0,1,1,0,0,0,1,6.0
60729,26,male,Nightingale,3,secondary,1,0,0.0,1,0,0,1,0,27.6,114,1,0,1,0,0,0,1,9.4
85683,46,female,Snow,1,primary,0,1,14.5,1,1,1,0,1,28.3,111,0,0,0,0,0,0,0,8.9
98907,25,male,Snow,2,secondary,0,0,0.0,1,0,0,1,1,21.3,101,0,0,0,0,0,0,0,9.5
95224,79,male,Hill,2,secondary,1,0,0.0,0,0,1,0,0,26.8,137,0,0,0,0,0,0,0,8.8
66070,34,female,Nightingale,1,primary,0,1,2.9,0,1,1,0,1,25.9,104,0,0,0,0,0,0,0,8.7
47054,65,female,Hill,4,secondary,1,0,0.0,1,0,0,0,0,18.5,132,0,0,0,1,0,0,1,4.2
60607,57,female,Rose,5,tertiary,1,0,0.0,0,1,0,0,0,28.0,134,0,0,0,0,1,0,1,5.8
71479,19,male,Snow,4,secondary,1,0,0.0,1,0,0,0,0,25.4,96,0,0,0,0,0,0,0,9.2
58133,74,male,Snow,2,primary,0,1,28.5,1,0,1,0,0,31.3,139,0,0,0,0,0,0,0,9.7
89550,20,female,Doll,4,secondary,1,0,0.0,0,0,1,0,0,27.7,104,0,0,0,0,0,0,0,9.0
60301,49,male,Snow,4,tertiary,1,0,0.0,1,1,0,0,0,25.3,129,1,0,0,0,0,0,0,6.1
39798,63,male,Nightingale,3,secondary,1,0,0.0,0,1,0,0,0,30.5,126,0,0,0,0,0,0,0,4.8
15762,67,female,Doll,3,secondary,1,0,0.0,0,0,0,0,1,26.2,122,0,0,0,0,0,0,0,9.4
78589,52,female,Snow,1,secondary,1,0,0.0,1,1,1,0,0,35.6,125,0,0,0,0,0,0,0,6.4
59320,47,female,Hill,3,secondary,1,0,0.0,1,0,0,0,0,25.8,109,0,0,0,0,0,0,1,9.9
62959,38,female,Hill,3,secondary,1,0,0.0,1,0,0,1,0,33.0,130,0,0,0,0,0,0,1,4.6
42113,33,female,Rose,5,primary,1,0,0.0,1,0,0,0,0,23.1,119,0,0,0,0,0,1,1,7.3
93104,42,female,Doll,3,primary,1,0,0.0,0,1,0,0,0,34.0,108,0,0,0,0,0,0,0,9.3
42372,43,male,Snow,2,secondary,0,0,0.0,0,1,1,1,0,30.8,112,0,0,0,0,0,0,1,4.2
23076,39,male,Nightingale,1,primary,0,0,0.0,0,1,0,0,1,26.9,102,1,0,1,0,0,0,0,4.7
34001,73,female,Hill,3,tertiary,0,0,0.0,1,1,1,0,0,29.9,123,0,0,0,0,1,0,0,9.5
31737,18,male,Snow,4,secondary,1,0,0.0,1,1,1,0,0,28.9,105,1,0,0,0,0,1,0,8.8
16260,64,female,Snow,3,secondary,0,0,0.0,1,0,0,0,0,28.5,138,0,0,0,0,0,0,1,4.3
56048,26,female,Hill,3,tertiary,1,0,0.0,1,0,1,0,0,27.9,102,1,0,0,0,0,0,0,5.3
46170,19,female,Snow,4,tertiary,1,0,0.0,1,0,0,1,0,21.9,106,0,0,0,0,0,0,1,4.1
62059,77,male,Rose,5,secondary,1,0,0.0,1,0,0,0,0,26.7,132,0,0,0,0,0,0,1,6.7
39714,50,male,Rose,2,secondary,1,0,0.0,1,0,0,1,0,32.3,125,0,0,0,0,0,0,0,6.2
40552,68,female,Nightingale,2,primary,1,1,22.9,0,0,1,1,0,25.5,125,0,0,0,0,0,0,1,6.7
56575,69,female,Rose,2,secondary,0,1,14.9,0,1,0,0,0,30.8,124,1,0,0,0,1,0,1,6.8
38392,68,female,Snow,3,secondary,0,0,0.0,0,0,0,0,0,25.8,122,0,0,0,0,0,0,0,9.5
82094,52,male,Nightingale,4,secondary,1,0,0.0,0,0,0,0,1,29.3,125,0,0,0,0,0,0,0,7.5
17182,29,female,Rose,2,secondary,1,0,0.0,0,0,1,0,0,27.8,115,0,0,0,0,0,0,0,4.4
90322,69,female,Rose,2,secondary,1,1,15.1,0,1,0,0,0,29.0,131,0,0,0,0,0,0,1,6.4
32463,23,female,Nightingale,4,secondary,1,0,0.0,0,1,0,0,0,29.8,101,0,0,0,0,0,0,0,8.8
25696,58,female,Nightingale,4,secondary,1,0,0.0,0,1,1,0,1,33.3,116,0,0,0,0,0,0,0,7.8
35465,54,male,Rose,4,tertiary,0,0,0.0,1,0,0,0,0,29.0,119,0,0,0,0,0,0,0,7.6
28794,37,female,Nightingale,2,primary,1,0,0.0,0,0,0,1,0,27.7,119,0,0,0,0,0,0,0,8.4
70720,28,male,Nightingale,4,secondary,0,0,0.0,1,0,1,1,0,22.9,98,0,0,0,0,0,0,0,6.1
73344,58,male,Snow,4,tertiary,1,0,0.0,1,0,1,0,0,24.9,118,0,0,0,0,0,0,1,9.8
87749,34,female,Nightingale,2,secondary,0,0,0.0,0,0,1,0,0,19.7,108,0,0,0,0,0,0,1,8.4
26081,35,female,Doll,5,tertiary,1,0,0.0,0,0,1,1,0,28.4,117,0,0,0,0,0,0,0,6.9
67085,57,male,Doll,4,secondary,1,0,0.0,0,1,1,0,0,28.1,120,0,0,0,0,0,0,0,6.4
14367,66,female,Doll,4,secondary,1,1,8.5,1,0,1,0,0,27.2,124,1,1,0,0,0,0,1,5.6
21681,26,female,Snow,2,primary,0,0,0.0,0,0,1,1,0,30.2,108,1,0,0,0,0,0,0,7.3
85721,34,female,Nightingale,2,primary,0,0,0.0,0,0,0,0,0,28.4,112,0,0,0,0,0,0,0,7.8
78185,39,male,Doll,5,tertiary,1,0,0.0,1,1,1,1,0,36.6,135,0,0,0,0,0,0,0,5.6
13675,39,male,Snow,2,secondary,1,0,0.0,1,0,0,0,0,31.5,117,0,0,0,0,0,1,0,8.0
82633,20,female,Snow,3,secondary,1,0,0.0,0,1,0,0,0,25.1,101,0,0,0,0,0,0,0,4.5
51656,70,female,Nightingale,3,primary,1,0,0.0,0,0,0,0,1,24.8,113,0,0,0,0,1,0,1,5.5
36400,65,female,Nightingale,5,tertiary,1,1,11.2,1,0,0,0,0,26.0,125,0,0,0,1,0,0,0,5.9
22130,58,female,Nightingale,1,primary,0,0,0.0,0,0,0,0,0,28.4,126,0,0,0,0,0,0,0,6.5
17183,46,female,Nightingale,2,secondary,0,1,6.0,0,0,1,0,1,28.4,117,0,0,0,0,0,0,0,9.1
33313,72,male,Hill,1,primary,0,1,13.5,0,0,0,0,0,29.8,135,0,0,0,0,0,0,0,5.2
20315,18,male,Hill,5,tertiary,0,0,0.0,1,0,0,0,0,18.8,90,0,0,0,0,0,1,0,10.0
62164,32,male,Doll,4,secondary,1,0,0.0,0,0,0,1,0,19.9,104,0,0,0,0,0,0,0,7.7
74117,42,male,Hill,1,secondary,1,1,6.2,0,1,1,0,0,29.1,105,0,0,0,0,0,0,1,9.0
98968,23,male,Snow,4,tertiary,1,0,0.0,1,0,0,1,0,24.8,95,0,0,1,0,0,0,1,9.8
96299,70,female,Hill,2,primary,1,1,24.6,0,1,1,0,1,27.2,122,0,0,0,0,0,0,0,4.7
32412,54,male,Snow,2,secondary,0,1,7.5,1,1,1,0,0,30.8,121,0,0,0,0,1,0,1,8.4
68633,78,female,Hill,3,secondary,1,0,0.0,0,0,0,0,1,33.2,148,0,0,0,0,0,0,1,4.6
63784,66,female,Hill,3,secondary,1,0,0.0,0,1,0,0,0,38.0,133,0,0,0,0,0,0,1,9.3
86779,60,female,Doll,4,tertiary,1,0,0.0,0,0,1,0,1,27.4,118,0,0,0,0,1,0,1,6.0
54566,37,male,Doll,2,primary,1,1,6.7,1,0,0,0,0,22.2,116,1,0,0,0,0,0,0,5.6
99857,36,male,Snow,1,secondary,0,1,8.0,0,1,0,1,0,23.3,114,0,0,0,0,0,0,0,8.5
49278,24,female,Rose,4,secondary,0,0,0.0,1,0,0,1,0,25.2,103,1,0,0,0,0,0,0,5.7
21814,39,female,Hill,2,secondary,1,0,0.0,0,1,1,1,1,27.0,122,0,0,0,0,0,0,1,7.6
75666,68,female,Snow,4,secondary,1,1,17.2,1,1,0,0,0,28.8,124,0,0,0,1,0,0,1,6.3
67832,68,male,Nightingale,5,secondary,1,0,0.0,0,0,0,0,0,28.0,134,0,1,0,0,0,0,0,5.1
65795,26,female,Nightingale,3,secondary,0,1,3.9,0,1,1,1,0,30.8,125,0,0,0,0,0,0,0,8.8
11428,20,male,Hill,2,secondary,0,1,0.9,0,0,0,1,0,21.8,97,0,0,0,0,0,1,0,4.6
24905,57,male,Snow,1,secondary,0,0,0.0,1,0,1,0,1,29.6,124,0,1,1,0,1,0,1,4.1
15088,42,female,Doll,5,secondary,1,0,0.0,0,1,0,0,0,32.0,109,0,0,1,0,0,0,1,4.6
66971,30,male,Nightingale,3,secondary,0,0,0.0,1,0,1,1,0,31.2,125,0,0,0,0,0,0,1,5.0
89124,71,male,Nightingale,1,primary,0,1,25.5,1,1,0,1,1,31.4,133,0,0,1,1,0,0,0,5.8
86135,26,female,Doll,2,secondary,0,0,0.0,1,0,1,0,0,28.0,104,0,0,0,0,0,0,0,4.3
16883,67,female,Nightingale,5,secondary,1,0,0.0,0,0,0,0,0,26.9,126,0,0,0,0,1,0,1,8.2
58212,60,male,Snow,3,secondary,0,0,0.0,1,1,1,0,0,39.0,130,0,0,0,0,0,0,0,7.2
50398,76,male,Doll,5,tertiary,1,0,0.0,0,0,0,0,0,25.6,130,0,0,0,0,0,0,0,5.1
61780,32,male,Hill,2,secondary,0,0,0.0,1,0,0,0,0,28.8,101,1,0,0,0,1,0,1,8.7
86095,76,female,Doll,4,tertiary,1,1,27.8,0,1,0,0,1,27.3,115,0,0,0,0,0,0,1,5.3
62986,65,male,Doll,3,secondary,0,0,0.0,0,0,1,0,0,32.6,133,1,0,0,0,0,0,0,5.4
52297,34,male,Snow,2,primary,0,0,0.0,1,1,1,0,0,30.1,98,0,0,1,0,0,0,0,6.9
46210,52,male,Nightingale,5,secondary,1,0,0.0,1,1,0,0,0,32.4,125,0,0,0,0,0,0,0,8.4
44649,22,female,Doll,4,secondary,1,1,0.8,0,0,1,0,0,23.3,90,0,0,0,0,0,0,1,9.6
66192,74,male,Hill,4,secondary,0,0,0.0,0,0,0,0,1,25.5,120,0,1,0,0,0,0,0,6.2
50470,23,male,Snow,2,secondary,1,1,2.4,1,0,0,1,0,26.4,105,0,0,0,0,0,0,0,6.5
50170,49,female,Doll,5,tertiary,1,0,0.0,1,0,0,0,0,27.4,117,0,0,1,0,0,0,0,5.8
32987,70,male,Snow,1,secondary,0,0,0.0,0,0,0,1,1,29.9,126,0,0,0,0,0,1,0,6.2
57959,68,male,Hill,3,secondary,0,0,0.0,1,0,1,0,0,32.0,119,0,0,0,0,0,1,1,5.2
83498,79,female,Rose,4,secondary,1,1,14.1,1,0,0,1,0,35.4,149,0,0,0,0,0,0,1,9.2
75433,77,male,Hill,4,secondary,1,0,0.0,0,0,0,0,0,37.3,145,0,0,0,1,0,0,0,7.6
18035,66,female,Hill,4,secondary,1,0,0.0,1,0,1,0,1,34.1,143,1,0,0,0,0,0,0,5.6
29088,43,male,Nightingale,3,secondary,0,1,4.4,1,1,0,0,1,25.6,134,1,0,0,0,0,0,0,8.6
58456,55,male,Doll,5,tertiary,1,0,0.0,1,0,0,0,1,27.4,110,0,0,0,0,0,0,1,5.1
77385,21,female,Snow,3,secondary,1,0,0.0,0,0,1,0,0,25.0,106,0,0,0,0,0,0,0,9.2
96912,75,female,Hill,5,primary,1,0,0.0,0,0,0,0,0,30.4,126,0,0,0,0,0,0,1,7.2
83949,62,female,Doll,3,primary,1,1,11.8,0,0,1,0,0,30.8,116,0,0,0,0,0,0,0,5.6
63116,54,male,Doll,5,tertiary,1,0,0.0,0,1,0,0,0,25.5,110,0,0,0,0,0,0,0,5.4
76867,25,male,Snow,1,primary,0,0,0.0,1,1,1,1,0,27.9,99,0,0,0,0,0,0,0,6.0
31868,50,male,Hill,3,secondary,1,1,5.9,0,0,1,0,0,32.8,122,1,0,0,0,1,1,1,8.5
34793,30,female,Snow,3,secondary,1,1,5.2,1,1,1,1,0,29.4,111,0,0,0,0,0,0,0,5.4
12342,30,female,Rose,2,tertiary,0,0,0.0,1,0,1,0,1,31.2,122,0,0,0,0,0,0,0,7.6
60209,43,male,Rose,5,tertiary,1,0,0.0,0,1,0,0,0,33.2,122,0,0,1,0,0,1,1,9.0
38654,71,female,Rose,2,tertiary,1,0,0.0,0,1,1,0,0,31.3,137,0,0,0,0,1,0,1,4.9
65511,57,female,Hill,4,tertiary,1,0,0.0,0,0,0,1,0,31.3,132,0,0,0,0,0,1,0,4.2
31188,29,male,Nightingale,4,secondary,1,0,0.0,1,1,1,1,1,34.0,132,0,0,1,0,0,1,0,6.8
89603,22,male,Rose,3,secondary,0,0,0.0,0,0,0,0,0,20.3,117,0,0,0,0,0,1,0,5.5
82220,67,female,Nightingale,2,secondary,1,1,21.6,1,0,1,0,1,22.9,119,0,0,0,0,0,0,1,9.5
98933,69,female,Rose,5,tertiary,1,0,0.0,1,0,0,0,0,30.7,115,0,0,0,0,0,0,0,6.8
44187,51,female,Snow,4,secondary,1,0,0.0,1,0,0,0,1,19.7,113,0,0,1,0,0,0,1,7.3
87066,74,male,Doll,3,secondary,0,0,0.0,0,0,0,0,0,33.2,134,0,0,0,0,0,0,0,5.2
51731,32,female,Rose,3,secondary,1,1,3.3,0,1,0,0,0,24.1,103,0,0,0,0,0,1,0,9.1
26791,35,female,Snow,4,secondary,1,0,0.0,1,1,0,0,0,28.0,96,0,0,1,0,0,0,1,5.8
59630,51,male,Nightingale,5,tertiary,1,0,0.0,0,1,0,1,0,30.1,127,0,0,0,0,0,0,0,7.0
76536,19,female,Rose,4,tertiary,0,0,0.0,0,1,0,0,0,29.5,110,0,0,0,0,0,0,0,8.1
74407,41,female,Nightingale,1,secondary,1,0,0.0,1,1,0,0,1,26.8,125,0,0,1,0,0,0,0,8.6
88421,37,female,Nightingale,5,tertiary,1,0,0.0,0,1,0,0,1,20.8,134,0,0,0,0,0,1,1,8.8
98108,37,female,Snow,4,tertiary,1,0,0.0,0,0,0,0,0,20.9,95,0,0,0,0,0,0,1,5.6
56311,36,male,Nightingale,4,tertiary,1,0,0.0,1,0,0,0,1,21.0,94,0,0,0,0,0,1,1,7.2
60992,78,male,Hill,1,primary,0,0,0.0,1,0,1,0,0,28.7,131,1,0,0,0,0,0,0,8.6
40980,71,male,Doll,3,tertiary,1,0,0.0,0,1,1,0,0,27.9,136,0,0,0,0,1,0,1,9.8
15849,61,female,Doll,5,secondary,1,0,0.0,0,0,1,0,0,27.8,107,0,0,0,0,0,0,0,4.7
91892,64,female,Snow,3,primary,1,0,0.0,0,0,1,0,0,27.7,137,0,0,0,0,0,0,0,9.7
54509,73,female,Nightingale,3,tertiary,0,0,0.0,0,1,1,0,0,26.8,144,0,0,0,0,0,0,0,9.3
83770,56,female,Hill,3,primary,0,1,14.9,1,0,0,0,0,27.2,113,0,0,1,0,0,0,0,4.8
26493,41,female,Rose,4,tertiary,0,0,0.0,1,0,1,0,0,25.6,120,1,0,1,0,0,0,0,7.1
43745,45,male,Snow,2,secondary,1,0,0.0,1,1,1,0,0,29.9,113,1,0,0,0,0,1,0,8.5
59789,20,male,Snow,1,secondary,1,0,0.0,0,1,1,0,0,35.5,92,0,0,0,0,0,0,0,9.7
45450,34,female,Nightingale,1,secondary,0,0,0.0,1,0,0,0,1,27.4,122,0,0,1,0,0,0,0,5.9
80272,25,male,Snow,2,primary,0,1,2.3,1,0,0,1,0,24.6,131,0,0,0,0,0,0,0,5.4
52589,39,female,Hill,5,secondary,1,0,0.0,0,1,1,0,1,26.4,98,0,0,0,0,0,0,0,6.4
84514,29,male,Hill,4,tertiary,0,0,0.0,1,0,0,0,0,27.0,97,0,0,0,0,0,0,0,7.8
23109,25,male,Doll,5,tertiary,1,0,0.0,0,0,0,0,0,25.7,91,1,0,0,0,0,0,0,6.3
59375,30,female,Hill,3,secondary,0,1,2.4,1,1,1,0,0,30.9,116,0,1,0,0,0,0,0,8.3
53024,38,male,Snow,3,primary,1,1,7.0,0,0,1,1,0,23.6,125,0,0,0,0,0,0,0,5.9
57731,66,male,Snow,3,secondary,1,0,0.0,1,0,0,0,0,26.2,114,0,1,0,0,0,0,0,7.5
48109,43,female,Snow,3,secondary,1,0,0.0,1,1,1,0,0,31.3,103,0,0,1,0,0,0,1,7.9
42764,70,male,Snow,2,secondary,1,0,0.0,1,1,1,0,1,30.0,116,0,1,0,0,0,0,1,9.0
98392,77,male,Nightingale,4,tertiary,1,1,19.8,0,0,0,0,0,25.7,142,0,0,0,0,0,0,0,5.9
16173,49,female,Nightingale,4,secondary,1,1,10.3,0,0,1,0,0,25.7,113,1,0,0,0,0,0,0,6.3
58191,65,female,Nightingale,3,secondary,1,1,17.4,0,1,1,0,1,32.7,140,0,0,0,0,1,0,1,7.0
82667,65,male,Doll,5,tertiary,1,0,0.0,0,1,1,0,0,29.5,123,0,0,0,0,0,0,0,6.6
44329,27,female,Doll,4,tertiary,1,0,0.0,1,0,1,0,0,25.2,103,0,0,0,0,0,0,0,8.6
65057,58,female,Doll,2,secondary,1,1,19.4,1,0,1,1,1,30.5,130,1,1,1,0,0,0,1,8.9
13226,19,female,Hill,3,secondary,0,1,0.2,0,1,0,1,0,23.5,116,0,0,0,1,0,0,0,9.5
36889,72,male,Snow,4,secondary,1,1,19.6,0,1,1,0,1,30.3,125,0,0,1,0,0,0,0,4.3
97770,35,male,Rose,4,secondary,1,0,0.0,0,0,0,0,0,25.9,107,0,0,1,0,0,0,0,7.1
73308,41,female,Rose,3,secondary,1,0,0.0,0,1,0,0,0,29.3,102,0,0,0,0,0,0,0,7.0
10729,34,female,Nightingale,3,secondary,1,1,5.2,0,0,0,1,0,27.6,117,0,0,0,0,0,0,0,8.5
41495,73,male,Hill,4,secondary,1,0,0.0,0,0,0,0,1,19.6,124,0,0,0,0,0,0,1,8.1
21517,59,male,Rose,3,tertiary,1,1,11.4,0,1,0,0,0,36.3,128,0,0,0,0,0,0,0,5.2
85214,40,male,Rose,5,secondary,1,0,0.0,0,0,0,0,0,28.9,115,0,1,0,0,0,0,0,6.6
96748,64,female,Rose,2,primary,0,1,20.8,0,1,1,0,0,28.1,116,0,0,1,0,0,0,0,6.1
38667,28,male,Doll,5,tertiary,0,1,3.0,0,0,0,0,1,23.7,114,1,0,0,0,0,0,0,8.4
47606,21,male,Rose,3,primary,1,0,0.0,1,0,1,1,0,31.4,105,0,0,0,0,0,0,0,7.7
41373,55,male,Rose,5,primary,1,0,0.0,0,1,1,0,0,29.5,118,1,0,0,0,0,0,0,9.4
81480,26,female,Snow,1,primary,1,1,2.1,0,0,0,0,1,25.3,107,0,0,1,0,0,1,0,7.1
34621,60,female,Snow,3,secondary,0,0,0.0,1,1,1,1,0,28.2,111,0,0,0,0,0,0,0,8.0
68962,41,male,Snow,1,primary,0,0,0.0,1,1,0,0,0,28.3,103,0,0,0,0,0,0,0,5.6
58838,59,male,Rose,5,tertiary,1,0,0.0,0,0,0,0,0,28.4,124,0,0,0,0,1,0,0,6.0
42355,49,male,Nightingale,1,secondary,1,1,5.8,0,0,0,0,0,30.5,128,1,0,0,0,0,0,1,4.0
62717,75,male,Rose,5,secondary,1,0,0.0,1,0,0,0,0,27.5,146,0,1,0,0,0,0,0,6.8
86778,47,female,Doll,2,secondary,0,1,8.4,1,1,1,0,1,26.1,125,0,0,0,0,0,0,1,8.7
88520,56,female,Nightingale,1,primary,0,0,0.0,0,1,0,1,0,28.1,121,0,0,0,0,0,0,0,5.6
12311,38,female,Hill,3,primary,1,1,7.5,0,0,0,1,0,25.4,102,0,0,0,0,0,0,0,9.2
15716,28,male,Rose,4,secondary,1,1,2.7,1,0,0,1,0,27.5,97,0,0,0,0,0,0,0,5.9
18225,57,female,Hill,3,secondary,1,0,0.0,0,0,0,0,1,26.5,114,0,0,1,0,0,0,1,10.0
12604,26,male,Snow,4,secondary,0,0,0.0,0,0,1,1,0,26.5,104,1,0,0,0,0,0,0,6.6
55954,20,male,Doll,5,tertiary,1,0,0.0,0,0,0,1,0,26.9,105,0,0,0,0,0,1,1,4.9
20645,18,male,Snow,2,tertiary,1,0,0.0,0,0,0,1,0,25.3,94,0,0,0,0,0,0,0,9.0
28592,51,female,Hill,3,primary,0,0,0.0,0,1,0,0,0,27.5,113,0,0,0,0,0,0,0,7.8
22707,27,female,Nightingale,3,secondary,0,0,0.0,0,1,1,1,0,30.3,119,0,0,0,0,0,0,0,9.5
16293,65,male,Hill,3,primary,0,0,0.0,1,0,1,0,1,27.2,134,0,0,0,0,1,0,1,7.8
91276,51,male,Snow,4,tertiary,1,0,0.0,1,0,1,0,0,33.0,111,0,0,0,0,0,0,0,5.7
66334,61,male,Doll,3,secondary,1,0,0.0,1,1,1,0,1,38.5,135,0,0,0,0,0,0,0,4.8
35724,73,female,Nightingale,2,secondary,0,1,26.5,1,0,1,0,0,29.5,129,0,0,1,0,0,0,1,8.4
65996,79,female,Rose,3,primary,0,1,17.5,1,1,0,0,0,27.5,147,0,1,0,0,0,0,1,8.1
45977,41,female,Rose,3,secondary,1,0,0.0,0,0,1,0,0,37.6,114,0,0,0,0,0,0,0,9.3
93834,35,female,Doll,3,primary,0,0,0.0,0,1,0,0,0,28.5,100,0,0,0,0,0,0,0,7.0
78625,75,male,Hill,3,tertiary,0,0,0.0,1,1,1,0,0,26.6,150,0,1,0,0,0,0,1,9.4
72284,60,female,Nightingale,4,primary,0,0,0.0,0,0,1,0,0,30.9,130,0,0,0,0,0,0,0,4.2
98861,19,female,Snow,1,secondary,0,0,0.0,1,1,1,1,0,28.0,101,1,0,1,0,0,0,0,5.4
50037,72,female,Nightingale,4,tertiary,1,1,14.3,0,1,0,0,0,36.0,124,0,0,0,0,0,0,0,4.2
95646,18,female,Nightingale,4,tertiary,1,1,0.0,0,0,0,0,0,23.1,117,1,0,0,0,0,0,0,9.0
58090,53,female,Hill,2,secondary,0,1,12.6,1,1,0,0,0,27.8,118,1,1,0,0,0,0,0,9.0
94327,68,female,Nightingale,5,secondary,1,1,9.0,0,0,1,0,0,23.1,114,0,1,0,0,0,0,1,4.1
77249,43,male,Rose,2,secondary,1,1,7.0,1,1,1,0,1,34.9,122,0,0,0,0,0,0,1,7.8
29669,43,male,Snow,1,secondary,0,1,12.2,0,1,1,0,0,30.2,125,0,0,0,0,0,0,0,9.0
99898,51,male,Snow,4,secondary,1,0,0.0,0,0,0,0,0,27.8,125,1,0,0,0,0,0,0,9.0
68585,60,female,Hill,4,secondary,1,0,0.0,0,1,0,0,1,32.4,117,0,0,0,0,0,0,1,8.3
67485,28,male,Rose,3,primary,0,0,0.0,1,0,0,0,0,28.3,100,0,0,0,0,0,0,0,4.6
18767,25,male,Rose,3,secondary,0,0,0.0,0,1,0,0,0,27.0,90,0,0,0,0,0,0,0,6.1
63118,37,male,Doll,2,primary,1,0,0.0,0,0,1,1,0,26.1,101,0,0,0,0,0,1,0,7.6
37397,36,male,Snow,1,secondary,1,1,8.6,1,1,0,1,1,28.1,128,0,1,0,0,0,0,1,7.1
98370,32,female,Hill,3,tertiary,1,1,3.0,1,0,0,1,0,24.9,114,0,0,0,0,0,0,1,6.8
63188,27,female,Hill,3,secondary,0,0,0.0,1,0,0,1,1,24.3,102,0,0,0,0,0,0,0,6.3
46867,61,female,Nightingale,4,secondary,1,1,19.8,1,1,0,0,0,22.6,123,0,0,0,0,0,0,1,9.3
66705,78,male,Nightingale,4,tertiary,1,0,0.0,0,0,0,0,0,28.8,130,0,0,0,0,1,0,1,6.3
16546,22,male,Snow,3,secondary,0,0,0.0,1,0,0,0,0,26.9,90,1,0,0,0,0,1,0,7.9
94533,56,female,Doll,5,secondary,1,0,0.0,0,0,0,0,0,26.9,124,1,0,0,0,0,0,0,5.1
11600,27,male,Rose,3,secondary,0,0,0.0,0,0,0,1,0,27.4,109,0,0,0,0,0,0,0,4.3
64171,78,male,Hill,1,primary,0,0,0.0,0,0,1,0,1,24.5,116,0,0,0,1,0,0,1,5.4
91952,45,male,Nightingale,2,secondary,0,0,0.0,0,1,1,0,0,33.8,109,0,0,0,0,0,0,0,4.9
88185,23,female,Nightingale,3,tertiary,0,0,0.0,1,1,0,0,0,22.7,104,0,0,0,0,0,0,0,7.8
30722,53,female,Doll,3,secondary,0,0,0.0,1,0,0,0,0,24.5,101,0,0,0,0,0,0,0,4.9
99174,58,female,Nightingale,2,secondary,0,0,0.0,0,0,0,0,0,16.5,113,0,0,0,0,0,0,0,7.9
45708,27,male,Rose,5,secondary,0,0,0.0,0,0,0,1,0,23.7,101,0,0,0,0,0,1,0,7.8
55209,29,female,Hill,3,secondary,1,0,0.0,1,1,0,1,0,28.4,121,0,0,0,0,0,0,0,7.8
63624,69,female,Rose,4,secondary,1,0,0.0,1,0,0,0,0,25.0,114,0,1,0,0,0,0,1,5.5
34728,78,male,Nightingale,2,secondary,1,0,0.0,0,1,1,1,0,34.6,134,0,0,0,0,0,0,0,8.2
21678,26,male,Hill,5,tertiary,1,0,0.0,1,0,0,0,1,23.8,104,0,0,1,0,0,0,1,6.9
44458,29,male,Snow,1,primary,0,0,0.0,1,1,0,1,1,29.4,116,1,0,0,0,0,0,0,8.8
55335,21,female,Hill,3,secondary,1,0,0.0,0,0,0,0,0,28.0,109,1,0,0,0,0,0,0,5.7
29938,41,female,Nightingale,5,tertiary,1,0,0.0,0,0,0,0,0,27.6,100,0,0,0,0,0,0,0,7.3
30824,34,male,Rose,4,secondary,1,0,0.0,1,0,0,1,1,24.0,115,0,0,1,0,0,0,1,6.4
96900,50,female,Rose,5,tertiary,1,0,0.0,0,0,0,1,0,30.0,127,0,0,0,0,0,0,0,5.6
10249,28,female,Snow,2,secondary,0,0,0.0,1,0,1,0,0,31.4,111,0,0,0,0,0,0,0,6.9
47016,49,male,Nightingale,3,secondary,0,0,0.0,0,0,1,0,0,30.5,112,0,0,0,0,0,0,0,5.5
85132,63,female,Doll,3,primary,1,0,0.0,1,0,1,0,0,25.7,131,0,0,0,0,0,0,1,6.6
16586,22,male,Doll,2,secondary,0,1,1.5,1,1,1,0,0,28.4,122,0,0,0,0,0,0,1,7.2
43708,70,female,Snow,3,secondary,1,1,11.7,0,0,1,0,0,33.2,140,0,0,0,0,0,0,1,7.1
13479,58,male,Doll,3,secondary,1,0,0.0,1,0,1,1,0,33.3,130,0,0,0,0,0,0,0,7.4
67870,35,male,Rose,4,secondary,1,1,7.1,1,0,1,1,0,25.3,131,0,0,0,0,0,0,0,6.0
67178,30,male,Hill,4,secondary,1,0,0.0,0,0,0,0,0,22.2,90,0,0,0,0,0,0,0,7.4
48164,59,male,Rose,3,secondary,1,1,14.5,0,0,0,0,1,27.4,134,0,0,0,0,0,0,0,7.6
91134,44,male,Nightingale,4,secondary,1,0,0.0,1,1,0,0,0,25.7,108,0,0,0,0,0,0,0,5.5
64776,78,female,Hill,4,tertiary,1,1,12.5,1,1,0,0,0,33.0,147,1,1,0,0,1,0,0,7.6
83473,54,female,Rose,2,primary,0,1,17.2,1,0,0,0,0,27.7,125,0,0,0,0,0,0,0,7.2
72463,72,male,Doll,3,secondary,1,0,0.0,1,0,0,0,1,26.3,126,0,0,0,0,0,1,1,9.7
88484,35,male,Hill,1,secondary,0,0,0.0,0,0,0,0,1,28.8,107,1,0,1,0,0,0,0,4.4
46669,50,female,Hill,1,primary,0,1,6.2,0,1,1,0,0,30.6,120,0,1,1,0,0,0,1,8.6
22690,30,female,Hill,3,secondary,1,0,0.0,0,1,0,1,1,33.5,128,0,0,0,0,0,1,0,7.7
35930,59,female,Hill,2,secondary,0,0,0.0,0,1,1,0,1,27.4,113,0,0,0,0,0,0,0,8.9
13251,25,female,Hill,1,secondary,0,0,0.0,0,0,1,1,1,26.9,116,0,0,1,0,0,0,0,5.3
40851,29,female,Nightingale,1,secondary,0,0,0.0,0,0,0,0,0,25.9,97,0,0,0,0,0,0,0,4.4
25003,44,female,Nightingale,4,tertiary,1,0,0.0,0,0,0,0,0,28.3,100,0,0,0,0,0,0,0,5.0
97904,56,male,Rose,3,secondary,1,0,0.0,1,0,0,0,0,27.3,123,0,0,0,0,0,0,0,4.5
19105,18,male,Rose,3,secondary,1,0,0.0,1,1,1,0,0,26.5,107,0,0,1,0,0,1,0,4.8
91965,50,male,Doll,3,primary,0,1,11.8,0,0,0,1,0,25.7,121,1,0,0,0,0,0,0,9.8
16640,28,female,Doll,5,tertiary,1,0,0.0,0,0,0,0,0,25.6,101,0,0,0,0,0,1,1,7.4
56247,28,male,Doll,4,secondary,1,0,0.0,0,1,0,1,0,25.4,104,0,0,0,0,0,0,0,6.4
26092,55,female,Rose,3,tertiary,0,0,0.0,0,1,0,0,0,30.2,129,0,0,0,0,0,1,0,8.2
56943,65,female,Doll,4,primary,0,0,0.0,0,1,0,0,0,27.4,124,0,0,0,0,0,0,0,5.6
58418,60,male,Doll,5,secondary,1,0,0.0,0,0,0,1,0,21.4,121,0,0,0,0,0,0,0,8.4
14642,52,female,Nightingale,5,tertiary,1,0,0.0,1,0,1,0,1,26.6,107,0,0,1,0,0,0,1,7.4
27179,70,male,Snow,2,secondary,1,1,17.1,1,0,1,0,0,32.7,116,1,1,0,1,1,0,1,9.5
13690,51,female,Hill,4,secondary,1,0,0.0,0,0,1,0,0,25.1,97,0,0,0,0,0,0,0,8.0
97890,56,female,Doll,2,primary,0,0,0.0,0,1,1,0,1,29.3,121,0,0,1,0,1,0,1,8.2
25059,60,female,Rose,5,tertiary,1,0,0.0,0,1,1,0,0,25.3,136,0,0,0,0,0,0,0,6.2
20738,60,male,Nightingale,4,secondary,1,1,14.2,0,0,0,0,0,29.2,118,0,0,0,0,0,0,1,8.2
83033,32,male,Doll,4,tertiary,1,0,0.0,1,0,0,0,1,23.6,93,0,0,0,0,0,0,0,5.5
97887,54,male,Snow,2,secondary,1,1,10.2,1,1,0,0,1,34.0,120,0,0,0,0,0,0,0,7.5
73167,75,female,Nightingale,1,primary,0,1,14.4,0,1,0,0,0,31.6,133,0,0,0,0,0,0,0,9.7
11575,48,female,Doll,3,tertiary,1,1,14.3,0,1,0,0,0,28.3,110,0,0,0,0,1,0,1,4.1
36293,68,female,Nightingale,3,secondary,1,0,0.0,0,0,1,0,1,26.7,131,0,0,0,0,0,0,0,7.3
25861,53,female,Rose,4,secondary,0,1,15.7,0,0,0,0,1,24.5,127,0,0,0,0,0,0,0,5.7
99544,31,male,Snow,4,tertiary,0,0,0.0,0,0,0,1,0,33.2,100,0,0,1,0,0,0,1,6.5
67698,75,male,Nightingale,4,tertiary,1,0,0.0,0,1,0,0,0,24.9,128,0,0,0,0,0,0,0,6.5
22806,45,female,Hill,1,primary,1,1,5.5,1,1,0,0,0,32.1,123,0,0,0,0,1,0,1,9.7
29535,26,female,Rose,3,tertiary,1,0,0.0,1,0,1,1,0,24.9,103,0,0,0,0,0,0,0,6.0
98056,34,female,Rose,5,tertiary,0,1,7.0,0,1,0,1,1,28.0,126,0,0,0,0,0,0,0,7.3
57816,78,female,Doll,3,primary,0,0,0.0,1,0,0,0,0,32.3,136,0,0,0,0,0,0,0,9.7
94933,38,female,Snow,1,primary,0,0,0.0,1,1,0,1,0,26.7,91,0,0,0,0,0,0,0,6.0
58199,57,male,Doll,3,secondary,1,1,17.1,0,0,0,1,0,28.6,118,1,0,0,0,0,0,0,7.0
41700,57,male,Nightingale,3,primary,1,0,0.0,0,0,1,0,0,27.1,119,0,0,0,0,0,0,0,6.2
30781,66,male,Snow,3,secondary,1,0,0.0,0,0,1,0,1,32.7,137,0,0,0,0,0,0,0,5.2
94392,40,male,Snow,3,secondary,0,0,0.0,1,0,0,1,0,23.3,109,0,0,1,0,0,0,1,5.8
98673,21,male,Rose,5,secondary,1,0,0.0,1,1,1,1,0,31.5,98,0,0,1,0,0,0,1,9.2
89496,65,female,Rose,3,secondary,0,1,18.7,0,0,0,0,0,20.1,128,0,0,0,0,0,0,0,6.0
22758,77,male,Doll,2,secondary,1,0,0.0,0,0,1,0,0,28.4,123,0,0,0,0,1,1,0,10.0
80129,43,male,Doll,5,tertiary,1,0,0.0,0,0,0,1,0,30.9,118,0,1,0,0,0,1,1,6.7
18361,46,male,Nightingale,2,secondary,0,0,0.0,1,0,0,0,0,18.8,114,0,0,0,0,0,0,0,7.7
88103,66,female,Snow,2,tertiary,0,0,0.0,0,1,0,0,0,33.4,121,0,1,0,0,1,0,0,9.1
79695,24,female,Doll,2,secondary,1,0,0.0,0,0,0,0,1,27.9,107,0,0,1,0,0,0,0,5.6
72261,43,female,Doll,5,tertiary,1,0,0.0,0,1,1,0,1,27.5,101,0,0,0,0,0,0,0,6.4
14002,33,male,Doll,4,tertiary,1,0,0.0,1,0,0,0,0,23.1,113,0,0,1,0,0,0,1,9.4
69607,59,female,Hill,5,secondary,1,0,0.0,0,0,0,0,0,20.9,117,0,0,0,0,0,0,0,4.3
24359,29,female,Nightingale,4,secondary,1,0,0.0,0,1,0,0,0,32.8,103,0,0,0,0,0,0,0,4.6
64912,53,male,Rose,2,tertiary,0,0,0.0,0,1,0,1,0,29.2,100,1,0,0,0,0,1,0,9.8
43103,65,male,Hill,3,tertiary,1,1,9.1,0,0,1,0,0,28.8,129,1,0,0,0,0,0,1,4.2
11342,56,female,Doll,3,secondary,0,1,12.8,0,0,0,0,0,22.1,127,0,0,0,0,0,0,0,5.6
72363,25,male,Nightingale,4,secondary,1,0,0.0,0,0,1,1,0,31.2,90,0,0,1,0,0,0,1,9.1
97704,56,male,Hill,5,tertiary,1,0,0.0,1,0,0,0,0,24.8,103,0,0,0,0,0,0,1,5.4
18014,49,male,Nightingale,3,primary,0,0,0.0,0,1,0,0,0,26.3,121,1,0,0,0,0,0,1,6.8
12231,30,male,Hill,3,tertiary,1,0,0.0,0,0,0,0,0,26.6,109,0,0,0,0,0,0,0,5.9
22120,66,male,Rose,4,tertiary,1,0,0.0,0,0,1,0,0,29.6,131,0,0,0,0,0,0,0,4.2
51187,35,female,Nightingale,1,primary,0,0,0.0,1,0,1,0,0,27.3,97,0,0,0,0,0,0,0,9.2
20396,62,male,Snow,4,tertiary,1,0,0.0,0,0,1,0,1,25.8,128,1,0,0,0,0,0,0,6.1
73846,63,female,Nightingale,3,secondary,0,1,15.7,1,1,0,0,0,25.8,128,1,1,0,0,0,0,0,7.3
40380,36,male,Doll,5,tertiary,1,0,0.0,1,0,0,1,1,21.5,105,0,0,0,0,0,0,0,4.8
20920,57,male,Nightingale,5,tertiary,1,1,11.5,1,0,1,0,0,24.4,123,0,1,0,0,0,0,0,4.2
75556,29,female,Snow,1,primary,0,1,3.4,0,0,0,0,0,21.3,106,0,0,0,0,0,1,0,4.6
49638,65,male,Rose,3,secondary,0,0,0.0,1,0,1,0,0,34.6,133,0,0,0,0,1,0,0,8.0
12800,34,male,Nightingale,4,secondary,0,1,3.3,1,0,0,0,1,25.6,94,0,0,0,0,0,1,0,6.6
69260,42,female,Rose,2,secondary,0,0,0.0,1,1,0,0,0,31.9,104,0,0,0,0,0,0,0,6.3
27896,26,female,Snow,4,secondary,0,0,0.0,1,1,0,0,1,25.6,96,0,0,0,0,0,1,0,7.2
22911,23,female,Nightingale,3,secondary,1,0,0.0,0,0,0,1,0,28.5,109,0,0,0,0,0,0,1,4.5
36248,60,female,Doll,3,secondary,1,1,11.5,0,1,0,0,0,28.1,138,1,0,0,0,0,0,0,9.7
60403,73,male,Nightingale,2,primary,0,1,11.0,0,0,1,0,0,33.5,112,0,0,0,0,1,1,1,6.7
48482,22,female,Rose,4,tertiary,1,0,0.0,0,0,0,0,0,25.0,104,0,0,0,0,0,0,0,5.3
47831,59,male,Doll,4,tertiary,1,0,0.0,0,0,0,0,0,22.2,113,0,0,0,0,0,0,1,6.2
59468,52,female,Nightingale,2,secondary,1,0,0.0,0,1,0,0,0,28.3,130,0,0,0,0,0,0,1,8.3
29200,61,female,Rose,2,tertiary,0,1,14.9,0,0,0,0,0,24.0,124,0,0,0,0,0,0,0,6.1
93910,56,male,Doll,3,tertiary,0,0,0.0,0,0,0,1,0,28.6,123,0,0,0,0,0,1,0,6.8
19956,24,male,Nightingale,2,tertiary,0,0,0.0,0,0,1,0,0,24.4,95,0,0,1,0,0,1,1,9.9
64193,76,female,Doll,3,secondary,1,1,18.2,1,0,1,1,1,23.8,133,0,0,0,0,0,0,0,5.0
31801,44,female,Snow,2,tertiary,0,0,0.0,1,0,0,0,0,24.6,100,0,0,1,0,0,0,1,4.6
94792,24,male,Nightingale,1,secondary,0,0,0.0,0,1,0,1,1,26.3,90,0,0,1,0,0,0,0,7.1
44595,51,male,Rose,3,secondary,1,1,12.5,0,0,0,0,0,21.0,120,0,0,0,1,0,0,0,5.1
90848,19,male,Hill,3,secondary,1,0,0.0,0,0,0,1,0,24.2,100,0,0,0,0,0,0,0,6.4
54311,21,male,Snow,2,secondary,0,0,0.0,0,1,1,0,0,26.8,99,0,0,0,0,0,0,0,5.2
12551,30,female,Rose,5,secondary,1,0,0.0,0,0,0,0,0,22.0,107,0,0,0,0,0,0,0,8.1
94134,43,female,Hill,2,secondary,0,0,0.0,1,0,1,0,0,27.7,112,0,0,0,0,0,0,0,6.6
24920,54,male,Nightingale,1,secondary,0,0,0.0,1,1,0,0,0,38.6,120,0,0,0,0,0,0,1,9.6
41548,72,female,Nightingale,1,primary,0,1,20.5,0,1,1,0,0,30.8,136,0,0,0,0,0,0,0,5.9
93793,44,female,Rose,2,primary,1,0,0.0,0,1,0,0,0,32.6,109,0,0,0,0,0,0,0,4.5
11744,34,female,Snow,4,secondary,1,0,0.0,0,0,1,1,1,29.6,115,0,0,0,0,1,0,1,7.2
46237,45,male,Doll,3,secondary,0,1,10.3,1,0,1,0,0,28.0,126,0,0,0,0,0,0,0,9.5
13723,47,male,Hill,3,secondary,0,0,0.0,1,0,1,0,1,28.2,113,0,0,0,0,0,0,0,9.3
77295,56,female,Rose,5,tertiary,1,0,0.0,0,1,0,0,0,30.7,120,1,0,0,0,0,0,0,9.1
40800,75,female,Rose,3,secondary,1,1,19.8,0,0,0,0,0,34.4,138,0,0,0,0,0,0,0,4.3
15978,41,male,Rose,4,tertiary,1,0,0.0,0,1,1,0,0,25.8,116,0,0,0,0,0,1,1,4.0
69987,18,male,Nightingale,2,primary,0,0,0.0,0,0,1,1,1,25.2,104,0,0,0,0,0,1,0,9.0
70243,22,male,Hill,3,secondary,0,0,0.0,0,0,1,1,0,32.7,116,0,0,0,0,0,0,0,7.5
69426,50,female,Doll,2,secondary,1,0,0.0,1,0,0,0,0,21.8,117,1,0,0,0,0,0,0,7.0
38570,51,male,Rose,3,tertiary,1,1,13.4,0,1,0,0,1,32.8,129,0,0,0,0,0,0,0,4.2
85003,19,female,Rose,2,secondary,0,0,0.0,0,1,1,0,0,26.4,90,0,0,1,0,0,1,1,7.6
86055,59,male,Snow,2,tertiary,0,1,10.3,0,1,0,1,1,30.9,138,0,0,1,0,0,0,0,9.6
53106,74,female,Doll,5,tertiary,1,0,0.0,0,0,0,0,0,29.7,120,0,0,0,0,0,0,0,5.0
34339,74,female,Nightingale,3,secondary,0,0,0.0,0,0,1,0,1,29.0,122,1,0,0,0,0,0,0,5.9
34249,59,female,Rose,5,tertiary,1,0,0.0,1,0,0,0,0,25.3,139,0,0,0,0,0,1,1,9.2
20829,59,female,Rose,3,secondary,1,0,0.0,0,0,1,0,0,26.7,124,1,0,0,0,0,0,0,6.2
46331,75,male,Hill,3,primary,1,1,18.7,1,0,1,0,0,28.2,141,0,1,0,1,0,0,1,4.8
79903,19,male,Nightingale,2,tertiary,1,0,0.0,0,0,0,1,0,20.7,100,0,0,0,0,0,0,0,8.2
77420,43,female,Doll,5,tertiary,1,0,0.0,1,0,1,0,0,27.6,109,0,0,0,0,0,0,0,7.8
48720,53,male,Snow,1,primary,0,0,0.0,0,1,1,0,0,30.8,123,0,0,0,0,0,0,0,9.0
61721,73,female,Nightingale,1,secondary,0,1,16.2,0,1,1,0,1,33.1,136,0,1,0,0,0,0,0,4.5
36758,51,male,Rose,5,tertiary,1,0,0.0,0,0,1,0,0,32.8,125,0,1,0,0,1,0,1,6.7
97673,65,male,Hill,4,secondary,1,0,0.0,0,0,0,0,0,23.0,107,0,0,0,0,0,0,1,6.4
72861,21,female,Hill,4,tertiary,1,0,0.0,0,1,0,0,0,34.1,108,0,0,0,0,0,0,0,8.5
75538,61,female,Nightingale,2,secondary,1,1,17.3,1,1,1,0,1,31.6,150,0,0,0,0,1,0,1,5.4
66328,71,male,Hill,2,secondary,0,1,27.3,1,0,0,0,1,24.8,118,0,0,0,0,0,0,0,4.5
69585,38,male,Hill,2,tertiary,1,1,6.0,0,1,1,1,0,32.4,114,0,0,0,0,0,0,0,6.2
57860,22,male,Snow,2,secondary,1,0,0.0,0,1,0,0,0,25.6,95,0,0,0,0,0,0,0,5.5
54115,54,male,Rose,3,secondary,0,1,8.3,0,0,0,0,0,26.4,130,0,0,0,0,0,0,0,8.9
51928,53,male,Snow,2,primary,1,1,9.7,0,1,0,0,0,29.0,123,0,0,1,1,0,0,1,5.7
46710,21,male,Rose,3,secondary,1,0,0.0,0,1,0,1,0,21.1,98,1,0,0,0,0,0,0,7.3
71856,67,female,Nightingale,5,tertiary,1,1,25.3,1,0,0,0,0,28.3,136,0,0,0,1,0,0,1,9.2
24049,35,female,Rose,2,secondary,1,1,4.1,1,1,1,0,0,32.2,106,0,0,0,0,0,0,0,6.1
41383,43,male,Doll,5,secondary,1,0,0.0,1,0,0,0,1,33.1,114,0,0,0,0,0,0,1,4.3
99784,72,female,Nightingale,3,tertiary,0,1,21.8,1,0,1,0,0,32.5,137,0,1,0,0,0,0,1,8.5
63088,65,male,Rose,2,primary,1,1,15.8,1,0,1,0,0,28.9,125,0,1,0,0,1,0,0,9.9
72034,70,female,Doll,3,secondary,0,1,21.3,1,0,0,0,1,29.3,136,0,0,1,1,1,0,1,9.0
84072,59,male,Snow,4,secondary,1,0,0.0,0,0,1,1,0,26.8,117,0,0,0,0,1,0,0,9.5
24565,32,male,Snow,4,secondary,1,0,0.0,1,1,0,0,0,23.9,98,0,0,0,0,0,0,0,9.5
40708,54,male,Hill,4,secondary,1,1,8.7,1,0,1,1,0,25.7,117,0,0,0,1,0,1,1,7.3
58780,31,female,Doll,4,tertiary,0,1,5.6,0,0,0,0,0,28.1,100,0,0,0,0,0,0,0,6.7
78105,29,female,Doll,4,tertiary,0,0,0.0,0,0,0,1,0,22.9,124,0,0,0,0,0,0,1,6.1
59108,69,male,Doll,3,secondary,1,0,0.0,1,0,1,0,0,32.7,134,0,0,0,0,0,0,1,4.4
99049,57,male,Hill,2,secondary,1,0,0.0,1,1,0,0,0,25.9,116,0,0,0,0,0,0,1,5.7
17328,22,male,Doll,5,tertiary,1,0,0.0,0,1,1,1,0,27.7,104,0,0,0,0,0,0,0,8.8
56696,22,female,Hill,4,tertiary,1,0,0.0,0,0,1,0,1,28.7,113,0,0,0,0,0,0,1,6.7
79129,41,male,Rose,5,tertiary,1,0,0.0,0,0,0,1,0,22.5,109,0,0,0,0,0,0,0,5.2
96506,78,male,Doll,2,primary,0,1,14.2,0,1,0,0,0,26.9,113,0,0,0,0,1,1,1,6.7
17314,40,male,Hill,4,secondary,1,0,0.0,1,0,0,0,0,23.0,118,0,0,0,0,0,0,0,6.6
63654,19,female,Doll,5,secondary,1,1,0.5,1,0,1,0,0,23.0,116,0,0,0,0,0,0,0,5.0
77301,35,female,Hill,4,secondary,1,0,0.0,1,0,1,0,0,24.3,112,0,0,0,0,0,0,1,9.6
74645,68,female,Nightingale,2,secondary,1,1,16.0,0,0,1,0,1,33.1,132,0,0,0,1,0,1,1,6.8
79992,74,female,Snow,3,secondary,0,1,27.3,1,0,1,0,0,27.1,134,0,0,1,0,1,1,1,7.3
72442,20,female,Hill,2,secondary,0,1,0.7,1,0,1,1,1,28.5,99,0,0,1,0,0,0,0,6.7
44090,45,female,Doll,3,primary,0,0,0.0,0,0,1,0,0,28.0,107,0,0,0,1,0,0,0,8.7
29792,65,female,Rose,2,secondary,1,1,9.1,0,1,1,0,0,41.3,134,0,1,0,0,0,0,1,8.6
77199,38,female,Doll,3,secondary,1,0,0.0,0,0,1,1,0,24.3,102,0,0,0,0,0,1,0,5.4
27273,52,female,Hill,1,secondary,0,1,11.6,0,0,1,0,0,24.8,124,0,0,0,0,0,0,0,6.8
61632,65,female,Nightingale,2,secondary,1,1,19.7,0,1,1,0,0,30.0,127,0,0,0,0,0,0,0,7.6
67971,75,male,Nightingale,2,primary,1,0,0.0,0,1,1,0,1,33.4,145,0,1,0,0,0,0,1,7.4
99352,18,male,Snow,3,secondary,0,0,0.0,0,0,0,0,0,26.8,101,0,0,0,0,0,0,1,9.8
65761,18,male,Snow,1,primary,0,0,0.0,1,1,1,1,1,32.5,100,0,0,0,0,0,0,0,8.1
27783,59,male,Nightingale,4,secondary,1,0,0.0,0,0,0,0,0,30.9,116,0,0,0,0,0,0,0,5.0
45413,33,male,Snow,1,primary,0,0,0.0,0,1,1,0,0,29.9,111,0,0,0,0,0,0,0,7.5
39680,20,male,Hill,2,primary,1,0,0.0,0,0,0,0,0,23.6,100,1,0,0,0,0,0,0,5.9
56278,79,female,Hill,4,tertiary,1,0,0.0,0,0,1,0,1,27.4,136,0,0,0,0,0,0,0,9.3
21634,69,male,Hill,4,tertiary,0,1,22.4,0,1,0,0,0,25.6,129,0,0,0,1,0,0,1,8.7
58182,70,female,Snow,1,primary,1,0,0.0,1,0,0,0,0,25.0,118,0,0,0,0,0,0,0,7.2
12320,29,female,Snow,2,secondary,0,0,0.0,0,0,1,0,0,27.6,91,0,0,0,0,0,0,0,4.3
71870,33,female,Snow,4,tertiary,0,0,0.0,1,0,1,1,0,30.2,116,0,1,0,0,0,1,1,5.8
28772,35,female,Hill,2,secondary,0,1,6.7,0,1,1,0,0,27.5,98,0,0,0,0,0,0,0,8.6
91955,57,male,Hill,1,primary,1,0,0.0,0,1,1,0,1,28.9,126,0,0,0,0,0,0,1,4.5
72116,22,female,Snow,1,tertiary,1,0,0.0,0,1,0,0,0,28.4,108,0,0,0,0,0,0,0,9.0
21765,78,male,Nightingale,4,secondary,0,0,0.0,1,1,0,0,0,26.6,130,0,0,0,0,0,0,0,6.1
56238,57,female,Hill,5,tertiary,1,1,18.2,1,0,0,0,0,30.8,129,0,0,0,1,0,0,1,10.0
14299,67,female,Hill,2,primary,0,1,8.9,0,0,0,0,1,26.4,130,0,0,0,0,0,0,0,4.1
76665,51,male,Rose,5,tertiary,1,0,0.0,0,1,0,0,0,31.1,126,0,0,0,0,0,0,0,8.7
19207,34,female,Snow,4,secondary,1,0,0.0,1,1,0,0,0,29.5,99,0,0,0,0,0,0,0,4.1
62061,32,male,Nightingale,4,primary,1,1,6.5,1,0,0,1,0,28.7,130,0,0,0,0,0,0,0,5.8
41507,69,female,Snow,4,tertiary,1,0,0.0,1,0,0,0,0,31.9,140,0,0,0,0,0,0,0,4.7
74493,42,female,Hill,3,tertiary,0,0,0.0,1,0,0,0,0,25.3,109,0,0,0,0,0,0,1,8.5
11072,43,female,Nightingale,1,secondary,0,1,11.0,1,1,1,0,1,27.8,117,0,0,0,0,0,0,0,6.9
56606,64,male,Snow,3,secondary,0,0,0.0,1,0,0,0,0,28.9,126,0,0,0,0,0,0,0,9.6
65865,35,male,Doll,3,primary,1,0,0.0,1,1,1,1,1,22.2,118,0,0,0,0,0,1,0,7.6
54198,63,male,Rose,2,primary,1,0,0.0,0,1,1,0,0,30.1,117,0,0,0,0,0,0,0,7.6
68315,75,male,Doll,5,secondary,1,1,21.2,1,0,0,0,0,24.2,125,0,0,0,0,0,0,0,7.4
54343,63,male,Snow,1,secondary,0,0,0.0,0,0,1,0,0,30.0,134,0,0,0,0,0,0,0,8.2
89157,74,male,Snow,2,secondary,0,0,0.0,1,1,1,0,1,34.0,126,0,0,0,0,1,0,1,7.4
47930,45,male,Rose,3,tertiary,0,1,13.1,1,0,0,0,0,24.6,106,1,0,0,0,0,0,0,4.1
71624,42,male,Snow,2,primary,0,1,6.6,0,0,0,0,0,25.5,103,1,0,0,0,0,0,0,8.5
61183,52,male,Rose,3,secondary,1,0,0.0,1,1,0,0,1,27.1,118,1,0,0,0,0,0,0,7.3
43265,79,female,Snow,2,secondary,0,0,0.0,1,0,1,0,1,35.0,127,0,0,0,0,0,0,0,8.0
89916,37,male,Hill,3,tertiary,1,1,6.4,1,0,1,0,0,24.9,112,0,0,0,0,0,0,0,4.8
33062,69,male,Rose,5,secondary,1,0,0.0,0,0,1,0,0,21.5,109,0,0,0,0,0,0,0,4.8
39133,21,female,Snow,2,secondary,1,1,1.3,1,1,0,1,1,25.2,101,0,0,0,0,0,0,0,9.4
56635,24,female,Rose,5,tertiary,1,0,0.0,0,0,0,0,0,25.5,105,0,0,0,0,0,0,0,7.4
33574,70,female,Nightingale,1,secondary,0,0,0.0,0,0,1,0,1,24.7,135,0,0,0,0,0,0,0,7.1
46101,43,male,Hill,4,secondary,1,0,0.0,1,1,1,0,0,30.5,108,1,0,0,0,0,0,0,7.1
72628,67,female,Doll,5,tertiary,1,0,0.0,1,0,1,0,1,27.6,134,0,0,0,0,0,1,1,6.5
78268,51,male,Rose,3,secondary,1,0,0.0,0,0,0,0,0,24.0,122,0,0,0,0,0,1,0,8.6
60006,59,female,Hill,2,secondary,1,0,0.0,0,0,0,1,1,29.2,125,0,0,0,0,1,0,1,4.8
36986,62,male,Hill,5,tertiary,1,0,0.0,1,1,1,0,0,32.2,127,0,0,0,0,0,0,0,8.1
47629,20,male,Doll,4,tertiary,1,0,0.0,0,1,1,1,1,29.8,100,0,0,0,0,0,1,0,5.4
61269,73,male,Nightingale,1,secondary,1,0,0.0,0,0,1,0,1,30.5,127,0,0,0,0,0,0,1,7.4
11497,79,female,Snow,2,secondary,0,1,15.8,1,0,1,0,0,33.3,144,0,1,0,0,0,0,1,8.5
68343,24,male,Doll,4,secondary,1,0,0.0,1,0,0,0,0,25.8,120,0,0,0,0,0,1,1,5.8
24081,39,female,Doll,5,secondary,1,0,0.0,1,1,0,0,0,24.7,101,0,0,0,0,0,0,0,8.5
74642,66,female,Nightingale,3,secondary,1,0,0.0,0,1,0,0,0,31.9,147,0,0,0,0,0,0,0,8.2
29373,49,male,Rose,3,primary,1,1,10.9,0,0,0,1,0,31.3,130,0,1,0,0,0,0,1,4.3
82914,38,female,Hill,4,tertiary,1,0,0.0,0,1,0,0,1,30.3,107,0,0,1,0,0,0,1,8.3
48736,78,male,Doll,5,tertiary,0,0,0.0,1,0,0,0,0,25.4,142,0,0,0,0,0,0,0,4.4
19184,64,male,Nightingale,5,tertiary,1,0,0.0,1,0,0,0,0,25.1,119,0,0,0,0,0,0,0,9.7
86236,69,male,Hill,4,tertiary,1,0,0.0,1,0,0,0,0,26.7,117,1,0,0,0,0,0,1,6.1
56909,65,female,Rose,3,secondary,0,0,0.0,1,0,0,1,1,25.9,125,1,0,0,0,0,0,0,6.3
21584,70,female,Nightingale,5,secondary,0,0,0.0,0,1,0,0,0,31.6,133,0,0,0,0,1,1,1,4.9
62573,74,female,Rose,2,primary,0,0,0.0,1,0,0,0,0,28.6,135,0,0,0,0,0,0,0,8.6
33023,59,female,Snow,4,tertiary,1,1,19.6,0,0,1,0,1,23.5,125,0,0,0,0,0,1,0,6.3
38461,50,female,Hill,4,tertiary,1,1,9.7,1,0,1,0,1,26.0,120,0,0,0,0,0,0,0,7.9
39507,21,female,Snow,4,primary,1,0,0.0,0,0,1,1,0,27.0,106,1,0,0,0,0,0,1,6.4
49005,49,female,Doll,5,tertiary,1,1,9.1,0,0,0,1,0,22.6,128,0,0,0,0,0,1,0,5.2
26330,27,male,Doll,3,secondary,1,0,0.0,0,1,0,1,0,29.9,116,0,0,0,0,0,1,0,9.0
36117,61,female,Doll,5,tertiary,1,0,0.0,1,1,1,0,0,27.0,110,1,0,0,0,0,0,0,8.5
17718,77,female,Doll,2,secondary,1,0,0.0,0,0,0,0,0,27.5,139,0,0,0,0,0,0,0,6.4
77951,35,male,Snow,4,tertiary,1,0,0.0,0,0,1,0,0,27.8,104,0,0,0,0,0,0,0,4.7
20374,18,male,Doll,5,secondary,1,0,0.0,1,1,0,1,0,26.2,119,0,0,0,0,0,0,0,5.0
60685,21,female,Doll,5,tertiary,1,0,0.0,0,0,1,0,1,29.6,94,0,0,1,0,0,0,1,5.2
75751,50,female,Hill,4,secondary,1,0,0.0,1,1,1,0,0,31.3,105,0,0,0,0,0,0,0,9.9
74548,38,male,Rose,3,primary,1,0,0.0,0,0,0,0,0,24.9,101,0,0,0,0,0,0,1,5.1
71649,53,female,Snow,4,tertiary,1,0,0.0,0,0,0,0,0,27.0,118,1,0,0,0,0,0,1,4.9
54937,33,male,Hill,3,primary,1,0,0.0,1,1,0,0,0,31.6,109,0,0,0,0,0,0,1,5.3
63448,30,female,Doll,3,tertiary,1,0,0.0,0,1,0,0,0,30.3,104,0,0,0,0,1,0,0,6.9
33638,39,female,Nightingale,1,secondary,0,1,7.0,0,0,0,0,0,29.4,124,0,0,0,0,0,0,0,8.1
34375,77,male,Doll,5,tertiary,1,1,25.2,0,1,1,0,1,27.8,132,0,1,0,1,0,0,1,5.5
37738,63,female,Rose,5,tertiary,1,0,0.0,1,0,0,0,0,24.3,129,1,0,0,0,0,0,0,6.1
96953,29,female,Rose,3,secondary,1,0,0.0,0,1,0,0,0,30.6,101,1,0,0,0,0,0,0,4.7
11878,25,female,Doll,4,tertiary,0,0,0.0,0,0,0,0,0,21.7,94,0,0,0,0,0,0,0,9.3
68078,42,female,Hill,3,secondary,1,0,0.0,0,1,1,0,0,30.1,106,0,0,1,0,0,0,1,6.0
10818,59,female,Rose,3,secondary,0,0,0.0,0,1,0,0,0,26.2,121,0,0,0,0,0,0,0,7.9
98953,59,male,Doll,2,secondary,0,0,0.0,0,1,1,0,0,32.2,116,0,0,0,0,0,0,0,6.4
48545,70,female,Rose,5,tertiary,1,0,0.0,0,0,1,0,0,27.4,130,0,0,0,0,1,0,1,4.6
16523,64,female,Hill,1,primary,0,0,0.0,1,0,0,0,0,22.7,115,0,0,0,0,0,0,0,9.6
36381,71,male,Nightingale,4,tertiary,1,1,17.2,1,1,1,0,0,36.3,134,0,0,0,0,0,0,0,5.0
82674,64,female,Snow,1,secondary,1,0,0.0,1,1,1,0,1,30.1,128,0,0,1,0,1,0,1,8.6
97287,79,male,Hill,1,primary,1,1,22.9,0,0,1,0,0,28.9,139,0,0,0,0,0,0,0,4.5
50018,42,female,Rose,3,secondary,0,0,0.0,0,0,0,0,0,26.3,100,0,0,0,0,0,0,0,9.2
84871,74,male,Rose,4,secondary,0,0,0.0,0,0,1,0,0,30.7,131,0,0,0,0,1,0,0,4.9
83652,34,male,Nightingale,2,secondary,0,0,0.0,0,1,1,0,0,30.1,124,0,0,0,0,0,0,0,4.8
22900,66,female,Snow,3,secondary,1,1,12.3,0,0,1,0,0,28.6,143,0,0,0,0,0,0,0,5.8
56577,58,male,Rose,4,secondary,0,0,0.0,0,0,1,0,0,29.7,115,0,0,0,0,0,0,0,9.4
46036,71,male,Rose,4,secondary,0,0,0.0,0,1,1,0,1,27.5,130,0,0,1,0,0,0,0,6.4
33265,27,male,Doll,4,secondary,0,0,0.0,0,0,0,0,0,19.4,90,0,0,0,0,0,0,0,7.8
87515,55,female,Doll,3,secondary,1,1,8.0,1,0,0,0,0,23.3,101,1,0,0,0,0,0,0,6.0
96498,52,male,Snow,4,secondary,0,0,0.0,0,0,0,0,0,24.3,114,0,0,0,0,0,0,1,9.0
16599,31,female,Rose,2,secondary,0,0,0.0,1,0,1,0,0,22.0,109,1,0,0,0,0,0,0,5.6
48337,28,female,Snow,3,tertiary,1,1,3.9,0,1,0,1,0,27.1,102,0,0,0,0,0,0,0,4.2
52803,21,male,Rose,3,tertiary,0,0,0.0,0,0,0,1,0,27.6,100,0,0,0,0,0,0,0,7.0
53093,28,male,Doll,3,primary,1,0,0.0,0,0,1,1,0,28.5,110,0,0,0,0,0,0,0,6.5
53425,33,female,Hill,2,secondary,0,0,0.0,1,0,1,1,0,27.5,103,0,0,1,0,0,0,0,6.7
46088,54,male,Hill,1,primary,0,1,9.4,1,0,1,1,0,28.6,121,0,0,0,0,1,0,1,9.8
31854,33,male,Rose,4,secondary,1,0,0.0,1,1,1,0,0,25.5,113,1,0,0,0,0,0,1,6.2
37659,63,male,Nightingale,4,secondary,1,0,0.0,0,0,1,0,0,25.9,103,0,0,0,0,0,0,0,5.0
33545,44,female,Hill,4,secondary,0,0,0.0,1,0,1,0,1,32.1,105,0,0,0,0,0,0,1,7.8
65645,63,female,Doll,3,secondary,1,0,0.0,0,0,0,0,0,30.1,116,0,0,0,0,0,0,0,6.1
29821,24,female,Nightingale,4,primary,1,0,0.0,0,1,0,0,0,26.7,104,0,0,0,0,0,0,0,4.3
67856,44,male,Doll,2,primary,0,1,13.0,1,1,0,1,0,27.1,145,0,0,0,0,0,0,0,8.2
62599,70,male,Nightingale,3,secondary,1,0,0.0,0,1,1,0,0,27.1,130,1,0,0,0,0,0,0,8.6
51574,31,female,Nightingale,5,secondary,1,0,0.0,0,0,0,0,0,27.4,90,0,0,0,0,0,1,0,8.7
77183,52,female,Nightingale,3,primary,0,0,0.0,0,1,0,0,0,33.1,132,0,0,0,0,0,1,0,7.7
12531,32,female,Snow,1,secondary,0,0,0.0,1,0,1,1,0,25.1,121,0,0,1,0,0,0,1,7.9
82949,38,male,Hill,4,secondary,0,0,0.0,0,0,0,1,0,24.9,125,1,0,0,0,0,0,0,4.5
33611,44,male,Rose,3,tertiary,1,0,0.0,1,0,0,0,0,24.2,112,0,0,0,0,0,0,0,7.4
96569,49,male,Nightingale,4,secondary,0,0,0.0,0,0,0,0,0,22.4,101,1,0,0,0,0,0,0,6.3
17313,48,male,Nightingale,2,secondary,0,0,0.0,0,1,1,0,1,27.5,122,0,0,0,0,0,1,0,9.6
67100,72,female,Hill,4,secondary,1,0,0.0,1,0,1,0,0,31.9,136,0,0,0,0,0,0,1,5.3
14199,57,female,Hill,3,tertiary,1,0,0.0,0,1,1,1,0,31.4,117,1,0,0,0,0,0,0,9.1
38049,52,male,Rose,3,primary,1,0,0.0,1,0,0,0,0,22.0,131,0,0,0,0,0,0,0,7.6
14064,25,male,Rose,2,secondary,0,1,2.8,0,0,0,0,0,29.7,113,0,0,0,0,0,0,0,7.5
49211,61,female,Doll,4,tertiary,1,1,13.6,1,0,1,0,0,31.1,127,0,0,1,0,0,0,1,5.5
16099,79,female,Hill,5,tertiary,1,0,0.0,0,0,1,0,1,27.9,134,0,0,0,0,0,0,1,5.6
68151,76,female,Snow,2,secondary,0,0,0.0,0,1,1,0,1,37.5,139,0,0,0,0,0,0,0,8.8
32372,64,female,Hill,5,tertiary,1,0,0.0,0,0,1,0,1,30.8,115,0,0,0,0,0,0,1,7.4
89362,32,female,Nightingale,1,primary,1,1,2.9,0,1,1,1,0,31.9,123,0,0,0,0,0,0,1,9.6
81715,47,male,Snow,4,tertiary,1,0,0.0,1,0,0,1,0,25.3,103,0,0,0,0,0,0,0,4.9
33904,27,female,Rose,5,tertiary,1,0,0.0,0,0,1,1,1,23.1,108,0,0,0,0,0,0,0,6.1
72080,36,female,Snow,1,primary,0,0,0.0,1,0,0,0,0,23.7,98,1,0,0,0,0,0,0,5.0
36066,21,female,Snow,1,secondary,0,1,1.2,1,1,0,0,1,28.0,109,1,0,0,0,0,0,1,7.9
60646,67,female,Hill,4,tertiary,0,0,0.0,1,0,0,1,0,30.3,130,0,0,0,1,0,0,0,6.7
10721,66,male,Nightingale,1,secondary,0,0,0.0,0,1,0,0,1,32.3,126,0,0,1,0,0,0,0,7.5
11958,22,male,Hill,1,secondary,0,0,0.0,0,1,0,1,0,32.4,101,1,1,1,0,0,0,1,9.7
75408,25,male,Snow,1,tertiary,0,0,0.0,0,1,1,1,1,33.5,107,0,0,1,0,0,0,0,6.9
33566,63,male,Hill,4,tertiary,0,0,0.0,0,1,0,0,0,26.5,107,0,0,0,0,0,0,0,6.4
55172,51,male,Nightingale,4,tertiary,0,0,0.0,0,0,0,0,1,29.6,122,1,0,0,0,0,0,0,5.5
78685,70,male,Snow,3,tertiary,1,1,26.6,0,1,0,1,0,30.3,130,0,0,0,0,0,1,0,7.1
88190,60,female,Nightingale,2,secondary,1,0,0.0,1,1,1,0,0,30.0,129,1,0,0,0,1,0,1,9.8
24383,65,female,Hill,3,secondary,1,1,17.5,1,0,1,0,0,30.1,141,0,1,0,0,0,0,0,7.1
42138,49,male,Nightingale,2,primary,1,0,0.0,0,1,0,0,0,33.4,135,0,1,0,0,0,0,1,4.4
14560,46,female,Snow,4,secondary,1,0,0.0,1,0,0,0,0,22.6,122,0,0,0,0,0,0,0,9.2
83250,23,female,Nightingale,2,secondary,1,0,0.0,0,1,1,0,0,32.6,114,0,0,0,0,0,0,0,5.9
85890,32,male,Snow,1,secondary,0,0,0.0,1,0,0,0,0,22.8,97,0,0,0,0,0,0,0,5.2
63837,54,female,Rose,5,tertiary,1,0,0.0,1,0,0,0,0,27.3,112,1,0,0,0,0,0,0,8.6
73647,42,male,Nightingale,2,secondary,1,0,0.0,1,1,0,0,0,29.4,110,0,0,0,0,0,0,1,6.0
67670,79,male,Rose,5,secondary,1,0,0.0,0,0,0,0,0,26.7,129,1,0,0,0,0,0,0,8.9
13845,28,male,Nightingale,1,secondary,0,1,4.1,1,0,1,1,0,30.6,105,0,0,0,0,0,0,0,4.2
84683,38,male,Doll,2,secondary,1,1,8.4,1,0,1,0,0,29.4,100,0,0,0,0,0,0,0,8.1
18181,54,female,Nightingale,4,tertiary,1,0,0.0,0,0,0,0,0,24.8,128,0,0,0,0,0,0,1,6.8
63522,60,male,Hill,3,secondary,1,0,0.0,0,0,1,0,0,30.3,122,0,0,0,0,0,0,0,6.9
97159,33,male,Snow,4,tertiary,1,1,5.0,0,0,0,1,0,22.1,116,0,0,1,0,0,0,1,5.1
82306,19,male,Rose,5,tertiary,1,0,0.0,0,0,0,0,0,25.7,99,0,0,0,0,0,0,0,6.5
74872,33,male,Rose,5,tertiary,0,1,5.4,0,0,0,0,0,24.6,118,0,0,0,0,0,0,0,9.2
49360,68,male,Rose,5,secondary,0,0,0.0,0,0,0,0,1,26.6,125,0,0,0,0,0,0,0,4.8
11008,36,male,Doll,4,secondary,0,0,0.0,0,0,0,1,1,22.3,102,1,0,0,0,0,0,0,4.1
25102,38,female,Nightingale,2,primary,0,0,0.0,1,0,0,0,0,31.2,99,1,0,0,0,0,0,0,5.2
65435,30,female,Rose,5,tertiary,1,0,0.0,1,1,1,1,0,25.7,111,0,0,0,0,0,0,0,5.3
86654,71,female,Rose,3,primary,0,1,16.8,1,0,1,0,0,26.0,114,0,0,0,1,0,0,1,4.7
89701,37,female,Rose,4,tertiary,1,0,0.0,1,0,0,0,0,16.5,120,1,0,0,0,0,0,0,5.5
11402,46,male,Hill,3,secondary,1,1,12.8,1,0,0,0,1,29.9,118,0,0,0,0,0,0,0,8.1
79984,19,female,Hill,2,primary,0,0,0.0,0,0,1,0,0,26.4,106,0,0,0,0,0,0,1,4.2
39175,42,female,Nightingale,2,secondary,0,1,10.5,1,1,0,0,0,28.0,125,0,0,0,0,0,0,0,8.3
12327,63,male,Hill,5,tertiary,1,0,0.0,1,0,0,0,0,22.7,127,0,0,0,0,0,0,1,5.0
83504,27,male,Nightingale,2,primary,1,0,0.0,1,0,1,1,0,25.9,121,0,0,0,0,0,0,0,6.9
65521,41,female,Nightingale,2,secondary,1,1,10.3,1,1,1,0,1,29.8,119,0,0,0,0,0,0,0,7.0
50406,76,male,Hill,1,secondary,0,1,18.8,1,0,1,0,1,27.6,145,0,1,1,0,0,0,1,5.8
61615,50,male,Hill,4,tertiary,1,0,0.0,0,1,0,1,0,27.9,113,0,0,0,0,0,0,1,4.2
26469,39,male,Doll,2,secondary,0,1,4.6,0,0,0,1,0,28.0,121,0,0,1,0,0,0,1,8.9
46072,45,female,Hill,2,secondary,1,1,10.0,1,0,0,0,0,27.5,121,0,0,0,0,0,0,1,4.3
43934,61,male,Hill,3,tertiary,0,0,0.0,0,0,0,0,1,24.5,117,0,0,0,0,0,0,0,9.8
42091,48,female,Nightingale,4,secondary,0,1,12.4,0,0,0,0,0,23.6,113,1,0,0,0,0,0,0,5.5
34032,54,male,Hill,1,secondary,0,1,12.3,1,0,0,0,0,22.7,119,0,0,0,0,0,0,0,9.1
11559,58,male,Rose,3,tertiary,0,0,0.0,0,0,0,0,1,30.7,123,0,0,1,0,0,0,1,4.8
83011,78,female,Doll,4,secondary,1,0,0.0,0,0,0,0,0,24.5,140,1,0,0,0,0,0,0,7.3
52095,56,male,Nightingale,4,tertiary,1,0,0.0,0,1,1,0,1,31.0,114,0,0,0,0,0,0,0,9.7
92594,45,male,Rose,3,secondary,1,0,0.0,0,0,0,0,0,24.2,97,1,0,0,0,0,0,0,7.0
58112,26,female,Rose,2,secondary,1,1,4.0,0,0,0,1,0,23.4,118,0,0,0,0,0,0,0,8.3
13450,55,female,Nightingale,5,secondary,1,1,18.2,1,0,0,1,1,24.6,115,0,0,0,0,0,0,1,5.7
39407,40,female,Hill,5,secondary,1,0,0.0,0,0,1,0,0,30.2,115,0,0,0,0,0,0,1,5.3
96828,79,male,Doll,4,secondary,1,0,0.0,0,0,0,0,0,28.2,144,0,0,0,0,0,1,0,9.3
71374,68,female,Rose,3,secondary,1,0,0.0,0,0,0,0,0,27.3,124,0,0,0,0,0,0,1,8.0
53219,37,female,Rose,3,secondary,0,0,0.0,0,0,0,0,0,25.6,104,1,0,0,0,0,0,1,8.8
21832,69,female,Snow,3,secondary,1,1,15.9,0,0,1,0,0,32.7,139,0,0,0,0,0,0,0,9.3
49071,55,male,Doll,5,secondary,1,0,0.0,0,0,0,1,0,24.5,117,0,0,0,0,0,0,0,4.7
75314,45,male,Nightingale,3,secondary,1,0,0.0,1,0,0,0,0,28.7,127,0,0,0,0,0,0,0,8.4
89178,67,female,Snow,3,secondary,0,1,14.2,1,0,1,0,0,32.5,140,0,0,0,1,0,0,0,5.9
86884,71,female,Hill,3,tertiary,1,0,0.0,0,1,1,0,1,34.0,131,0,0,0,0,0,0,0,4.8
23368,68,male,Doll,4,tertiary,1,0,0.0,0,0,1,0,0,30.1,130,0,0,0,0,0,1,1,5.1
50540,62,female,Doll,3,primary,1,0,0.0,1,0,0,0,1,27.2,130,1,0,0,0,0,0,0,9.2
16636,26,female,Rose,3,secondary,1,0,0.0,0,0,0,0,0,20.8,105,1,0,0,0,0,0,0,5.9
35653,58,female,Doll,4,tertiary,1,0,0.0,0,0,0,0,0,24.5,130,0,0,0,0,0,0,0,4.0
19604,72,female,Hill,2,secondary,1,0,0.0,0,0,1,0,0,27.8,129,0,0,0,0,0,0,0,7.3
60024,45,male,Doll,5,secondary,0,0,0.0,0,0,0,0,0,24.4,116,0,0,0,0,0,0,1,7.8
12041,24,male,Nightingale,2,secondary,0,0,0.0,0,0,0,1,0,18.8,104,0,0,0,0,0,1,0,5.7
79031,47,female,Rose,3,secondary,0,1,14.4,0,0,1,0,0,30.2,122,0,0,0,0,0,0,0,4.4
61073,51,male,Doll,5,tertiary,1,0,0.0,0,0,1,1,0,27.3,114,0,0,0,0,0,0,0,6.2
81159,34,female,Snow,2,primary,1,1,3.4,0,1,0,0,1,25.9,127,0,0,0,0,0,1,1,6.0
67877,32,male,Doll,5,secondary,0,0,0.0,0,0,1,1,0,20.0,121,0,0,0,0,0,1,1,9.7
18934,27,female,Nightingale,4,secondary,1,0,0.0,0,0,0,1,0,27.2,116,0,0,0,0,0,0,0,8.0
94132,22,female,Nightingale,4,secondary,1,0,0.0,0,0,1,0,0,27.9,90,1,0,0,0,0,0,0,6.2
39495,58,female,Snow,4,secondary,1,0,0.0,1,0,0,0,0,31.9,115,0,0,0,0,0,0,0,6.2
11584,69,male,Hill,2,secondary,0,1,20.7,0,0,1,0,1,29.7,120,0,0,0,0,0,0,0,5.7
31114,27,female,Nightingale,3,secondary,0,1,2.3,1,0,1,0,0,30.8,116,0,0,0,0,0,0,0,8.2
64205,42,male,Hill,3,tertiary,1,0,0.0,0,0,0,0,0,21.9,107,0,0,0,0,0,0,0,7.9
85937,36,male,Hill,4,secondary,1,0,0.0,0,0,1,0,0,24.2,106,0,0,0,0,0,0,0,6.4
13943,46,female,Nightingale,5,secondary,1,0,0.0,1,0,0,0,0,28.1,120,0,0,0,0,0,0,0,9.7
54991,45,female,Doll,2,secondary,1,0,0.0,0,0,0,1,0,22.8,120,0,0,0,0,0,1,1,7.6
87708,48,female,Snow,4,secondary,1,0,0.0,1,0,1,0,0,27.2,121,0,0,0,0,1,0,1,9.7
37583,77,female,Doll,4,secondary,0,0,0.0,0,0,0,0,0,22.8,112,0,0,0,0,0,1,0,4.8
75654,21,male,Snow,4,primary,0,0,0.0,1,0,1,1,0,29.4,115,0,0,0,0,0,0,0,8.3
41313,22,male,Nightingale,2,primary,1,0,0.0,0,1,0,0,0,21.5,101,0,0,0,0,0,0,0,8.5
33789,42,male,Snow,3,tertiary,0,0,0.0,1,0,0,0,1,28.6,100,1,0,0,0,0,0,0,4.7
42216,78,male,Nightingale,4,secondary,0,1,30.6,0,1,1,0,1,31.6,137,0,0,0,0,1,0,1,8.0
71755,32,female,Snow,4,tertiary,1,0,0.0,0,1,1,0,0,26.0,98,0,0,0,0,0,1,0,6.1
76437,18,male,Hill,2,secondary,0,0,0.0,0,0,0,0,0,23.7,97,0,0,0,0,0,0,0,8.0
74005,72,male,Doll,4,secondary,0,0,0.0,0,0,0,0,0,25.9,125,0,0,0,0,0,0,0,5.7
38322,21,female,Nightingale,1,secondary,0,1,0.7,0,1,1,1,0,30.0,117,0,0,0,0,0,0,0,6.1
92377,19,female,Snow,4,tertiary,0,0,0.0,0,0,0,0,0,20.9,96,0,0,0,0,0,1,0,6.2
30466,36,male,Doll,2,secondary,1,0,0.0,0,1,1,1,0,31.2,116,1,0,0,0,0,0,0,5.8
82008,71,male,Snow,2,primary,1,1,20.8,1,1,0,0,1,30.7,110,0,0,0,0,0,0,0,5.2
49491,76,male,Snow,1,secondary,1,0,0.0,1,1,0,0,0,22.6,139,0,0,0,0,0,0,0,6.9
34887,47,female,Nightingale,3,primary,1,0,0.0,1,0,1,0,1,29.4,114,0,0,0,0,0,0,0,7.1
46918,60,female,Hill,2,tertiary,0,1,19.7,1,0,0,0,0,26.0,114,0,1,0,0,0,0,0,8.5
20586,29,male,Nightingale,5,tertiary,1,1,4.8,1,0,0,1,0,24.2,107,1,0,0,0,0,1,1,6.1
66306,34,female,Doll,5,tertiary,1,0,0.0,0,0,0,0,0,25.2,101,0,0,0,0,0,0,0,9.6
18124,35,male,Hill,4,secondary,1,0,0.0,0,0,1,1,0,25.2,109,1,0,1,0,0,1,1,6.2
16717,66,female,Rose,5,tertiary,0,0,0.0,0,0,0,0,1,26.4,137,0,0,0,0,0,0,0,4.3
19728,39,male,Rose,5,secondary,1,1,6.3,0,0,1,1,0,31.1,119,1,0,0,0,0,0,1,8.1
80320,53,female,Hill,3,secondary,0,0,0.0,1,0,1,0,0,31.2,120,0,0,0,0,0,0,0,7.3
54867,51,male,Hill,1,secondary,1,0,0.0,1,0,0,1,0,25.2,128,0,0,0,0,0,0,0,7.5
94913,27,female,Nightingale,2,primary,0,1,3.9,0,0,1,0,0,22.8,103,0,1,1,0,0,0,1,7.3
67358,19,female,Doll,3,secondary,1,0,0.0,1,0,0,1,1,25.5,108,0,0,0,0,0,0,0,9.5
57416,51,male,Snow,1,secondary,0,1,10.3,0,0,1,0,1,32.5,120,0,0,0,0,0,0,0,6.2
66823,42,male,Hill,1,primary,0,1,11.8,0,0,1,0,0,31.2,129,0,0,0,1,1,0,0,6.1
78002,25,male,Doll,5,tertiary,1,0,0.0,0,0,1,0,1,27.2,100,0,0,1,0,1,0,1,6.5
22275,31,female,Doll,2,secondary,0,0,0.0,0,0,0,0,0,26.6,117,0,0,0,0,0,0,0,5.4
20389,76,male,Doll,2,secondary,1,0,0.0,0,0,0,0,1,30.3,134,0,0,0,0,0,0,0,6.2
35504,21,male,Rose,5,tertiary,0,0,0.0,0,0,0,1,1,26.7,117,0,0,0,0,0,1,0,6.7
70615,64,female,Rose,2,secondary,0,0,0.0,1,0,1,0,0,33.1,133,0,1,0,0,0,0,0,9.9
13577,37,male,Doll,5,secondary,1,0,0.0,0,1,1,1,0,32.6,103,0,0,0,0,0,0,0,8.6
42433,62,female,Rose,3,secondary,1,0,0.0,1,1,1,0,0,33.0,129,0,0,0,0,0,0,0,8.5
13242,41,male,Snow,3,tertiary,0,0,0.0,0,0,0,0,1,22.3,112,0,0,0,0,0,0,0,5.8
39470,22,male,Hill,3,secondary,1,0,0.0,0,1,0,1,0,25.9,104,0,0,0,0,0,0,1,8.8
49847,67,male,Rose,5,secondary,1,0,0.0,0,1,0,0,0,25.9,117,0,0,0,0,0,0,0,7.0
11469,69,male,Doll,4,tertiary,1,1,10.2,1,0,0,0,0,25.8,135,0,1,0,0,0,0,1,5.8
34604,39,male,Snow,2,secondary,0,0,0.0,0,1,1,1,0,30.2,103,0,0,0,0,1,0,1,6.3
49116,28,male,Snow,4,tertiary,0,0,0.0,0,1,0,0,1,26.2,90,0,0,0,0,0,1,0,7.5
50702,31,female,Rose,5,tertiary,1,0,0.0,0,1,0,1,0,27.2,101,0,0,0,0,0,0,0,7.9
75136,56,female,Rose,2,secondary,0,1,6.7,1,0,0,1,0,28.3,114,0,0,0,0,1,0,0,4.7
81362,71,male,Hill,2,primary,0,0,0.0,1,1,1,0,0,33.4,151,0,0,0,0,1,1,1,5.2
76358,76,male,Rose,4,tertiary,1,0,0.0,0,0,0,0,1,28.0,133,0,0,0,0,0,0,0,4.7
38829,28,male,Rose,5,tertiary,1,0,0.0,1,0,0,1,0,24.8,115,0,0,0,0,0,0,1,8.0
32314,44,male,Nightingale,4,tertiary,0,0,0.0,0,0,1,0,1,26.9,113,1,0,0,0,0,0,0,5.0
45765,68,female,Doll,4,primary,1,0,0.0,1,0,1,0,0,32.6,116,0,0,0,0,0,0,0,7.9
40722,39,male,Snow,3,secondary,0,1,9.6,1,0,1,0,0,28.1,92,0,0,0,0,0,0,1,7.7
25767,64,male,Snow,1,primary,0,0,0.0,1,0,1,0,0,23.9,131,0,0,0,0,0,1,0,7.4
90635,62,female,Doll,5,secondary,1,0,0.0,1,1,1,0,0,29.8,123,0,0,0,0,0,0,1,5.7
84850,68,male,Hill,3,tertiary,1,1,13.4,0,0,1,0,0,27.9,117,0,0,0,0,0,0,0,7.4
94161,61,female,Snow,3,tertiary,1,0,0.0,1,0,0,0,0,30.8,127,0,0,0,0,0,0,1,8.6
89350,55,female,Snow,3,primary,1,0,0.0,1,1,1,0,0,34.6,127,0,0,0,0,0,0,0,6.9
80713,69,male,Rose,4,tertiary,1,0,0.0,0,0,1,0,1,28.5,129,0,0,0,0,0,0,1,10.0
53231,30,female,Snow,4,tertiary,0,0,0.0,0,0,1,0,0,24.4,99,1,0,0,0,0,0,1,8.5
41612,37,female,Nightingale,4,tertiary,0,1,4.7,0,0,1,1,1,32.1,111,1,0,0,0,0,0,0,4.6
98692,74,male,Nightingale,4,secondary,0,0,0.0,0,0,1,0,0,19.2,122,0,0,0,0,0,0,0,9.5
89137,61,male,Rose,4,tertiary,1,0,0.0,1,0,0,0,0,20.0,124,1,0,0,0,0,0,0,7.3
85349,71,female,Hill,3,secondary,1,1,13.6,0,0,0,0,0,27.3,141,0,0,1,0,0,0,1,6.0
89044,29,male,Hill,4,secondary,1,0,0.0,1,0,0,1,0,22.7,116,0,0,0,0,0,0,0,4.6
10142,74,male,Snow,3,secondary,1,0,0.0,0,0,0,0,1,35.0,134,0,0,0,0,1,0,1,4.1
11522,60,female,Rose,5,primary,1,0,0.0,1,0,0,0,1,22.4,122,0,0,0,0,1,0,0,5.1
70042,22,male,Rose,2,primary,0,0,0.0,0,1,0,1,0,31.8,110,1,0,0,0,0,0,0,7.0
39934,73,male,Snow,4,tertiary,0,1,17.9,0,1,1,0,0,29.6,142,0,1,0,0,1,0,1,8.7
51857,77,female,Doll,5,secondary,1,1,21.5,1,0,0,0,0,30.8,134,0,0,1,1,0,0,1,6.3
68711,43,female,Snow,2,secondary,1,0,0.0,1,1,1,0,0,33.9,104,0,0,0,0,0,0,0,5.6
21554,58,female,Snow,2,tertiary,1,1,16.0,0,1,1,0,0,26.2,116,0,0,0,1,0,0,0,6.2
68944,26,female,Nightingale,3,secondary,1,0,0.0,1,1,0,1,1,29.2,109,0,0,0,0,0,0,1,8.7
15249,25,female,Snow,4,tertiary,0,0,0.0,0,1,0,0,0,31.8,107,0,0,0,0,0,0,0,4.6
14701,31,female,Nightingale,4,secondary,1,0,0.0,0,0,0,1,0,25.2,115,0,0,0,0,0,0,1,7.0
58581,51,female,Doll,3,tertiary,1,1,6.8,0,0,1,0,0,31.1,122,0,0,0,0,0,0,0,6.9
64713,51,male,Snow,2,secondary,0,1,13.6,1,1,0,0,1,31.1,118,0,1,0,1,0,0,0,8.1
38820,66,female,Hill,3,secondary,0,0,0.0,1,0,1,0,1,32.5,133,0,0,0,0,0,0,1,4.4
46650,44,female,Nightingale,4,secondary,0,0,0.0,0,1,1,0,0,31.8,108,0,0,0,0,0,0,0,5.2
83241,26,female,Rose,3,primary,0,0,0.0,1,0,0,0,1,26.3,123,0,0,1,0,0,0,1,7.0
88943,77,female,Nightingale,1,secondary,0,0,0.0,0,1,1,0,0,29.3,147,0,0,0,0,1,1,1,8.9
10033,29,male,Snow,2,secondary,0,0,0.0,0,0,1,1,1,29.6,110,0,0,0,0,0,0,0,7.6
54339,70,female,Snow,2,primary,0,0,0.0,1,1,0,0,0,37.4,141,0,0,0,0,0,0,0,7.8
51807,24,male,Rose,5,tertiary,1,1,3.0,0,0,0,1,0,16.5,105,0,0,0,0,0,0,0,9.0
85987,57,male,Doll,5,tertiary,1,0,0.0,1,0,0,0,0,19.2,99,0,0,0,0,0,0,1,6.0
46460,41,female,Rose,5,tertiary,1,1,7.0,0,1,0,0,0,25.4,109,0,0,0,0,0,0,0,8.0
95955,49,male,Hill,1,tertiary,1,0,0.0,1,0,1,1,0,30.6,135,0,0,0,0,0,1,0,8.4
65501,75,male,Doll,5,tertiary,1,0,0.0,0,0,0,0,0,23.4,119,0,0,0,0,0,1,0,5.5
66386,38,female,Doll,2,secondary,1,0,0.0,1,0,1,0,1,27.8,106,0,0,0,0,0,0,0,6.4
78006,33,female,Nightingale,5,tertiary,1,1,6.6,0,0,1,0,1,28.2,108,0,0,0,0,0,1,1,9.1
52800,66,female,Nightingale,4,secondary,1,0,0.0,1,0,0,0,0,24.4,123,1,0,0,0,0,0,1,5.4
11063,59,female,Doll,5,tertiary,1,0,0.0,0,0,0,1,0,29.4,129,0,0,0,0,0,0,1,10.0
13077,75,female,Nightingale,3,secondary,0,0,0.0,0,0,1,1,0,34.1,138,0,0,0,0,0,0,0,4.5
97530,76,male,Snow,2,secondary,0,0,0.0,1,0,1,0,1,30.5,129,1,1,0,0,0,0,1,4.1
73865,25,male,Snow,2,secondary,0,1,1.7,0,0,0,0,0,22.5,106,0,0,0,0,0,0,0,4.6
26018,65,female,Snow,2,secondary,1,1,18.0,0,0,1,0,1,27.8,126,0,0,0,0,0,0,1,7.5
36324,33,female,Snow,3,tertiary,0,0,0.0,0,0,0,1,1,21.6,108,0,0,0,0,0,0,0,4.5
99922,33,female,Snow,3,secondary,0,0,0.0,1,0,0,0,0,23.4,110,0,0,0,0,0,0,0,9.2
80892,76,female,Snow,3,secondary,1,0,0.0,1,1,1,0,0,32.0,124,0,0,0,0,0,0,0,7.9
78333,66,male,Nightingale,2,tertiary,0,0,0.0,0,1,1,0,0,33.2,116,0,0,0,0,0,0,0,4.6
72877,26,male,Rose,3,secondary,1,0,0.0,0,0,0,0,1,33.5,120,0,0,0,0,0,0,0,9.1
41636,55,male,Doll,3,primary,1,0,0.0,1,0,0,0,1,26.3,134,0,0,0,0,0,0,0,6.0
96491,65,female,Doll,3,secondary,0,1,17.0,0,0,0,0,0,27.2,141,0,0,0,0,0,0,0,7.8
55659,56,male,Snow,2,secondary,1,0,0.0,0,0,1,0,0,33.8,115,1,0,0,0,0,1,0,4.7
92165,50,male,Rose,4,secondary,1,1,7.2,0,0,0,1,0,26.1,118,0,0,1,0,0,0,0,4.8
19034,38,male,Doll,3,secondary,1,0,0.0,0,0,0,0,1,23.6,102,0,0,1,0,0,0,1,8.6
64214,40,female,Snow,4,secondary,1,0,0.0,0,0,0,0,0,22.0,109,1,0,0,0,0,0,1,8.6
75492,55,male,Snow,1,secondary,0,0,0.0,0,0,1,0,0,29.0,125,0,0,0,0,1,0,1,5.1
76727,37,male,Snow,1,secondary,1,0,0.0,0,0,0,1,0,24.1,112,0,0,0,0,1,0,1,4.9
89354,35,male,Doll,2,primary,1,0,0.0,0,1,0,1,1,29.2,90,0,0,0,0,0,0,0,7.3
27176,53,male,Snow,4,secondary,0,1,16.9,0,0,0,0,0,30.0,128,0,0,0,0,0,0,0,7.2
76433,34,male,Snow,4,tertiary,1,0,0.0,1,0,1,0,0,28.0,105,1,0,0,0,0,0,0,4.5
59351,71,female,Snow,2,secondary,0,1,15.4,1,1,0,0,0,27.0,130,0,0,0,0,0,1,0,7.0
57367,20,male,Doll,3,secondary,0,1,1.0,0,0,0,1,0,23.2,110,0,0,0,0,0,0,0,8.6
50500,32,male,Rose,5,primary,1,1,4.2,1,0,0,0,0,28.1,118,0,0,0,0,0,0,0,5.1
12402,59,female,Hill,3,secondary,0,1,20.3,1,0,1,0,0,34.2,120,0,1,0,0,0,0,0,9.8
79623,43,male,Nightingale,2,secondary,1,1,10.4,0,1,1,1,1,28.8,124,1,1,0,0,0,0,1,7.7
98526,73,female,Hill,3,secondary,1,0,0.0,0,0,0,0,0,30.6,138,1,0,0,0,0,0,1,7.4
53789,42,male,Nightingale,5,tertiary,1,0,0.0,0,0,0,0,0,23.2,118,0,0,0,0,0,0,1,8.3
54956,29,female,Doll,4,tertiary,0,0,0.0,1,1,1,0,0,27.6,96,0,0,0,0,0,0,0,5.3
19128,35,female,Hill,3,secondary,0,0,0.0,1,0,0,0,0,25.5,95,0,0,0,0,0,0,0,4.8
43098,45,male,Snow,4,tertiary,1,0,0.0,0,0,0,0,1,26.9,115,0,0,0,0,0,0,0,7.0
44243,77,male,Hill,2,secondary,0,1,19.8,1,0,0,0,0,32.3,132,1,0,0,1,0,0,1,9.0
80114,43,female,Nightingale,2,secondary,0,1,11.1,1,0,0,0,0,26.6,113,0,0,0,0,0,0,0,5.2
33861,26,female,Hill,4,secondary,1,0,0.0,0,0,1,0,0,27.5,95,0,0,0,0,1,1,1,7.1
68524,40,female,Snow,3,secondary,0,0,0.0,0,0,0,0,1,30.1,114,0,0,0,0,0,0,0,7.3
63078,62,female,Nightingale,5,tertiary,1,0,0.0,1,1,1,0,0,28.6,116,0,0,0,0,0,0,0,5.2
41391,79,male,Doll,5,tertiary,1,0,0.0,1,0,0,0,0,34.0,131,1,0,0,0,0,0,0,7.5
70152,59,male,Doll,3,tertiary,1,0,0.0,1,0,1,1,0,30.4,126,1,0,0,0,0,0,1,7.5
37769,46,female,Hill,4,tertiary,1,1,8.2,1,0,0,0,0,27.4,118,0,0,0,0,0,0,0,4.7
13457,35,male,Doll,3,secondary,1,0,0.0,0,0,0,0,0,20.8,131,0,0,0,0,0,0,0,8.6
78090,79,male,Hill,4,secondary,1,1,14.0,0,0,1,0,0,30.0,148,0,1,0,0,0,0,1,5.8
35698,73,male,Nightingale,5,tertiary,1,0,0.0,0,0,1,0,0,29.3,129,0,0,0,0,0,1,0,4.3
27567,79,female,Doll,3,primary,1,0,0.0,1,0,0,0,1,29.9,138,0,0,0,0,0,0,1,9.2
84171,56,male,Snow,4,secondary,1,0,0.0,1,0,1,1,0,28.3,123,0,0,0,0,0,0,0,9.0
77871,35,male,Hill,3,secondary,0,0,0.0,1,1,0,0,1,30.8,96,0,0,0,0,0,1,0,7.5
58681,54,male,Hill,4,tertiary,0,0,0.0,0,0,0,0,0,27.3,111,0,0,0,0,0,0,0,7.5
41661,59,female,Hill,2,tertiary,0,0,0.0,0,0,1,0,0,31.1,105,0,1,0,0,0,1,1,5.7
34764,41,male,Snow,4,secondary,0,0,0.0,0,1,1,0,0,27.1,112,0,0,0,0,0,0,1,6.7
33590,44,male,Nightingale,1,secondary,1,1,10.1,1,0,0,0,0,25.5,121,0,0,0,1,0,0,1,4.1
60385,29,female,Hill,2,tertiary,1,1,4.4,1,0,0,0,0,28.2,97,0,0,0,1,0,0,1,5.9
96231,61,female,Rose,5,secondary,0,0,0.0,0,0,0,0,0,24.6,101,0,0,0,0,1,0,1,9.2
40189,25,male,Doll,4,tertiary,0,0,0.0,0,0,1,0,0,28.2,100,0,0,0,0,0,0,0,7.1
35782,21,male,Rose,3,secondary,1,1,0.8,0,0,0,0,0,24.1,107,0,0,0,0,0,0,0,5.5
57935,64,male,Nightingale,5,secondary,1,0,0.0,0,0,0,0,0,22.1,125,0,0,1,0,0,1,1,7.8
91080,63,female,Rose,3,secondary,0,0,0.0,1,0,1,0,0,26.2,113,0,0,0,0,0,0,1,5.6
25271,79,female,Rose,2,primary,0,0,0.0,0,1,0,0,1,29.2,140,0,0,0,0,0,0,0,7.9
98879,47,male,Nightingale,4,secondary,1,0,0.0,1,0,0,0,0,28.4,108,0,0,0,0,0,0,0,7.8
19238,53,female,Doll,3,secondary,0,1,17.7,0,0,1,0,0,29.3,127,0,0,0,0,0,0,0,8.5
58925,54,male,Nightingale,5,tertiary,1,0,0.0,0,0,1,1,1,27.2,119,0,0,0,0,0,0,0,4.7
81928,49,female,Doll,3,tertiary,0,1,8.1,0,0,0,0,0,21.2,101,0,0,0,0,0,0,0,6.4
48983,66,male,Snow,2,secondary,0,1,24.0,1,0,1,0,1,35.4,129,0,1,0,0,0,0,1,5.6
93060,24,female,Hill,2,secondary,1,1,2.0,1,1,0,1,1,24.9,125,0,0,0,0,0,0,0,7.5
59791,26,female,Rose,3,secondary,1,0,0.0,1,0,0,1,0,22.3,114,1,0,0,0,0,1,0,4.1
90816,53,female,Snow,3,secondary,1,0,0.0,0,0,0,1,0,23.3,108,0,0,0,0,0,0,0,4.3
98045,24,male,Doll,5,tertiary,0,0,0.0,0,0,1,1,0,25.3,93,0,0,0,0,0,1,0,6.4
26797,65,male,Nightingale,3,secondary,1,0,0.0,0,1,0,0,0,32.3,153,0,0,0,0,0,0,0,7.3
17353,68,female,Rose,4,tertiary,1,1,18.1,0,0,1,0,0,31.6,126,0,0,0,0,1,0,1,7.8
97162,25,male,Nightingale,5,secondary,1,0,0.0,0,0,0,0,0,22.9,122,0,0,0,0,0,0,0,5.6
55171,44,female,Doll,4,tertiary,1,0,0.0,0,0,1,0,0,25.0,105,0,0,0,0,0,0,0,7.4
71771,20,female,Snow,1,secondary,0,0,0.0,0,1,0,1,0,26.4,114,0,0,0,0,0,0,0,7.3
97512,43,female,Doll,3,secondary,1,0,0.0,0,0,0,0,0,20.6,93,0,0,0,0,0,0,1,7.7
50029,54,male,Snow,2,secondary,0,1,7.4,0,0,1,0,0,26.4,131,0,0,0,0,0,0,0,8.6
93884,23,male,Rose,4,secondary,1,0,0.0,0,0,1,0,0,23.1,91,0,0,0,0,0,0,0,5.2
47759,39,male,Snow,3,primary,1,0,0.0,0,0,0,1,0,19.5,104,0,0,0,0,0,0,0,9.2
12805,33,male,Snow,3,secondary,0,1,5.4,0,0,0,1,1,28.2,125,0,0,0,0,0,0,0,8.4
64562,71,male,Nightingale,1,secondary,0,1,14.3,0,0,1,0,0,30.5,139,0,1,0,0,0,0,1,8.8
63285,75,male,Doll,2,secondary,0,0,0.0,0,1,0,0,0,27.5,124,0,1,0,0,0,0,0,4.4
74794,63,female,Hill,4,secondary,0,0,0.0,0,0,1,0,0,26.9,120,1,0,0,0,0,0,0,7.9
84369,31,male,Doll,2,tertiary,0,0,0.0,0,1,0,0,0,32.1,102,0,0,0,0,0,0,0,4.2
32547,22,female,Doll,2,secondary,0,0,0.0,0,1,0,1,0,25.8,109,0,0,0,0,0,0,0,4.4
14319,74,male,Hill,1,secondary,0,0,0.0,1,1,1,0,0,32.5,148,1,1,0,1,0,0,0,6.8
81870,78,male,Doll,5,tertiary,1,0,0.0,0,0,1,0,0,28.5,124,1,0,0,0,0,0,0,4.8
81286,58,female,Nightingale,3,tertiary,1,1,9.7,0,0,1,0,0,31.2,139,0,0,0,0,0,0,0,9.9
71885,53,male,Hill,5,tertiary,1,0,0.0,0,0,0,0,1,20.4,93,0,0,0,0,0,0,0,8.4
99935,34,male,Rose,3,secondary,1,0,0.0,1,0,0,0,0,22.2,114,0,0,0,0,0,0,1,9.8
87278,39,male,Hill,2,secondary,0,1,3.7,1,1,0,0,0,26.2,111,0,0,0,0,0,0,0,7.5
63265,56,female,Snow,1,secondary,1,1,8.2,1,1,0,0,0,28.1,124,1,0,0,0,0,0,0,9.5
90783,63,male,Rose,4,secondary,1,0,0.0,0,1,0,0,0,28.1,120,0,0,0,0,1,0,1,7.3
86176,52,male,Rose,4,tertiary,1,0,0.0,0,0,0,0,0,30.4,112,0,0,0,0,0,0,0,5.6
81791,57,female,Doll,5,secondary,1,0,0.0,1,0,0,0,0,27.0,102,1,0,0,0,0,0,1,8.7
56793,37,female,Rose,5,primary,1,0,0.0,0,0,0,0,0,29.1,102,0,0,0,0,0,0,0,7.7
59701,69,female,Snow,3,secondary,0,0,0.0,0,0,0,0,0,25.3,127,0,0,0,0,0,0,0,5.2
60879,75,female,Doll,3,primary,1,0,0.0,0,0,0,0,1,22.6,120,0,0,0,0,0,0,1,4.5
24317,39,female,Nightingale,3,secondary,0,0,0.0,1,1,0,1,0,25.7,116,0,0,0,0,0,0,0,4.5
96426,77,male,Nightingale,2,primary,0,0,0.0,1,1,1,0,0,33.0,150,0,0,0,0,0,1,0,8.9
10740,72,male,Rose,5,primary,1,0,0.0,0,1,0,1,0,29.6,136,0,0,0,0,0,0,1,7.3
33368,67,male,Doll,2,secondary,1,0,0.0,0,1,1,0,0,32.4,123,0,0,0,0,0,0,1,4.6
19133,26,female,Nightingale,1,secondary,0,0,0.0,1,1,0,1,0,27.4,112,0,0,1,0,0,0,1,9.2
47984,49,male,Rose,3,secondary,0,0,0.0,0,0,1,0,0,33.9,115,0,0,0,0,1,0,0,9.1
85645,32,male,Rose,4,secondary,1,0,0.0,0,0,0,1,0,24.1,110,0,0,0,0,0,0,0,7.4
18594,46,female,Doll,4,tertiary,1,0,0.0,0,0,1,0,1,26.6,117,0,0,1,0,0,0,1,5.9
64142,53,male,Rose,3,secondary,0,0,0.0,1,0,0,0,0,26.0,115,0,0,0,0,0,0,0,9.8
81829,43,female,Snow,4,tertiary,0,0,0.0,0,0,1,0,0,31.2,125,0,0,0,0,1,0,0,6.0
79656,25,male,Hill,2,secondary,0,0,0.0,1,1,0,1,0,25.7,102,0,0,0,0,0,0,0,4.7
21809,52,male,Hill,1,primary,1,0,0.0,1,1,0,0,0,25.9,133,0,0,0,0,0,0,1,6.1
37313,77,female,Rose,5,secondary,1,0,0.0,0,0,1,0,0,30.6,115,0,0,0,0,0,0,0,8.3
35749,22,female,Hill,3,secondary,1,0,0.0,0,0,0,0,0,26.8,106,0,0,0,0,0,0,0,9.2
95769,35,female,Nightingale,4,tertiary,1,1,5.4,1,1,1,1,0,21.2,106,0,0,0,0,0,0,1,4.9
23916,38,female,Hill,3,primary,0,1,5.1,0,0,1,0,0,18.5,108,0,0,1,0,0,0,1,6.7
90588,73,male,Snow,4,secondary,1,0,0.0,0,0,1,0,0,22.8,143,0,0,0,0,0,0,0,6.5
50695,66,male,Hill,2,secondary,1,0,0.0,1,0,0,0,1,25.9,100,1,0,0,0,0,0,0,8.0
50050,23,male,Hill,2,primary,0,1,2.5,1,1,1,1,0,31.8,105,0,1,0,0,0,0,0,4.4
55189,38,male,Doll,3,secondary,0,0,0.0,0,1,0,1,0,30.9,126,0,0,0,0,0,0,0,4.7
75597,60,male,Snow,4,primary,1,0,0.0,1,0,1,0,0,25.5,122,0,0,0,0,0,0,0,6.4
12091,24,male,Doll,4,primary,0,0,0.0,0,0,0,0,0,23.8,109,0,0,0,0,0,0,0,7.2
15906,67,male,Doll,4,secondary,1,1,16.5,0,0,1,0,0,30.9,130,0,0,0,0,0,0,1,8.6
53108,58,female,Doll,2,secondary,1,0,0.0,0,0,1,1,0,23.9,117,0,0,0,0,0,0,1,7.1
36060,40,male,Doll,5,secondary,0,0,0.0,0,0,1,0,0,24.8,120,0,0,0,0,0,0,0,8.8
85374,60,female,Nightingale,4,secondary,0,1,13.7,0,0,0,0,0,26.3,94,0,0,0,0,1,0,1,5.4
13545,76,female,Snow,4,primary,1,0,0.0,0,0,1,0,1,28.4,125,1,0,0,0,0,0,1,7.5
55485,46,male,Rose,5,tertiary,0,0,0.0,0,0,1,0,0,29.2,112,0,0,0,0,1,0,0,8.6
37620,61,male,Nightingale,4,tertiary,1,1,22.3,1,1,1,0,0,26.3,110,0,1,0,1,0,0,1,6.0
37427,30,female,Rose,2,primary,0,1,4.4,0,0,1,1,0,27.9,102,0,0,0,0,0,0,0,7.0
41667,74,male,Rose,2,secondary,0,0,0.0,1,1,0,0,0,31.0,142,0,0,0,0,1,0,0,7.1
88332,22,male,Snow,4,secondary,1,0,0.0,0,0,0,0,0,22.0,104,0,0,0,0,0,0,0,5.7
75389,70,male,Nightingale,2,tertiary,1,1,12.8,0,0,1,1,1,28.5,137,0,1,0,0,1,0,1,7.1
68584,72,female,Hill,2,secondary,0,0,0.0,1,0,1,0,1,31.0,136,0,0,0,0,0,0,0,8.4
82821,51,male,Doll,4,secondary,0,0,0.0,0,0,0,0,0,24.4,127,1,0,0,0,0,0,0,4.7
15813,69,male,Snow,4,tertiary,1,1,21.9,0,1,1,1,1,29.2,134,0,0,0,0,0,0,0,7.2
22219,62,male,Hill,4,secondary,1,0,0.0,0,0,0,0,0,28.4,123,0,0,0,0,1,0,1,5.2
31639,51,male,Hill,4,primary,1,0,0.0,0,0,0,1,0,27.6,124,0,0,0,0,0,1,1,5.0
20103,31,female,Snow,4,secondary,1,0,0.0,1,1,0,0,0,25.4,91,0,0,0,0,0,0,0,8.9
79325,42,male,Nightingale,3,secondary,0,0,0.0,1,0,0,0,1,32.1,104,0,1,0,0,0,0,0,6.8
68399,21,male,Nightingale,4,secondary,1,1,0.6,1,0,0,1,0,23.4,104,0,0,0,0,0,0,0,4.1
95354,65,female,Rose,5,tertiary,1,0,0.0,0,0,0,0,0,21.7,114,0,0,0,0,0,0,0,4.6
28908,40,female,Nightingale,2,primary,0,0,0.0,0,1,1,1,0,21.3,94,0,1,0,0,0,0,0,7.9
96664,53,female,Hill,3,secondary,0,0,0.0,0,0,0,0,1,34.3,134,0,0,0,0,1,0,0,5.3
42330,57,female,Nightingale,4,secondary,1,1,7.0,0,0,0,0,0,22.2,132,0,0,1,0,0,0,0,8.7
67360,28,male,Rose,2,primary,0,0,0.0,0,0,1,1,1,23.5,108,1,1,1,0,0,1,1,7.9
31464,72,male,Rose,5,secondary,0,0,0.0,0,1,0,0,0,28.5,127,0,0,0,0,0,0,0,5.7
51168,31,female,Nightingale,2,secondary,0,0,0.0,0,1,0,0,0,33.0,116,0,0,0,0,0,0,0,8.7
27594,68,female,Doll,3,primary,0,1,21.6,0,0,0,0,0,28.6,144,0,0,0,0,0,0,0,4.1
78085,72,male,Snow,2,primary,0,1,14.2,1,1,1,0,1,34.9,156,0,1,0,0,0,1,1,7.7
46581,56,female,Hill,4,tertiary,1,0,0.0,0,0,0,1,0,27.3,114,1,0,0,0,0,0,0,9.7
49274,24,male,Nightingale,1,primary,0,0,0.0,1,0,0,1,1,27.4,112,0,0,0,0,0,1,1,9.1
80940,76,female,Hill,4,secondary,1,1,29.4,1,0,1,1,0,30.0,133,0,0,0,0,1,1,0,8.3
37845,32,male,Rose,3,secondary,0,0,0.0,1,0,1,0,0,31.7,90,0,0,0,0,0,0,0,9.9
67083,62,female,Doll,3,secondary,1,0,0.0,0,0,0,0,0,24.8,134,0,0,0,0,0,0,0,5.5
64841,56,female,Doll,5,tertiary,1,0,0.0,0,1,0,1,0,34.7,122,0,0,0,0,1,0,1,9.3
63422,67,male,Nightingale,5,secondary,1,0,0.0,0,1,0,1,1,21.3,140,0,0,0,0,0,0,0,6.7
39198,79,female,Hill,1,secondary,0,1,31.5,1,1,0,0,0,30.1,152,0,0,0,0,0,0,0,4.6
49529,40,male,Rose,5,secondary,1,0,0.0,0,0,1,1,0,32.2,123,0,0,0,0,1,0,1,5.1
26388,67,male,Snow,3,secondary,1,0,0.0,1,0,1,0,1,34.5,116,0,0,0,0,0,0,0,5.2
34838,76,female,Doll,5,tertiary,1,1,23.9,1,0,1,0,0,28.1,136,1,0,0,0,0,1,1,9.9
32862,59,male,Hill,2,secondary,1,1,9.2,1,1,1,0,0,27.9,119,0,1,0,0,0,0,1,4.6
27880,42,female,Nightingale,2,secondary,0,0,0.0,1,0,1,0,1,34.1,122,0,1,0,0,0,0,1,9.2
32441,57,male,Hill,1,secondary,1,1,19.6,1,0,1,0,1,26.0,135,0,0,0,0,0,0,0,8.8
70055,18,male,Nightingale,4,tertiary,1,0,0.0,1,0,1,0,0,22.8,90,0,1,0,0,0,1,1,6.2
53855,27,male,Snow,1,tertiary,0,0,0.0,1,0,1,1,0,27.5,110,1,1,1,0,0,1,1,8.5
38563,58,female,Nightingale,1,secondary,0,0,0.0,0,1,0,0,0,32.7,144,0,0,0,0,0,0,0,7.7
62734,69,male,Doll,5,tertiary,1,0,0.0,1,0,0,0,0,25.6,132,0,0,0,0,0,0,0,9.6
81459,31,female,Hill,2,secondary,1,1,2.6,1,1,0,0,0,30.0,116,0,0,0,0,0,0,0,5.5
82937,69,male,Rose,4,secondary,0,0,0.0,0,0,0,0,0,27.8,142,1,0,0,0,0,0,0,6.2
34837,74,male,Hill,1,secondary,0,0,0.0,1,0,1,0,0,30.5,124,0,0,0,0,0,0,0,6.4
96254,31,male,Doll,5,tertiary,1,0,0.0,0,0,0,0,0,21.9,94,0,0,0,0,0,1,0,6.2
86621,19,female,Snow,2,secondary,1,0,0.0,1,0,0,0,0,29.2,98,0,0,0,0,0,0,0,6.9
80100,47,female,Rose,4,secondary,1,0,0.0,0,0,0,0,1,24.3,112,1,0,0,0,0,0,0,7.8
28256,57,female,Hill,5,secondary,1,1,17.9,1,0,1,0,0,28.7,114,1,0,0,1,0,0,1,6.3
98699,57,female,Hill,1,primary,1,1,13.6,0,0,0,0,0,26.2,128,0,0,0,0,0,0,1,7.5
72673,74,male,Nightingale,3,tertiary,0,0,0.0,1,1,1,0,0,27.5,142,0,0,0,0,0,0,0,5.7
34284,59,female,Snow,3,secondary,1,0,0.0,0,0,0,0,0,27.8,130,0,0,0,0,0,0,0,10.0
22689,27,male,Nightingale,3,secondary,1,0,0.0,0,0,0,0,1,26.0,95,0,0,0,0,0,0,0,4.9
63834,50,female,Snow,3,primary,1,1,13.9,0,1,0,0,0,28.9,123,0,0,0,0,0,1,0,8.1
16227,44,male,Hill,4,secondary,1,1,11.4,0,1,0,0,1,31.0,122,0,0,0,0,0,0,0,8.0
82723,27,male,Doll,2,tertiary,0,1,4.0,0,0,1,1,0,29.3,103,0,0,0,0,0,1,0,4.9
65072,49,male,Hill,4,secondary,0,0,0.0,1,0,1,0,0,29.1,117,0,0,0,0,0,0,0,4.8
86090,32,male,Doll,5,primary,1,1,5.6,0,1,0,0,1,22.0,111,0,0,1,0,0,0,1,7.3
83900,33,male,Hill,1,tertiary,1,0,0.0,1,0,1,1,1,27.4,110,0,0,0,0,1,0,0,6.4
94631,29,male,Nightingale,1,primary,0,1,2.8,0,1,1,0,1,25.8,99,0,0,0,0,0,0,0,8.6
61950,53,female,Snow,3,secondary,0,0,0.0,1,0,1,1,0,33.4,121,0,0,0,0,0,0,0,8.1
79409,65,male,Rose,2,secondary,0,1,15.8,1,0,1,1,0,31.7,122,0,1,0,0,0,0,0,4.0
43038,54,female,Nightingale,3,secondary,1,0,0.0,0,1,0,0,1,27.4,122,0,0,0,0,0,0,0,4.7
22826,19,male,Nightingale,3,primary,1,0,0.0,0,0,0,1,0,27.2,114,0,0,0,0,0,0,0,6.9
93547,38,female,Nightingale,4,secondary,1,0,0.0,0,0,0,0,0,31.3,102,0,0,1,0,0,0,0,5.5
20096,77,male,Snow,3,secondary,1,1,30.3,1,0,1,0,1,29.8,137,0,1,0,1,0,0,1,6.5
66265,23,male,Nightingale,3,secondary,1,0,0.0,1,0,1,1,0,28.6,105,0,0,0,0,0,0,0,5.5
66231,38,male,Hill,4,primary,1,1,3.7,1,0,0,0,0,25.1,119,0,0,0,1,0,0,1,8.5
65901,38,male,Hill,3,secondary,0,0,0.0,1,0,0,1,0,28.3,109,0,0,0,0,0,0,0,5.1
10478,51,male,Doll,3,secondary,0,0,0.0,0,0,0,1,0,29.4,128,0,0,0,0,0,0,0,5.0
63043,27,female,Rose,3,secondary,1,0,0.0,1,0,1,1,0,30.1,116,0,1,0,0,0,0,1,6.5
46961,45,female,Doll,3,tertiary,0,0,0.0,1,1,0,1,0,25.4,115,0,0,0,0,0,0,0,6.4
55572,48,female,Rose,3,secondary,1,1,15.4,0,0,1,0,0,25.3,123,0,0,0,0,0,0,0,5.2
25413,29,female,Snow,4,secondary,1,0,0.0,0,0,0,0,0,23.3,104,0,0,0,0,0,0,1,4.4
80153,53,male,Doll,5,tertiary,1,0,0.0,0,0,0,0,0,32.5,120,0,1,0,0,0,0,1,5.2
32227,79,female,Doll,4,secondary,1,0,0.0,0,0,1,0,0,27.8,124,0,0,0,0,0,0,0,8.2
83750,35,female,Snow,4,secondary,1,0,0.0,1,0,0,1,0,24.5,110,0,1,0,0,0,0,1,7.8
68737,34,female,Rose,5,tertiary,0,0,0.0,0,1,1,0,0,28.5,123,0,0,0,0,0,0,0,6.9
38830,60,male,Rose,5,tertiary,1,0,0.0,1,1,0,0,1,27.9,121,1,0,0,0,0,1,0,4.4
63155,77,female,Doll,4,primary,0,0,0.0,0,0,1,0,1,29.2,140,0,0,0,0,0,0,0,5.5
49151,38,female,Rose,3,tertiary,1,0,0.0,1,0,0,0,0,32.3,115,0,0,0,0,0,0,0,7.2
11662,56,female,Snow,3,primary,1,0,0.0,1,0,1,0,0,26.7,120,0,0,0,0,0,0,1,9.5
79708,63,female,Doll,2,secondary,1,1,10.1,0,0,0,0,0,24.9,120,1,0,0,0,0,1,1,5.5
53653,42,male,Hill,4,tertiary,0,0,0.0,0,1,0,0,0,31.7,122,0,0,0,0,0,0,0,6.2
76468,18,male,Doll,2,tertiary,1,1,0.0,0,1,0,0,0,27.4,99,0,0,1,0,0,0,1,8.1
22570,39,male,Doll,3,secondary,0,0,0.0,0,0,0,1,0,20.8,122,0,0,0,0,0,0,1,4.6
96587,30,male,Hill,2,secondary,0,0,0.0,1,1,0,1,0,22.1,109,0,1,0,0,0,0,0,6.7
22951,44,female,Snow,1,secondary,0,0,0.0,1,1,0,0,1,25.7,119,0,0,0,0,0,0,0,5.4
70835,70,female,Doll,5,tertiary,0,1,9.6,0,0,0,0,0,29.7,138,0,1,0,0,0,0,1,6.8
87027,51,female,Rose,3,tertiary,0,0,0.0,0,0,0,0,0,26.7,122,0,0,0,0,0,0,1,5.9
53173,40,male,Snow,2,secondary,0,0,0.0,1,0,1,0,0,30.0,115,1,0,0,0,0,0,1,8.4
95601,71,female,Rose,4,tertiary,1,0,0.0,1,1,1,0,0,32.5,120,0,0,0,0,1,0,1,6.2
65637,35,male,Rose,4,secondary,1,0,0.0,0,0,1,0,0,29.6,126,0,0,0,0,0,0,0,9.0
75775,74,female,Hill,2,secondary,0,0,0.0,1,1,1,0,0,31.1,126,0,0,0,0,1,0,1,7.1
46541,30,female,Rose,5,tertiary,0,0,0.0,1,0,0,0,0,22.5,98,1,0,0,0,0,0,1,6.4
42494,24,female,Nightingale,2,primary,0,1,1.7,0,0,1,0,0,35.4,105,0,0,1,0,0,0,1,5.2
69035,50,male,Nightingale,2,secondary,0,1,7.8,1,0,1,0,0,30.1,117,0,0,0,0,0,0,0,7.6
82800,39,male,Snow,3,secondary,0,0,0.0,1,1,1,1,1,28.9,111,1,0,0,0,0,0,0,7.8
89235,20,male,Rose,5,secondary,1,0,0.0,1,1,0,1,0,26.7,108,0,0,0,0,0,0,1,9.6
34528,38,female,Nightingale,2,secondary,1,0,0.0,0,1,1,0,0,30.2,102,0,0,0,0,0,0,0,5.2
98294,42,male,Rose,3,primary,0,1,9.7,0,1,0,1,0,33.4,129,0,0,0,0,0,0,0,5.9
46377,68,female,Rose,5,tertiary,1,0,0.0,0,0,0,0,0,28.9,123,0,0,0,0,0,0,0,6.1
86678,56,male,Hill,4,tertiary,0,0,0.0,1,1,0,0,0,28.8,116,0,0,0,0,0,0,0,9.7
40037,71,female,Rose,2,secondary,0,0,0.0,1,1,1,0,0,32.6,130,0,0,0,0,1,0,1,6.5
14621,24,female,Doll,5,secondary,1,0,0.0,0,0,0,1,1,28.6,117,0,0,1,0,0,0,1,5.1
13561,33,male,Doll,3,secondary,0,0,0.0,0,0,0,1,0,24.1,121,0,0,0,0,0,0,0,8.8
94264,61,male,Hill,1,secondary,0,0,0.0,1,1,0,0,0,31.0,116,0,0,0,0,0,0,1,6.9
27960,73,female,Nightingale,4,tertiary,0,1,18.4,1,1,1,0,1,28.5,141,0,0,0,0,0,0,0,6.5
87656,63,female,Hill,5,tertiary,1,0,0.0,1,0,1,0,0,32.7,130,0,0,0,0,0,0,0,6.6
18540,26,male,Snow,4,secondary,1,0,0.0,1,0,1,0,1,30.5,106,0,0,0,0,0,0,0,6.1
54035,70,female,Nightingale,3,secondary,1,1,11.5,1,0,1,0,0,31.1,113,1,0,0,0,0,0,0,6.5
49253,61,female,Doll,4,secondary,1,0,0.0,0,0,0,0,0,26.1,125,1,0,0,0,0,0,0,9.9
40236,41,male,Hill,5,tertiary,1,0,0.0,1,1,0,0,0,22.8,108,0,0,0,0,0,0,0,5.8
36801,63,female,Rose,3,secondary,0,0,0.0,0,0,0,0,0,21.7,118,0,0,0,0,0,0,0,7.1
66565,57,female,Hill,3,secondary,1,0,0.0,1,0,0,0,0,31.0,119,0,0,0,0,0,0,0,8.7
83951,47,male,Doll,3,secondary,1,0,0.0,0,0,0,0,0,32.3,121,0,1,0,0,0,0,1,9.6
79248,67,male,Nightingale,5,tertiary,1,0,0.0,0,0,0,0,1,33.3,136,0,0,0,0,0,0,1,9.2
84784,61,male,Doll,5,secondary,1,1,10.6,1,0,0,0,0,24.6,128,0,0,0,0,0,0,0,9.3
35830,78,male,Snow,4,secondary,0,0,0.0,1,1,1,1,1,33.3,130,0,0,0,0,1,0,1,7.0
88487,43,female,Nightingale,1,primary,0,0,0.0,1,1,1,0,1,25.7,116,0,0,1,0,0,0,0,7.7
61814,67,female,Rose,2,secondary,0,0,0.0,1,0,1,1,1,29.3,143,0,0,1,0,0,1,0,9.7
31650,65,female,Snow,4,primary,1,0,0.0,0,0,0,0,0,28.1,130,0,0,0,0,0,0,1,6.5
86388,18,female,Hill,3,primary,1,1,0.0,1,1,0,1,1,31.9,126,0,0,0,0,0,0,0,7.2
74172,72,female,Doll,4,tertiary,1,0,0.0,0,1,0,0,0,30.1,128,0,0,0,0,0,0,0,6.5
18564,75,male,Doll,2,secondary,0,0,0.0,0,1,1,0,1,28.4,130,0,0,0,0,0,0,0,9.9
86445,78,male,Nightingale,4,secondary,1,0,0.0,1,0,0,0,0,32.1,137,0,0,0,0,0,0,1,6.1
79908,48,male,Nightingale,3,secondary,0,0,0.0,0,0,1,0,0,24.9,124,0,0,0,0,0,0,0,5.4
72507,41,female,Snow,4,secondary,1,1,5.9,1,0,1,0,0,26.3,114,0,0,0,0,0,0,0,8.5
15533,44,male,Nightingale,1,primary,0,0,0.0,0,0,0,0,1,26.3,109,0,0,0,0,0,0,0,4.7
84459,37,male,Hill,2,secondary,1,0,0.0,1,1,0,0,0,25.1,113,0,0,0,0,0,0,1,9.9
52027,57,female,Doll,4,tertiary,0,1,10.4,0,0,1,0,1,28.6,117,0,0,0,0,0,0,0,8.2
88953,53,female,Doll,2,secondary,0,0,0.0,0,0,0,0,0,20.6,109,0,0,0,0,0,0,0,5.6
84864,50,male,Doll,4,tertiary,1,1,10.0,0,0,1,1,0,27.8,127,0,0,0,0,0,0,1,9.8
49899,51,male,Hill,2,secondary,0,0,0.0,0,0,0,0,0,25.5,108,1,0,0,0,0,0,0,7.0
19472,69,male,Snow,1,secondary,0,1,17.8,1,0,1,1,1,30.3,135,0,1,0,1,0,0,0,5.2
61524,32,male,Snow,4,tertiary,1,0,0.0,0,1,0,0,0,20.6,91,0,0,0,0,0,0,1,6.2
53001,75,female,Nightingale,5,secondary,1,0,0.0,0,0,1,0,0,26.9,118,1,0,0,0,0,0,0,6.3
27694,50,female,Rose,3,secondary,0,0,0.0,0,0,0,0,0,28.3,102,1,0,0,0,0,0,0,4.6
83826,35,male,Nightingale,1,secondary,0,0,0.0,1,0,0,1,1,23.0,108,0,0,0,0,0,0,0,6.5
45534,25,female,Snow,1,primary,1,0,0.0,0,1,0,1,0,31.0,122,0,0,1,0,0,1,1,4.6
78448,73,female,Nightingale,4,tertiary,1,0,0.0,1,0,0,0,0,25.5,123,0,0,0,0,0,0,0,8.7
32426,44,male,Doll,5,tertiary,1,1,9.0,0,0,1,0,0,25.8,111,1,0,0,0,0,0,1,8.7
69106,40,male,Rose,2,secondary,0,1,4.5,0,1,0,0,1,29.9,103,0,0,0,0,0,0,0,6.6
88285,27,male,Doll,2,secondary,1,0,0.0,1,0,0,1,1,21.4,105,0,0,0,0,0,0,0,6.4
43557,36,male,Nightingale,3,tertiary,1,1,5.1,0,0,0,1,0,28.1,121,0,0,0,0,0,1,0,6.7
83293,23,male,Rose,4,secondary,1,0,0.0,0,1,0,1,0,24.3,117,0,0,1,0,0,0,1,6.4
62217,77,female,Rose,4,secondary,0,0,0.0,0,0,1,0,0,25.5,121,1,0,0,0,0,0,1,4.0
99473,27,female,Doll,5,primary,1,0,0.0,0,1,0,0,0,21.6,112,0,0,0,0,0,0,0,9.3
52966,35,female,Rose,5,tertiary,1,0,0.0,0,1,0,0,1,26.4,110,0,0,0,0,0,0,0,7.2
95065,33,male,Doll,2,secondary,0,0,0.0,1,1,0,1,0,32.4,104,0,0,0,0,0,0,0,5.1
51839,31,male,Nightingale,3,tertiary,0,0,0.0,0,0,0,0,0,25.1,107,0,0,0,0,0,0,0,6.3
34269,78,female,Rose,5,tertiary,0,0,0.0,1,0,0,1,0,32.8,138,0,0,0,0,0,1,0,8.6
73323,65,female,Doll,3,secondary,1,0,0.0,0,1,0,0,1,33.0,126,0,0,0,0,0,0,1,9.7
62891,68,male,Nightingale,4,secondary,1,0,0.0,1,0,1,0,0,28.7,115,0,0,0,0,1,0,1,10.0
44810,52,male,Nightingale,2,secondary,0,0,0.0,1,1,1,0,0,28.9,101,0,0,0,0,0,0,0,9.7
59539,63,female,Doll,5,tertiary,1,0,0.0,0,0,1,0,0,31.4,124,0,0,0,0,0,0,0,8.1
64284,58,female,Doll,3,secondary,1,0,0.0,0,0,0,0,0,29.1,133,0,0,0,0,0,0,1,8.8
33878,67,male,Rose,4,secondary,1,1,13.0,0,0,1,0,1,25.2,130,0,0,1,0,0,0,1,9.5
94093,78,female,Rose,4,tertiary,1,1,27.2,0,0,1,0,0,31.6,138,0,1,0,0,1,0,1,6.3
69295,29,male,Snow,4,secondary,0,1,2.7,0,0,1,1,0,24.2,90,0,0,0,0,0,0,0,7.1
40523,73,female,Rose,3,secondary,1,0,0.0,1,1,0,0,0,23.5,126,0,0,0,0,0,0,0,8.2
75877,23,female,Snow,1,secondary,0,0,0.0,1,0,1,0,0,27.0,100,0,0,0,0,0,0,0,7.8
78443,23,male,Hill,4,secondary,1,0,0.0,1,0,1,1,0,22.4,111,0,0,0,0,0,0,1,7.7
46800,65,female,Doll,3,primary,0,0,0.0,0,1,1,0,1,30.9,126,0,0,0,1,0,0,1,5.5
56172,57,female,Hill,3,secondary,1,0,0.0,0,1,0,1,0,34.2,136,0,0,0,0,0,0,0,8.3
86713,43,female,Hill,1,primary,1,0,0.0,1,0,1,0,0,31.5,130,0,0,0,0,0,0,0,6.9
20495,67,male,Nightingale,2,secondary,0,1,10.9,0,0,0,0,1,27.8,128,0,0,1,0,0,1,0,6.1
70865,49,female,Hill,4,secondary,1,0,0.0,0,1,0,0,0,27.5,123,0,0,0,0,0,0,0,8.3
31063,21,male,Snow,2,tertiary,0,1,1.1,1,1,1,0,1,27.2,96,0,0,1,0,0,0,0,9.0
76999,57,female,Doll,2,tertiary,1,0,0.0,0,0,1,0,0,27.6,128,0,1,0,0,0,0,1,6.4
24539,20,female,Doll,5,secondary,1,1,1.0,0,0,1,0,0,23.4,112,1,0,0,0,0,0,0,4.3
67084,25,male,Snow,3,secondary,1,0,0.0,0,1,1,0,0,31.3,100,0,0,1,0,1,0,1,7.2
41570,24,female,Nightingale,4,tertiary,1,0,0.0,0,1,0,0,0,30.5,124,0,0,0,0,0,0,0,8.9
27600,20,female,Rose,2,secondary,0,1,0.9,0,0,1,0,0,28.6,107,1,0,0,0,0,0,0,9.5
11079,70,female,Doll,3,secondary,0,1,17.6,0,1,0,0,0,35.1,141,0,0,0,0,0,0,0,8.9
43036,71,female,Nightingale,3,secondary,0,1,14.8,1,0,1,0,0,23.1,129,0,0,0,1,0,0,0,9.1
15515,36,male,Hill,2,secondary,0,0,0.0,0,0,0,1,0,21.9,108,0,0,0,0,0,0,1,4.9
68994,51,male,Rose,5,tertiary,1,1,13.5,1,0,0,0,0,25.2,109,0,0,0,0,0,0,1,6.0
40475,42,male,Rose,3,secondary,0,0,0.0,1,0,1,1,1,28.4,112,0,0,0,0,0,0,0,7.0
64319,48,male,Hill,1,secondary,0,0,0.0,0,0,0,0,0,29.3,122,0,0,0,0,1,0,0,4.6
25224,19,female,Nightingale,3,primary,0,0,0.0,0,0,0,1,0,24.3,100,0,0,0,0,0,0,0,4.6
11016,58,female,Nightingale,2,primary,1,0,0.0,0,1,0,0,0,25.7,136,0,0,0,0,1,0,1,8.9
97891,26,male,Hill,1,primary,0,0,0.0,0,0,0,1,0,24.6,116,0,0,0,0,0,0,0,8.6
51428,51,male,Doll,5,tertiary,1,0,0.0,0,0,0,0,0,26.3,101,0,0,0,0,0,0,1,6.4
72112,42,female,Rose,5,secondary,1,0,0.0,1,1,0,0,0,32.4,101,0,0,1,0,0,0,1,6.4
58895,57,female,Doll,3,secondary,1,0,0.0,1,0,0,0,0,29.6,119,0,0,0,0,0,0,0,4.0
24093,25,male,Rose,4,secondary,1,1,1.6,1,0,1,0,0,30.2,107,0,0,0,0,0,0,0,9.6
23230,61,female,Snow,3,tertiary,1,1,20.9,0,0,0,0,1,28.1,127,0,0,0,0,0,0,0,6.6
15431,38,male,Nightingale,4,secondary,1,0,0.0,0,0,0,1,0,25.5,116,0,0,0,0,0,0,0,6.9
60848,42,male,Snow,4,secondary,0,0,0.0,1,0,0,0,0,27.9,111,0,0,0,0,0,0,0,7.9
37171,51,female,Rose,3,secondary,0,0,0.0,0,1,1,0,0,31.9,121,0,0,0,0,0,1,0,8.9
44812,41,female,Rose,5,secondary,0,0,0.0,0,0,0,0,1,25.5,117,1,0,0,0,0,0,0,5.4
81747,25,female,Doll,3,secondary,1,0,0.0,0,0,1,1,0,27.1,112,0,0,0,0,0,0,1,9.0
97795,20,female,Rose,2,secondary,1,1,0.8,0,1,0,0,1,29.2,109,0,0,0,0,0,0,0,9.4
17695,42,male,Hill,4,secondary,1,0,0.0,0,0,1,0,1,28.0,116,0,0,0,0,0,0,0,8.2
14261,19,male,Doll,3,secondary,1,1,0.4,1,0,0,1,0,21.9,102,0,0,0,0,0,0,0,4.3
10053,72,female,Doll,3,secondary,1,0,0.0,0,0,0,0,0,30.5,117,1,0,0,0,1,0,1,8.8
91531,66,male,Hill,2,tertiary,0,0,0.0,0,1,1,0,1,29.3,133,0,1,0,0,1,0,0,4.1
75811,65,male,Snow,2,secondary,1,0,0.0,0,0,0,0,0,32.3,130,0,0,0,0,0,0,1,4.9
22483,29,male,Rose,4,tertiary,1,0,0.0,0,0,0,1,1,21.8,106,1,0,1,0,0,1,1,6.1
89212,23,male,Snow,3,secondary,1,0,0.0,0,1,0,1,0,28.9,101,0,0,1,0,0,0,0,8.7
65987,41,male,Doll,2,secondary,1,0,0.0,0,0,0,0,1,30.0,113,0,0,0,0,0,0,0,5.9
45340,79,female,Rose,3,secondary,1,0,0.0,1,0,0,0,0,33.0,121,0,0,1,0,0,0,0,4.0
36239,37,male,Hill,4,secondary,1,0,0.0,0,0,0,0,0,26.8,121,0,0,0,0,0,1,0,9.0
25729,58,female,Doll,5,secondary,1,0,0.0,0,0,0,1,0,24.9,125,0,0,1,0,0,0,1,8.6
54367,22,male,Doll,3,primary,0,0,0.0,0,0,0,0,0,24.8,103,0,0,0,0,0,0,0,6.4
77087,26,female,Doll,3,secondary,0,0,0.0,1,1,0,0,0,27.3,90,1,0,0,0,0,0,0,5.6
94281,71,male,Rose,3,secondary,1,0,0.0,0,1,1,0,0,34.6,152,0,0,0,0,1,0,1,9.6
48277,70,male,Nightingale,3,tertiary,0,1,14.2,0,0,0,0,0,29.7,137,0,1,0,0,1,0,1,5.3
89898,65,female,Snow,4,tertiary,1,0,0.0,0,0,1,0,0,25.6,126,1,0,0,0,0,1,0,7.3
87271,39,male,Hill,1,secondary,0,1,10.9,0,1,1,1,1,28.3,130,0,0,0,0,0,1,0,7.6
34454,34,female,Doll,5,secondary,1,1,8.4,0,0,0,0,0,25.6,115,1,0,0,0,0,0,1,5.4
19169,42,male,Rose,2,secondary,1,0,0.0,1,0,0,1,1,28.8,114,0,0,0,0,0,0,0,4.9
91630,62,female,Hill,5,tertiary,1,0,0.0,1,0,0,0,1,23.0,109,0,0,0,0,0,0,1,7.6
77896,38,female,Doll,4,tertiary,0,0,0.0,1,0,0,1,0,25.4,101,1,0,0,0,0,0,0,4.9
21377,38,male,Snow,1,primary,1,1,6.9,1,1,1,1,0,29.3,116,0,0,0,1,0,0,1,7.7
44828,62,male,Rose,4,tertiary,1,0,0.0,0,0,0,0,0,27.2,119,0,0,0,0,0,0,1,9.1
27753,32,female,Rose,3,secondary,1,0,0.0,1,0,1,0,0,29.5,100,0,0,0,0,0,0,0,9.4
98222,68,male,Doll,4,secondary,1,0,0.0,0,1,1,0,0,28.9,135,0,0,0,0,1,0,1,4.1
26480,67,male,Rose,5,secondary,1,0,0.0,0,0,0,0,0,26.4,129,0,0,0,0,0,0,0,5.9
14238,35,female,Nightingale,2,primary,0,1,8.3,1,0,0,0,0,31.5,113,0,1,0,0,0,0,1,4.1
62785,36,male,Snow,3,secondary,1,0,0.0,0,0,0,1,0,27.3,102,1,0,0,0,0,1,0,8.2
34399,52,male,Snow,2,secondary,0,0,0.0,1,1,0,1,0,27.1,125,0,0,0,0,0,0,0,5.3
30630,78,female,Hill,1,primary,1,0,0.0,0,0,0,0,0,29.3,138,0,0,0,0,0,0,1,9.9
85225,35,female,Rose,3,primary,0,0,0.0,0,0,1,0,0,29.5,114,0,0,0,0,0,0,0,6.5
51620,79,female,Rose,3,tertiary,0,0,0.0,0,1,1,0,0,35.4,118,0,0,0,0,1,0,1,5.7
14245,35,female,Rose,4,tertiary,0,0,0.0,1,0,1,0,0,21.5,103,0,0,0,0,0,0,1,7.6
42448,21,male,Snow,4,primary,0,0,0.0,0,0,0,0,0,24.0,105,0,0,0,0,0,1,0,7.3
94230,61,female,Rose,3,secondary,1,1,12.0,0,0,0,0,0,30.0,135,0,0,0,0,0,0,0,6.4
29626,18,female,Snow,4,secondary,0,0,0.0,0,0,1,0,0,25.4,90,0,0,0,0,0,0,0,6.1
27894,25,female,Rose,4,tertiary,1,0,0.0,0,0,0,0,0,24.8,99,0,0,0,0,0,0,0,7.6
32602,48,male,Nightingale,2,secondary,1,0,0.0,0,1,0,0,0,27.0,110,0,0,0,0,0,0,0,6.5
86056,20,female,Nightingale,1,primary,0,0,0.0,1,1,1,0,1,21.4,90,1,0,0,0,0,0,0,5.9
26241,62,male,Doll,5,tertiary,1,0,0.0,1,0,1,0,0,32.8,121,0,0,0,0,0,0,0,5.1
60042,71,female,Hill,4,secondary,1,0,0.0,0,1,0,0,0,27.5,119,0,0,0,0,0,0,0,9.8
71930,64,female,Hill,3,secondary,1,1,15.6,0,0,1,0,0,34.8,131,0,0,0,0,1,0,1,8.5
89604,53,female,Doll,2,primary,0,0,0.0,0,1,1,0,0,31.7,144,1,1,0,0,0,0,0,4.6
43049,66,male,Hill,5,primary,1,0,0.0,1,0,0,0,1,25.5,124,0,0,0,0,0,0,0,9.3
10639,36,male,Snow,1,primary,0,0,0.0,1,1,0,1,0,30.6,109,0,0,0,0,0,0,0,5.9
98935,42,female,Doll,5,primary,0,0,0.0,0,0,0,0,0,23.0,98,0,0,0,0,0,0,0,9.1
94516,27,female,Hill,3,primary,1,1,2.5,0,0,0,1,1,21.8,105,0,0,0,0,0,0,1,8.9
81336,62,female,Nightingale,1,secondary,1,0,0.0,1,1,1,0,0,33.0,132,1,0,0,0,0,0,1,7.8
93047,33,male,Rose,2,primary,0,0,0.0,0,1,0,1,0,22.5,121,0,0,0,0,0,0,1,6.0
12334,26,female,Hill,1,secondary,0,0,0.0,0,0,0,1,1,27.0,116,0,0,1,0,1,0,1,5.5
32327,69,female,Doll,2,secondary,0,0,0.0,0,1,0,0,0,30.1,127,1,0,0,0,0,0,0,5.8
72895,51,female,Doll,3,secondary,0,0,0.0,0,0,1,0,0,26.7,113,0,0,0,0,0,0,0,5.1
76352,31,female,Nightingale,2,primary,1,0,0.0,1,1,0,0,0,23.1,104,1,0,1,0,0,0,0,8.7
61548,59,female,Nightingale,4,secondary,0,0,0.0,0,0,0,0,0,25.0,128,0,0,0,0,0,0,1,5.5
61135,47,female,Snow,2,primary,1,1,5.2,0,0,0,0,0,25.0,109,0,0,0,0,0,0,1,4.9
40030,21,female,Nightingale,2,primary,0,0,0.0,0,0,0,1,0,22.4,128,0,0,0,0,0,0,0,7.7
93675,27,male,Rose,5,secondary,1,0,0.0,0,1,0,1,0,22.8,101,0,0,0,0,0,0,1,6.0
19966,43,male,Rose,4,secondary,1,0,0.0,1,0,0,0,0,24.4,105,0,0,0,0,0,0,1,4.8
55048,69,male,Snow,2,primary,0,0,0.0,1,1,1,0,1,37.0,140,0,0,0,0,1,0,0,5.0
84236,66,female,Hill,2,primary,1,0,0.0,0,0,1,1,0,30.2,117,1,1,0,0,1,0,1,8.3
25331,53,female,Rose,5,secondary,1,0,0.0,0,0,0,0,0,25.0,121,0,0,0,0,0,0,0,7.3
42632,32,female,Snow,4,secondary,1,0,0.0,0,0,0,1,0,16.5,104,0,0,0,0,0,0,0,4.8
58928,70,female,Hill,2,tertiary,0,0,0.0,0,1,1,1,0,27.2,133,0,0,0,0,0,0,0,7.2
32381,30,male,Doll,2,secondary,0,0,0.0,1,1,1,1,0,27.5,99,0,0,0,0,0,1,0,8.0
48419,76,female,Doll,2,primary,0,0,0.0,1,0,1,0,0,26.4,135,0,0,0,0,0,0,0,6.0
25556,56,male,Doll,4,tertiary,1,0,0.0,1,0,0,0,0,26.5,103,0,0,0,0,0,0,0,9.8
93939,39,male,Hill,2,secondary,0,1,3.7,0,0,0,1,0,31.4,107,0,0,0,0,0,0,0,7.7
89942,76,male,Snow,3,secondary,1,0,0.0,0,0,0,0,0,20.7,124,0,0,1,0,0,0,1,7.6
62691,24,male,Hill,4,tertiary,1,0,0.0,1,0,0,0,0,27.5,90,0,0,1,0,0,0,1,6.6
94877,67,female,Snow,3,tertiary,0,1,8.9,0,0,0,0,0,29.5,134,0,0,0,0,0,0,0,8.9
29573,70,male,Doll,3,secondary,1,1,23.8,1,0,0,0,0,36.6,126,0,0,0,0,0,0,1,6.6
64487,35,female,Snow,3,secondary,1,0,0.0,0,0,0,1,0,26.5,112,0,0,0,0,0,1,0,5.1
87913,57,female,Snow,3,secondary,0,1,10.5,0,1,0,0,0,34.3,130,0,0,0,0,0,0,1,8.8
29878,55,male,Doll,2,secondary,1,0,0.0,0,1,0,0,0,29.0,94,1,0,0,0,1,0,1,4.5
10406,66,female,Doll,5,tertiary,1,1,22.9,0,0,1,0,0,31.4,144,0,0,0,0,0,0,0,7.5
31028,69,female,Rose,5,primary,1,1,10.8,1,1,1,0,0,33.7,154,0,0,0,0,0,0,1,7.7
73574,55,male,Rose,3,tertiary,1,0,0.0,1,1,1,0,0,29.7,121,0,0,0,0,0,0,0,9.9
80990,61,male,Snow,2,primary,0,1,20.4,1,0,1,0,0,27.0,116,0,0,0,0,0,0,0,7.9
76397,71,female,Hill,4,tertiary,1,0,0.0,0,0,0,0,0,24.5,117,0,0,0,0,0,0,0,9.8
32024,76,female,Rose,2,secondary,0,0,0.0,1,1,1,0,0,28.0,116,0,0,0,0,0,0,0,4.4
77614,73,male,Hill,3,secondary,1,0,0.0,0,0,1,0,0,26.6,142,0,0,0,0,0,0,0,9.7
26117,18,male,Rose,5,tertiary,0,0,0.0,0,0,0,1,0,19.4,99,0,0,0,0,0,0,0,7.8
47238,60,female,Rose,4,secondary,0,0,0.0,1,0,1,0,0,30.1,119,0,0,0,0,0,0,0,8.8
30550,27,female,Nightingale,5,secondary,1,0,0.0,0,0,0,0,1,23.5,119,0,0,0,0,0,0,0,8.0
12790,51,male,Snow,4,secondary,0,0,0.0,1,0,0,0,0,26.1,110,0,0,1,0,0,0,0,9.1
70441,47,female,Doll,4,secondary,1,0,0.0,0,0,1,0,1,26.9,109,0,0,1,0,0,0,0,8.1
42613,42,female,Nightingale,4,secondary,1,0,0.0,1,0,1,0,0,29.1,126,0,0,0,0,0,0,1,6.9
71587,41,female,Nightingale,2,secondary,0,1,11.0,0,1,0,0,0,26.7,128,0,0,0,0,0,0,0,10.0
78749,29,male,Hill,4,secondary,1,1,4.6,0,0,1,0,1,26.3,102,0,0,0,0,1,0,1,7.4
98756,78,male,Snow,4,secondary,0,0,0.0,0,0,0,0,0,23.0,137,0,0,0,0,1,0,1,4.5
39856,79,female,Snow,2,primary,0,0,0.0,0,0,1,0,0,32.2,149,0,0,0,0,1,0,1,4.7
87640,18,male,Rose,4,secondary,0,0,0.0,1,0,0,0,1,24.8,112,0,0,0,0,0,1,0,5.7
56840,34,male,Doll,2,primary,0,1,7.1,1,1,0,1,0,26.3,121,0,0,0,0,0,1,0,9.4
26490,40,female,Doll,5,tertiary,1,0,0.0,1,0,1,1,0,25.2,115,0,0,0,0,0,0,0,6.1
42218,28,female,Snow,3,secondary,0,0,0.0,0,0,0,0,0,27.1,93,0,0,0,0,0,0,0,8.9
98425,43,male,Hill,4,primary,1,0,0.0,0,0,1,0,1,28.1,119,0,0,0,0,0,1,0,4.1
70384,44,female,Snow,3,secondary,1,0,0.0,0,0,0,0,0,23.8,124,0,0,0,0,0,0,0,6.2
61066,40,male,Doll,5,tertiary,1,0,0.0,0,0,1,0,0,29.9,122,1,1,0,0,0,0,1,6.5
94382,40,female,Rose,4,secondary,1,0,0.0,0,0,0,0,0,24.1,104,0,0,0,0,0,0,0,9.8
65238,59,male,Nightingale,5,tertiary,1,0,0.0,1,0,0,0,1,31.3,116,0,0,0,0,0,0,0,7.6
51277,24,female,Rose,5,tertiary,1,0,0.0,0,0,1,1,0,27.9,96,0,0,0,0,0,0,0,5.3
12756,59,female,Rose,2,secondary,0,0,0.0,0,0,0,0,0,24.9,131,0,0,0,0,0,0,0,9.5
19024,72,female,Hill,4,tertiary,0,1,23.1,1,0,0,1,0,20.3,127,0,0,0,0,0,0,0,6.3
74719,42,female,Snow,2,secondary,1,0,0.0,0,0,0,0,0,21.6,114,0,0,0,0,0,0,0,9.7
58187,38,female,Doll,3,primary,0,1,9.1,1,0,0,0,0,21.8,110,0,0,0,0,0,0,0,5.6
25144,74,female,Nightingale,4,tertiary,1,0,0.0,0,0,1,0,0,27.2,142,0,0,0,0,1,0,0,4.6
33934,69,male,Rose,2,primary,1,0,0.0,0,0,1,0,0,29.8,129,0,0,0,0,1,0,0,9.4
92797,63,male,Snow,3,primary,0,0,0.0,0,1,0,0,0,30.2,130,0,0,0,0,0,0,0,9.5
70761,75,male,Snow,3,primary,1,0,0.0,1,1,1,0,0,31.1,126,0,1,0,0,0,0,1,9.6
57764,74,female,Snow,1,primary,0,0,0.0,0,1,0,0,0,28.5,146,0,0,0,0,0,0,0,7.1
14986,39,female,Rose,4,tertiary,1,0,0.0,0,1,0,1,0,32.5,94,0,0,0,0,0,0,0,8.8
72896,73,female,Doll,2,primary,1,0,0.0,0,0,1,1,0,30.5,147,1,0,0,0,0,0,0,7.1
72741,50,male,Rose,3,tertiary,1,0,0.0,0,0,1,1,0,27.3,102,0,0,0,0,0,0,0,8.8
86335,64,male,Hill,1,secondary,0,0,0.0,0,1,1,0,1,31.5,109,0,0,0,0,0,1,0,6.7
92215,18,female,Doll,2,secondary,1,0,0.0,0,1,1,1,1,29.8,106,0,1,1,0,0,0,1,4.9
95869,51,male,Hill,4,primary,1,0,0.0,1,0,1,0,0,22.7,113,0,0,0,0,0,1,0,7.4
83428,49,male,Nightingale,5,tertiary,0,0,0.0,0,0,0,0,0,29.4,115,0,0,0,0,0,0,0,8.8
27482,47,male,Nightingale,4,secondary,1,0,0.0,0,0,0,1,0,24.5,122,0,0,0,0,0,0,1,5.4
89392,70,male,Snow,4,tertiary,1,0,0.0,0,0,0,0,0,22.6,143,0,0,0,0,0,0,0,6.9
92199,62,male,Nightingale,3,tertiary,0,0,0.0,0,0,1,0,0,25.1,113,0,0,0,0,1,0,0,9.9
80549,36,male,Rose,2,primary,0,0,0.0,1,1,0,1,0,28.1,105,1,0,0,0,0,0,1,4.8
25209,71,male,Nightingale,2,secondary,0,0,0.0,1,1,0,0,0,30.1,126,0,0,0,0,0,1,0,7.6
68600,25,male,Hill,3,tertiary,0,0,0.0,0,1,0,0,0,27.9,103,0,0,0,0,0,0,0,4.5
52799,60,female,Snow,1,secondary,0,0,0.0,0,0,1,0,0,24.5,118,0,0,1,0,0,0,0,9.8
84629,78,male,Hill,4,tertiary,0,0,0.0,1,0,0,0,0,20.6,136,0,0,0,0,0,0,0,9.6
27705,61,male,Doll,2,secondary,0,1,9.1,0,1,1,0,0,31.8,128,0,1,0,0,0,0,0,5.6
42093,77,male,Snow,2,secondary,1,0,0.0,1,1,0,0,1,32.5,114,0,0,0,0,0,0,0,5.7
45434,64,female,Nightingale,2,primary,0,0,0.0,0,1,0,1,1,32.0,119,0,0,0,0,1,0,0,9.5
19571,26,female,Nightingale,1,secondary,0,1,4.1,0,0,1,1,0,27.8,110,0,0,0,0,0,0,0,8.8
61435,38,male,Snow,1,secondary,0,1,8.2,0,1,0,1,0,30.3,135,1,1,0,0,0,0,0,6.0
84516,37,male,Doll,2,secondary,1,1,5.9,0,1,1,1,0,31.4,109,0,0,0,0,0,0,0,8.7
13596,42,male,Rose,4,secondary,1,1,5.2,1,0,1,0,0,23.0,97,0,0,0,0,0,0,1,6.1
30441,40,female,Snow,1,secondary,0,0,0.0,1,0,0,0,0,26.2,112,0,0,0,0,0,1,0,8.3
87294,57,male,Hill,5,primary,0,0,0.0,0,0,1,1,0,28.4,123,0,0,0,0,0,1,0,7.3
54079,21,male,Nightingale,4,primary,1,1,1.2,0,0,0,0,1,24.2,98,0,0,1,0,0,1,1,7.6
93397,43,male,Rose,5,tertiary,1,0,0.0,0,0,0,0,0,28.8,103,0,0,0,0,0,0,0,9.8
23285,22,male,Snow,3,tertiary,0,0,0.0,0,1,0,0,0,28.6,93,0,0,0,0,0,0,0,4.3
61131,69,male,Snow,2,primary,1,1,24.6,1,0,1,0,1,29.4,134,0,1,0,0,0,0,0,6.8
21252,50,male,Snow,4,secondary,1,0,0.0,1,0,0,0,0,28.6,107,0,0,0,0,0,0,1,5.8
81831,31,male,Nightingale,3,secondary,0,0,0.0,1,1,0,1,0,21.9,101,0,0,0,0,0,0,0,9.1
51287,43,male,Hill,1,secondary,0,1,7.9,0,0,1,0,0,30.2,113,0,0,0,0,0,0,0,6.0
85881,29,female,Hill,2,secondary,1,1,4.8,0,0,0,0,1,21.6,98,0,0,1,0,0,0,1,4.6
65445,72,female,Rose,2,secondary,1,0,0.0,1,0,0,0,1,28.8,139,0,0,0,0,0,0,0,7.6
53588,23,female,Hill,3,secondary,0,1,1.1,0,1,0,1,0,31.7,102,0,0,0,0,0,0,0,6.8
89624,43,male,Hill,3,secondary,0,0,0.0,1,1,1,0,0,35.0,120,0,0,0,0,0,0,0,6.1
99552,74,female,Doll,5,tertiary,1,0,0.0,1,0,0,0,0,23.5,123,1,0,0,0,0,0,0,9.6
10684,57,male,Rose,4,secondary,1,0,0.0,0,0,1,1,1,27.7,150,0,1,0,0,0,0,1,7.2
35155,53,female,Rose,4,tertiary,0,0,0.0,0,1,0,0,0,26.6,123,0,0,0,0,0,0,0,6.8
47261,56,male,Snow,3,secondary,0,0,0.0,0,1,1,1,0,31.7,126,0,0,0,0,0,0,0,8.8
53033,26,female,Hill,4,secondary,1,0,0.0,0,1,0,0,0,27.6,103,0,0,0,0,0,0,0,8.1
14048,18,male,Snow,2,secondary,0,0,0.0,1,1,1,1,1,27.7,109,0,0,0,0,0,0,0,7.1
15913,23,female,Nightingale,2,secondary,0,0,0.0,0,0,1,0,0,26.7,92,0,0,0,0,0,0,0,8.7
35715,28,female,Hill,2,primary,1,1,3.1,1,0,1,1,0,27.2,119,0,0,0,0,0,0,1,8.9
74859,66,male,Hill,3,tertiary,1,0,0.0,1,0,1,0,0,29.3,128,0,0,0,1,0,0,1,6.7
19720,40,female,Rose,2,primary,0,1,5.9,1,0,1,0,1,35.7,119,0,0,0,0,0,0,0,5.6
54470,79,male,Doll,4,tertiary,0,0,0.0,1,0,1,0,0,27.2,125,1,1,0,0,0,1,1,5.6
58877,73,female,Nightingale,2,primary,1,1,18.4,1,1,0,0,1,30.6,131,0,0,1,0,0,0,1,6.6
62425,23,female,Rose,2,tertiary,0,1,1.1,1,0,1,1,1,25.9,118,0,0,0,0,0,0,0,8.6
38983,75,female,Doll,4,secondary,1,0,0.0,0,1,1,0,1,26.5,131,0,1,0,0,0,0,1,8.4
80746,38,female,Hill,4,primary,1,0,0.0,0,0,0,0,0,23.3,114,0,0,0,0,0,0,0,7.7
59828,61,female,Rose,4,secondary,1,0,0.0,0,0,1,1,0,24.9,131,0,0,0,0,0,0,0,5.5
88968,24,female,Nightingale,4,primary,0,0,0.0,0,0,1,0,1,28.0,90,0,0,0,0,0,0,0,6.7
13622,23,female,Nightingale,3,secondary,1,0,0.0,0,1,1,0,1,32.4,91,0,0,1,0,0,0,1,9.5
62439,78,male,Snow,4,tertiary,1,0,0.0,1,1,0,0,0,26.5,123,0,0,0,0,0,0,0,4.1
50313,18,male,Hill,1,primary,0,0,0.0,1,1,1,0,1,33.1,113,0,0,0,0,1,1,0,4.3
16536,35,male,Nightingale,4,tertiary,0,0,0.0,0,0,0,1,0,26.2,110,1,0,0,0,0,0,0,4.7
94006,53,female,Doll,3,secondary,1,0,0.0,1,0,0,0,0,24.5,129,0,0,0,0,0,0,1,5.3
37148,25,male,Nightingale,4,secondary,1,1,3.3,0,1,1,1,0,28.7,118,0,0,0,0,0,1,0,4.7
47915,60,female,Hill,1,secondary,1,1,7.5,0,0,0,0,0,30.6,128,0,1,0,0,0,0,0,6.2
55393,45,female,Nightingale,4,tertiary,1,0,0.0,0,0,0,0,0,23.5,105,0,0,0,0,0,0,0,4.1
33763,67,female,Doll,4,tertiary,1,0,0.0,1,0,0,0,0,27.4,122,1,0,0,0,0,0,0,7.6
84713,49,male,Rose,3,primary,1,0,0.0,0,1,0,1,0,26.5,118,0,0,0,0,0,0,0,9.7
56468,36,female,Doll,3,primary,1,1,3.8,0,0,1,1,0,24.0,106,0,1,0,0,0,0,1,8.6
31933,68,male,Rose,5,primary,1,0,0.0,0,0,0,0,0,24.3,111,0,0,0,0,0,0,0,5.8
91483,21,female,Snow,2,secondary,0,1,1.1,1,0,1,0,0,29.7,104,0,0,0,0,0,0,1,6.1
42398,62,female,Hill,2,primary,0,0,0.0,0,1,0,0,0,23.0,129,0,0,0,0,0,0,0,4.6
72622,76,male,Snow,2,tertiary,1,0,0.0,1,0,1,0,1,34.2,141,0,1,0,0,1,0,0,5.0
47111,52,male,Doll,5,tertiary,1,0,0.0,0,0,0,0,0,31.1,120,0,0,0,0,0,0,0,9.0
63881,29,female,Nightingale,2,secondary,0,0,0.0,1,1,0,1,0,26.9,119,0,0,1,0,0,1,0,6.4
31859,21,male,Doll,4,tertiary,1,0,0.0,0,0,0,1,0,24.5,105,1,0,0,0,0,0,0,8.0
22349,48,male,Hill,4,secondary,1,0,0.0,0,1,1,0,0,43.2,128,1,0,0,0,0,0,0,4.1
64886,61,female,Doll,5,tertiary,1,0,0.0,1,0,0,0,0,25.2,124,0,0,0,0,0,0,0,9.3
58869,67,female,Hill,2,primary,0,0,0.0,0,0,1,0,0,30.4,145,0,0,0,0,0,0,0,6.1
57396,66,male,Rose,2,secondary,1,0,0.0,0,1,1,0,1,33.0,118,0,0,0,0,0,0,1,5.1
42480,21,female,Nightingale,4,secondary,0,0,0.0,0,0,0,0,1,21.6,98,0,0,0,0,0,0,0,7.5
59369,21,male,Hill,4,secondary,1,0,0.0,0,1,0,0,0,24.7,110,0,0,0,0,0,0,0,6.0
24245,35,male,Nightingale,5,tertiary,1,0,0.0,1,1,0,0,0,22.2,97,0,0,0,0,0,0,1,7.8
90906,32,female,Hill,2,secondary,0,0,0.0,1,0,0,1,1,29.2,118,0,0,0,0,0,0,1,5.1
94965,21,male,Rose,3,tertiary,0,0,0.0,1,1,1,1,0,30.7,121,0,1,0,0,0,1,1,7.9
68320,78,female,Rose,2,tertiary,1,1,14.3,0,1,0,0,0,28.6,131,0,0,0,0,1,0,1,8.2
84512,73,female,Nightingale,2,primary,1,1,17.5,0,0,0,0,0,25.4,128,1,0,0,1,0,0,1,4.2
16993,19,female,Doll,4,secondary,0,0,0.0,0,0,0,0,1,25.3,96,0,0,1,0,0,0,0,6.1
37580,36,female,Hill,4,secondary,0,0,0.0,1,0,0,1,0,27.0,106,1,0,1,0,0,0,0,5.1
12209,19,male,Doll,5,secondary,1,0,0.0,0,0,0,1,0,26.3,102,0,0,0,0,0,0,0,8.1
58857,56,female,Nightingale,1,primary,0,0,0.0,0,0,0,0,0,30.7,123,0,0,0,0,1,0,0,7.9
79181,21,male,Doll,5,tertiary,1,0,0.0,0,0,0,1,0,28.2,107,0,0,0,0,0,1,0,7.2
52655,70,male,Nightingale,4,primary,1,0,0.0,1,0,1,0,1,31.3,119,1,0,0,0,0,0,0,5.2
65549,59,male,Hill,2,secondary,0,0,0.0,0,0,1,0,0,31.1,122,1,0,0,0,0,0,0,9.3
83558,59,female,Snow,2,secondary,0,1,10.4,0,0,0,0,0,30.0,119,0,0,0,0,0,0,0,4.7
56657,26,female,Doll,5,tertiary,0,0,0.0,0,0,1,0,0,28.1,109,0,0,0,0,0,0,0,8.1
73987,71,female,Rose,5,tertiary,1,1,10.4,0,0,0,0,0,23.2,146,0,0,0,0,0,1,0,9.9
33301,18,female,Hill,3,secondary,0,0,0.0,0,1,0,0,0,35.1,114,0,0,0,0,0,0,0,7.5
37167,31,female,Rose,3,secondary,1,0,0.0,0,0,1,1,0,34.4,107,0,0,0,0,0,0,0,8.0
85960,68,male,Doll,2,tertiary,0,0,0.0,1,1,0,0,1,32.5,115,0,0,0,0,0,0,0,8.6
18442,41,male,Rose,3,secondary,1,0,0.0,0,1,1,0,0,26.3,123,0,0,0,0,0,0,0,4.1
37026,23,male,Rose,2,secondary,0,1,2.1,1,1,1,1,0,27.5,103,0,0,0,0,0,0,0,4.7
19731,28,male,Nightingale,2,secondary,1,1,4.1,0,1,1,1,0,31.7,112,0,0,0,0,0,0,0,6.5
23069,61,female,Hill,3,primary,0,0,0.0,1,1,0,0,0,28.4,129,1,1,0,0,0,0,0,9.5
82362,39,female,Doll,2,secondary,1,1,7.8,0,0,0,0,0,27.1,116,0,0,1,0,0,0,1,4.4
20642,32,female,Hill,3,secondary,1,0,0.0,1,0,0,0,0,28.1,116,0,0,0,0,0,0,1,8.1
81219,36,male,Rose,3,secondary,0,0,0.0,0,1,1,0,0,31.1,106,0,0,0,0,0,0,0,4.0
67290,70,male,Rose,5,tertiary,1,0,0.0,1,1,0,0,1,30.9,130,1,0,0,0,0,1,0,8.1
48886,53,female,Snow,3,secondary,0,0,0.0,0,0,0,0,0,30.5,125,0,0,0,0,0,0,0,5.1
49466,76,female,Hill,2,secondary,0,1,29.8,0,0,1,0,1,29.7,148,0,1,0,0,0,1,0,4.1
83740,25,female,Rose,4,tertiary,0,0,0.0,0,0,0,0,0,28.7,115,0,1,0,0,1,0,1,8.6
46880,21,male,Hill,4,secondary,0,1,0.9,1,0,1,0,0,25.3,92,0,0,0,0,0,0,0,9.3
44648,20,male,Hill,4,primary,1,1,0.6,1,0,0,0,0,25.4,99,1,0,0,0,0,0,1,9.0
79762,19,male,Nightingale,3,secondary,0,0,0.0,0,1,0,0,0,24.3,104,0,0,0,0,0,0,0,5.4
60454,33,male,Nightingale,3,primary,0,1,3.5,0,1,0,0,0,34.6,121,0,0,0,0,0,1,0,6.2
67855,65,female,Snow,3,secondary,0,0,0.0,0,0,1,0,0,31.4,112,0,0,0,0,0,0,0,9.2
17367,60,female,Rose,4,secondary,1,0,0.0,1,0,0,0,0,23.1,123,0,0,0,0,0,0,1,4.4
71967,27,female,Nightingale,5,tertiary,0,0,0.0,1,0,0,0,0,23.6,111,1,0,1,0,0,0,1,6.7
16228,71,male,Hill,2,secondary,0,0,0.0,0,0,0,0,0,28.7,127,0,0,0,0,0,0,0,8.0
69504,26,female,Rose,4,secondary,1,1,2.2,0,0,1,0,0,22.2,106,0,0,0,0,0,0,0,8.8
19290,35,female,Hill,1,secondary,0,0,0.0,0,0,1,0,0,22.7,101,0,0,0,0,0,0,0,4.4
38090,49,female,Nightingale,4,tertiary,0,0,0.0,0,0,0,0,0,30.1,101,0,0,0,0,0,0,0,8.3
36367,25,male,Hill,3,secondary,1,0,0.0,0,0,0,1,1,26.0,90,0,0,0,0,0,1,1,9.8
36989,38,male,Rose,2,secondary,1,0,0.0,0,0,1,1,0,33.0,116,0,0,0,0,0,0,0,4.3
45989,79,male,Rose,2,secondary,0,1,29.0,1,1,0,0,0,33.8,149,0,0,0,0,1,0,0,9.8
34214,34,male,Hill,4,secondary,0,0,0.0,0,0,0,0,0,26.3,98,0,0,0,0,0,0,0,5.8
57296,76,female,Hill,1,primary,0,0,0.0,0,1,1,0,1,33.2,135,1,0,0,0,0,0,1,6.1
86222,47,female,Hill,4,secondary,0,0,0.0,1,1,0,0,1,29.2,119,0,0,0,0,0,0,0,9.4
54148,71,male,Rose,4,secondary,1,0,0.0,0,1,0,0,1,29.4,119,0,0,0,0,1,0,1,4.1
47883,32,female,Hill,2,primary,1,1,3.3,1,1,0,0,1,26.9,126,0,0,0,0,0,0,0,4.5
86783,57,female,Nightingale,4,secondary,0,0,0.0,1,0,1,0,0,26.8,123,0,0,0,0,0,0,0,6.9
30874,42,male,Nightingale,2,secondary,0,1,10.4,0,0,1,0,1,33.3,123,0,0,0,0,0,0,0,9.9
64801,70,male,Doll,2,secondary,0,1,24.7,1,1,1,0,1,35.3,142,0,1,0,0,1,0,1,9.5
20954,65,male,Doll,2,secondary,0,0,0.0,0,1,0,0,0,27.7,150,1,0,0,0,0,0,1,9.7
40961,57,male,Rose,3,secondary,0,0,0.0,0,1,0,0,0,29.9,103,1,0,0,0,0,0,0,4.9
96365,60,female,Nightingale,4,secondary,1,0,0.0,0,0,0,0,0,29.0,110,1,0,1,0,0,0,1,9.7
20486,19,female,Doll,3,secondary,0,0,0.0,0,0,1,1,0,21.4,105,0,0,0,0,0,0,0,5.3
53802,28,female,Nightingale,4,primary,1,0,0.0,0,0,1,0,0,29.9,92,0,0,0,0,0,0,1,7.9
96433,45,female,Snow,1,primary,0,0,0.0,1,1,0,0,0,27.5,109,0,0,0,0,0,0,0,4.7
69949,42,female,Snow,1,secondary,0,0,0.0,1,1,1,0,0,31.2,121,0,0,0,0,0,0,0,4.8
93653,55,female,Doll,5,secondary,1,0,0.0,0,0,0,0,0,27.0,112,0,0,1,0,0,0,1,5.6
61179,65,male,Nightingale,2,secondary,0,0,0.0,1,1,0,0,0,42.0,128,0,0,0,0,1,0,0,9.1
38806,56,male,Hill,2,secondary,1,0,0.0,0,0,1,1,1,27.7,110,0,0,0,0,0,1,1,6.1
70368,79,male,Snow,2,tertiary,0,0,0.0,1,0,1,1,0,36.3,154,0,1,0,0,1,0,1,5.4
11697,37,male,Snow,5,tertiary,0,0,0.0,1,0,0,1,0,22.1,111,0,0,0,0,0,0,0,7.8
62506,34,female,Doll,4,secondary,1,0,0.0,1,0,1,0,0,33.3,99,0,0,1,0,0,0,1,8.5
60426,78,male,Nightingale,3,secondary,1,0,0.0,1,0,1,0,0,28.8,118,1,1,0,0,0,0,1,4.9
65968,50,female,Hill,2,primary,0,0,0.0,1,0,1,0,0,31.5,124,0,0,0,0,0,0,0,4.7
20521,43,female,Doll,5,secondary,1,0,0.0,1,0,0,0,0,28.2,114,1,0,0,0,0,0,0,6.5
18652,50,female,Snow,3,secondary,1,1,5.8,1,0,0,0,0,28.3,128,0,0,0,0,0,0,0,9.7
67123,76,female,Doll,5,secondary,0,1,27.6,0,1,0,0,0,27.2,121,0,0,0,0,0,0,0,4.6
75731,69,male,Doll,3,tertiary,1,0,0.0,1,0,0,0,0,28.1,118,0,0,0,0,0,0,0,6.8
51748,42,female,Rose,2,primary,0,0,0.0,1,0,1,0,0,26.5,127,1,1,0,0,0,0,0,7.8
49285,68,female,Nightingale,2,secondary,1,1,26.1,1,1,0,0,1,30.7,126,0,0,0,0,0,0,1,4.1
93319,56,male,Doll,5,tertiary,1,0,0.0,0,0,0,1,0,21.8,114,0,0,0,0,0,0,0,5.8
70318,24,female,Doll,4,secondary,1,0,0.0,0,0,0,0,0,25.2,94,1,0,0,0,0,0,0,9.7
84229,25,female,Rose,3,secondary,0,1,2.7,0,0,0,1,0,26.0,104,0,0,0,0,0,0,0,6.1
28444,44,female,Snow,4,primary,0,0,0.0,1,1,0,0,0,27.5,136,0,0,0,0,0,0,0,5.0
59004,29,male,Hill,1,secondary,0,0,0.0,0,0,1,1,0,31.2,111,0,0,0,0,0,1,0,9.7
39279,72,female,Snow,2,primary,1,0,0.0,0,1,1,0,1,26.4,124,0,0,0,0,0,0,1,9.5
84699,72,female,Rose,3,secondary,0,0,0.0,0,0,1,0,0,24.8,114,1,0,0,0,0,0,0,5.3
78429,30,male,Rose,3,secondary,0,0,0.0,0,0,0,0,0,26.8,111,0,0,0,0,0,0,0,8.6
64416,27,male,Rose,5,tertiary,0,0,0.0,0,1,1,0,0,27.1,103,0,0,0,0,0,0,0,7.2
86128,26,female,Nightingale,5,primary,1,0,0.0,0,1,1,0,0,27.3,112,1,0,1,0,0,0,1,6.8
70010,23,female,Snow,2,primary,0,0,0.0,0,0,1,0,0,29.2,105,0,0,0,0,0,0,0,5.4
97857,23,male,Hill,3,primary,1,1,1.8,0,1,0,1,0,29.7,90,0,0,0,0,0,0,0,4.6
44022,26,male,Hill,4,secondary,1,0,0.0,0,0,1,1,0,16.5,101,0,0,0,0,0,1,0,7.6
98977,24,male,Nightingale,4,secondary,0,1,2.0,0,0,1,1,1,27.9,106,1,0,0,0,0,0,0,4.1
87279,29,male,Hill,5,secondary,0,0,0.0,1,0,1,0,0,23.8,114,0,0,0,0,0,0,0,9.7
24583,66,male,Doll,3,primary,1,0,0.0,0,0,0,0,0,33.1,124,0,0,0,0,0,0,0,7.1
44144,41,female,Hill,4,tertiary,0,0,0.0,0,0,0,0,0,19.4,91,0,0,0,0,0,0,0,7.2
37274,28,female,Hill,4,primary,1,1,5.1,0,0,1,0,0,21.2,92,0,0,0,0,0,0,0,7.4
12556,40,female,Doll,4,primary,1,0,0.0,1,0,0,1,0,22.9,119,0,0,0,0,0,0,0,9.4
46084,59,male,Nightingale,2,primary,1,1,8.5,1,0,0,0,0,29.5,142,0,0,0,0,0,0,0,4.1
54234,66,female,Snow,2,secondary,1,1,10.9,1,1,0,0,0,27.8,115,0,1,1,0,0,0,1,4.8
76237,73,female,Hill,4,secondary,0,0,0.0,0,0,1,0,0,32.4,119,0,0,0,0,0,0,0,5.1
93588,63,female,Rose,3,secondary,1,1,15.7,0,0,0,0,0,28.6,122,0,0,0,0,0,0,0,8.2
34235,77,male,Snow,2,secondary,0,0,0.0,1,0,1,0,1,27.0,143,0,1,0,0,1,0,1,4.7
13476,51,female,Doll,4,secondary,1,1,14.8,1,1,0,0,0,29.4,113,0,0,0,0,0,0,0,7.8
61836,33,female,Rose,2,primary,1,0,0.0,0,0,0,1,0,21.8,117,0,0,0,0,0,0,0,6.9
85384,49,male,Doll,3,secondary,1,1,15.5,0,0,0,0,0,29.3,129,0,0,0,0,0,0,0,6.7
21914,49,female,Snow,3,primary,1,0,0.0,1,0,0,0,0,27.7,128,1,1,0,0,0,0,1,9.5
66965,41,male,Rose,5,secondary,1,0,0.0,0,0,1,1,1,27.1,120,0,0,0,0,0,0,0,8.0
69240,50,male,Snow,1,primary,0,1,5.9,0,0,0,0,0,31.7,127,0,0,0,0,0,0,1,7.8
30513,21,female,Rose,3,secondary,1,0,0.0,0,1,0,0,0,28.3,96,1,0,0,0,0,0,0,7.4
94607,63,female,Rose,4,secondary,0,0,0.0,0,0,0,0,0,24.4,119,0,1,0,0,0,0,1,7.4
43032,69,male,Doll,4,tertiary,1,0,0.0,1,0,1,0,1,34.4,130,0,1,1,0,0,0,1,6.9
81924,35,female,Nightingale,2,secondary,0,0,0.0,0,1,1,1,0,30.6,120,0,0,1,0,0,0,1,9.8
35766,46,male,Doll,5,tertiary,0,0,0.0,0,0,1,1,0,22.2,97,0,0,0,0,0,1,0,8.5
42220,39,male,Snow,4,primary,1,0,0.0,1,0,1,0,0,26.4,121,0,0,0,0,0,0,1,7.3
84108,19,male,Doll,2,secondary,1,0,0.0,0,1,1,1,0,26.6,109,0,0,0,0,0,0,0,9.3
66635,78,female,Nightingale,4,primary,0,0,0.0,1,0,1,0,0,32.0,139,0,0,0,0,0,0,0,9.7
32633,23,female,Doll,5,tertiary,1,0,0.0,0,0,0,1,0,22.5,109,0,0,0,0,0,0,0,6.5
63104,42,male,Nightingale,4,tertiary,0,0,0.0,1,0,0,0,1,28.9,112,1,0,0,0,0,0,0,8.7
90564,61,male,Rose,4,secondary,1,0,0.0,0,0,1,0,0,28.1,110,1,0,0,0,0,1,0,7.3
85893,28,male,Rose,4,secondary,1,0,0.0,1,0,1,0,0,38.2,124,0,0,0,0,0,0,0,6.3
26292,65,male,Hill,3,primary,1,0,0.0,1,1,0,1,0,36.1,133,0,0,0,0,0,0,1,8.1
72803,32,female,Nightingale,2,primary,0,1,6.3,0,0,0,1,1,30.8,121,0,0,0,0,0,0,0,5.8
54051,31,female,Snow,3,secondary,0,1,6.1,0,0,0,1,0,23.6,128,0,0,0,0,0,1,0,5.2
19387,25,male,Doll,3,secondary,0,1,1.8,0,1,1,1,0,35.2,106,0,0,0,0,0,0,0,6.3
61404,45,female,Nightingale,4,secondary,1,0,0.0,0,0,0,0,0,20.4,110,0,0,0,0,0,1,0,5.7
46408,77,female,Nightingale,2,secondary,1,0,0.0,0,1,0,0,0,29.4,136,1,0,0,0,0,0,0,8.3
38607,57,male,Rose,3,primary,0,0,0.0,0,0,1,1,0,28.6,143,0,0,0,0,0,0,0,4.8
75511,28,female,Doll,4,tertiary,1,0,0.0,0,0,1,1,0,22.0,116,0,0,0,0,0,0,0,9.2
16415,43,female,Rose,5,secondary,0,1,4.9,1,0,0,0,0,28.4,130,0,0,0,0,0,0,0,4.0
17849,50,male,Doll,2,secondary,0,1,13.1,1,0,0,0,0,30.4,116,0,0,0,0,0,0,0,4.9
19439,76,female,Snow,4,primary,1,0,0.0,0,0,0,0,0,23.9,129,0,0,0,0,0,0,0,8.3
42562,32,female,Doll,4,secondary,0,0,0.0,0,0,1,0,0,29.0,97,0,0,0,0,0,0,0,4.3
90889,73,male,Rose,4,tertiary,1,1,16.2,1,0,0,0,0,30.8,115,0,0,0,1,1,0,1,9.2
47269,26,male,Nightingale,4,tertiary,1,0,0.0,0,0,0,0,0,23.5,115,0,0,0,0,0,0,0,6.6
22985,31,female,Rose,2,secondary,0,1,5.5,1,0,0,0,0,22.1,102,0,0,0,0,0,0,0,5.5
91167,26,male,Rose,5,primary,1,0,0.0,0,0,1,0,0,27.8,105,0,0,0,0,0,0,0,4.1
22247,30,male,Doll,4,tertiary,1,0,0.0,0,0,0,0,0,19.4,116,0,0,0,0,0,0,0,9.4
79230,70,female,Doll,3,secondary,1,1,15.6,1,0,1,0,0,27.9,122,0,0,0,0,0,0,0,7.3
36591,64,male,Doll,4,secondary,1,0,0.0,0,0,0,0,0,24.0,124,0,0,0,0,0,0,1,5.9
46565,31,male,Doll,2,secondary,1,0,0.0,1,1,1,0,0,27.6,90,0,0,1,0,0,0,1,8.5
31430,36,male,Doll,3,tertiary,1,0,0.0,0,0,0,0,1,24.2,115,0,0,0,0,0,0,0,7.1
61070,78,female,Rose,3,secondary,1,0,0.0,0,1,0,0,1,25.3,126,0,0,0,0,0,0,1,4.8
14320,22,male,Nightingale,2,secondary,0,0,0.0,1,1,0,0,0,30.4,108,0,0,0,0,0,0,0,6.5
41821,65,male,Doll,2,primary,1,0,0.0,0,1,0,0,0,30.6,122,1,1,0,0,1,0,1,4.2
81048,32,female,Snow,2,secondary,0,1,5.8,0,1,1,1,0,33.1,128,0,0,1,0,0,0,1,6.7
50032,37,male,Rose,5,secondary,1,0,0.0,1,0,0,0,0,29.4,98,1,0,0,0,0,0,1,4.6
60524,42,male,Nightingale,4,secondary,0,1,11.1,0,0,0,0,0,26.9,114,0,0,0,0,0,0,0,8.7
39526,39,male,Doll,3,tertiary,1,0,0.0,0,0,0,1,0,24.0,106,0,0,0,0,0,0,0,4.2
68876,22,female,Hill,5,tertiary,1,0,0.0,1,0,0,0,0,25.5,106,1,0,0,0,0,0,0,5.6
62656,32,female,Hill,3,secondary,1,0,0.0,1,1,0,0,1,26.4,93,1,0,1,0,0,0,1,7.7
67412,60,male,Hill,5,secondary,1,0,0.0,0,0,0,0,0,21.5,128,0,0,0,0,0,0,0,5.6
97382,75,male,Snow,4,secondary,1,0,0.0,0,0,0,0,0,31.7,121,0,0,0,0,0,0,0,8.3
20272,47,female,Hill,2,primary,0,1,14.2,0,0,1,0,0,25.0,121,1,0,0,1,0,0,0,6.1
34508,24,female,Nightingale,2,tertiary,0,1,1.2,0,0,0,1,0,23.6,90,0,0,0,0,0,0,0,5.0
37502,28,female,Snow,1,primary,0,0,0.0,1,0,0,1,0,20.5,119,0,0,0,0,0,0,1,9.5
35712,70,female,Doll,5,tertiary,1,1,12.0,0,0,1,0,0,27.7,114,0,0,0,0,0,0,1,8.0
77936,41,female,Snow,4,secondary,1,0,0.0,0,0,1,0,0,32.2,103,0,0,0,0,0,0,0,7.8
21295,60,female,Rose,2,secondary,1,1,11.4,0,1,1,0,1,30.8,128,0,0,0,0,0,0,0,4.3
95435,40,female,Nightingale,1,secondary,1,0,0.0,1,0,1,0,0,32.0,133,0,0,0,0,0,0,1,8.2
95404,57,male,Nightingale,2,secondary,0,1,19.8,1,1,1,0,0,27.5,117,0,0,0,0,0,0,0,9.4
95093,73,female,Nightingale,3,secondary,0,0,0.0,1,1,0,0,1,25.8,136,0,0,0,0,0,0,0,7.8
38409,47,female,Nightingale,3,primary,0,0,0.0,1,0,0,0,0,27.8,91,1,0,0,0,0,0,0,4.4
86666,26,female,Rose,2,primary,1,1,4.0,1,0,1,0,0,28.1,90,0,0,0,0,0,0,1,6.0
99993,34,female,Doll,4,secondary,0,1,7.8,1,0,0,1,1,29.2,118,0,0,0,0,0,0,0,9.2
63674,27,female,Doll,2,primary,1,1,1.7,0,0,1,0,1,25.6,104,0,0,0,0,0,0,0,8.8
95806,79,female,Rose,4,tertiary,1,0,0.0,1,0,1,0,0,28.1,138,0,0,0,0,0,0,0,8.1
90489,68,male,Hill,2,secondary,0,1,23.9,1,0,1,0,1,29.0,127,0,0,0,1,0,0,1,9.8
11606,44,female,Rose,4,secondary,0,0,0.0,0,1,1,0,0,33.6,124,0,0,0,0,0,0,1,4.1
82965,32,female,Hill,3,secondary,1,1,5.7,0,0,0,0,0,27.9,114,0,0,0,0,0,0,1,6.6
33286,64,female,Rose,3,secondary,1,1,14.2,0,0,0,0,0,25.5,125,0,0,0,0,1,0,0,8.8
69827,32,male,Doll,5,tertiary,1,0,0.0,0,0,0,1,0,23.0,109,0,0,0,0,0,0,0,8.7
61580,64,male,Snow,4,secondary,1,0,0.0,1,1,0,0,0,27.4,135,0,0,0,0,0,0,0,7.0
61621,41,female,Snow,4,tertiary,1,0,0.0,1,0,0,0,0,26.3,96,1,0,0,0,1,0,1,9.0
16194,62,female,Rose,5,secondary,1,0,0.0,1,0,1,0,0,27.3,127,0,0,0,0,0,0,0,5.4
58773,25,male,Hill,3,primary,1,0,0.0,1,1,1,1,0,32.6,120,0,0,0,0,0,0,1,6.5
11864,69,male,Nightingale,3,secondary,1,0,0.0,0,0,1,0,0,29.6,143,0,0,0,0,0,0,0,4.1
55608,18,female,Snow,2,secondary,0,0,0.0,1,1,0,1,0,29.9,106,0,0,0,0,0,0,0,7.8
30342,48,male,Snow,1,secondary,0,1,8.2,1,0,1,0,0,28.6,116,0,0,0,0,0,1,0,8.6
45892,39,female,Doll,3,primary,0,0,0.0,0,1,1,0,1,23.7,103,1,0,0,0,0,0,0,9.8
21427,76,male,Hill,3,secondary,1,0,0.0,1,0,0,0,1,30.2,126,0,0,0,0,0,1,0,9.6
34387,76,male,Nightingale,1,primary,0,0,0.0,1,1,0,0,0,30.4,130,0,0,0,0,0,0,0,5.2
91923,61,female,Doll,2,secondary,1,1,13.3,0,0,0,0,0,27.5,128,1,0,0,0,0,0,0,8.9
52789,68,female,Nightingale,5,primary,1,1,17.6,0,0,0,0,0,25.4,136,0,0,0,0,0,0,0,7.7
23676,57,female,Hill,3,secondary,0,0,0.0,1,0,1,0,0,27.3,133,0,0,0,0,1,1,1,5.0
32608,50,female,Doll,4,tertiary,1,1,7.3,0,0,1,1,0,26.7,125,0,0,0,0,1,0,1,8.6
49419,27,male,Hill,1,primary,1,0,0.0,0,1,1,0,0,30.5,119,0,0,0,0,0,0,0,6.8
18416,50,female,Nightingale,2,secondary,0,1,14.2,1,0,0,0,0,27.9,116,0,0,0,0,0,0,0,5.8
74369,34,male,Doll,2,secondary,0,1,7.4,1,1,0,1,0,29.1,118,0,0,0,0,0,0,0,5.7
77540,29,male,Doll,3,secondary,1,0,0.0,0,0,1,1,0,30.6,106,1,0,0,0,0,0,0,7.4
44714,40,male,Doll,2,primary,1,1,5.9,0,0,1,0,0,31.9,128,0,0,0,0,0,0,1,5.4
82589,20,female,Snow,4,secondary,1,0,0.0,0,1,0,0,0,30.5,90,0,0,0,0,0,0,0,9.8
99494,18,male,Nightingale,2,secondary,0,0,0.0,0,1,0,1,0,33.2,125,0,0,0,0,1,0,0,7.1
27216,21,male,Snow,3,tertiary,1,0,0.0,1,1,0,0,1,29.9,106,0,0,0,0,0,0,0,4.6
51482,44,female,Snow,4,tertiary,1,0,0.0,0,0,0,0,1,26.5,111,0,0,0,0,0,0,0,5.6
35136,71,male,Nightingale,2,secondary,0,1,24.0,1,1,1,0,0,33.9,140,0,1,0,1,1,0,0,9.8
34250,62,male,Hill,5,tertiary,1,0,0.0,0,0,1,0,0,29.7,122,0,0,0,0,0,0,0,9.9
42127,66,male,Snow,3,secondary,0,0,0.0,0,0,0,0,0,24.9,132,0,0,0,0,0,0,0,6.9
53776,53,female,Nightingale,2,secondary,0,1,12.9,0,0,1,0,0,25.5,133,1,0,0,0,0,0,0,8.4
36493,77,female,Snow,2,tertiary,0,1,22.9,1,1,0,0,0,26.9,127,0,0,0,0,0,0,0,8.4
80257,22,female,Doll,5,tertiary,1,0,0.0,1,0,1,0,0,29.7,110,0,0,0,0,0,0,0,5.2
27115,67,male,Nightingale,3,secondary,0,0,0.0,0,1,1,0,1,24.2,135,1,1,0,0,0,0,1,4.9
41503,68,female,Hill,2,secondary,1,1,12.3,0,0,0,0,0,24.9,122,0,0,0,0,0,0,1,5.9
35529,57,male,Nightingale,4,tertiary,1,0,0.0,0,0,0,0,0,25.5,122,0,0,0,0,0,0,0,9.5
80486,63,male,Snow,4,secondary,0,1,16.0,0,0,0,0,0,30.5,139,0,0,0,0,0,0,0,5.8
31649,31,female,Snow,2,secondary,1,1,2.8,0,0,0,1,0,25.3,108,1,0,1,0,0,0,1,10.0
32799,64,female,Snow,2,secondary,1,1,15.2,0,1,0,0,0,30.1,114,0,0,0,0,0,0,1,9.7
39186,55,female,Hill,5,secondary,1,0,0.0,1,0,0,0,0,24.5,105,0,0,0,0,0,0,0,4.2
33482,61,female,Rose,5,tertiary,1,0,0.0,0,0,0,0,0,29.4,114,0,0,0,0,0,0,0,7.1
36422,75,female,Doll,3,secondary,1,1,11.5,1,0,0,0,0,28.9,130,0,0,0,0,0,0,0,8.7
14292,50,male,Hill,3,tertiary,1,0,0.0,0,0,0,0,1,31.4,117,0,0,0,0,1,0,1,5.9
22640,37,male,Hill,3,secondary,0,0,0.0,0,1,1,1,0,29.4,120,0,0,0,0,0,0,0,4.1
95919,59,female,Doll,4,tertiary,1,0,0.0,0,0,0,0,0,26.5,124,0,0,0,0,0,0,0,6.6
50256,75,female,Nightingale,4,primary,1,0,0.0,0,1,1,0,0,27.6,124,0,0,0,0,1,1,1,4.0
33909,48,female,Hill,4,secondary,0,0,0.0,0,0,0,0,0,30.1,112,0,0,0,0,0,0,0,9.7
14889,18,female,Rose,4,primary,0,0,0.0,0,0,0,0,0,28.5,107,0,0,0,0,0,0,0,5.0
61904,77,female,Rose,3,secondary,1,0,0.0,0,0,0,0,0,22.4,128,1,0,0,0,0,0,0,4.8
62712,51,male,Rose,3,secondary,1,0,0.0,0,0,0,1,0,28.2,128,0,0,0,0,0,0,1,10.0
36414,19,female,Hill,4,secondary,1,0,0.0,0,0,0,0,1,20.8,91,0,0,0,0,0,0,1,8.4
54680,33,male,Snow,1,primary,1,0,0.0,0,1,1,1,0,30.8,110,0,0,0,0,0,0,1,8.7
40761,40,male,Doll,5,tertiary,1,0,0.0,0,1,0,0,0,25.7,112,0,0,0,0,0,0,0,6.2
58290,79,male,Rose,4,secondary,0,0,0.0,0,0,0,0,1,31.0,131,0,0,0,0,0,0,0,7.0
22426,32,female,Snow,2,primary,1,0,0.0,1,0,1,0,0,23.6,113,0,0,1,0,0,0,1,6.1
71322,71,female,Snow,2,primary,0,1,22.3,0,1,0,0,0,30.5,133,1,1,1,0,0,0,0,6.4
51314,38,male,Nightingale,4,secondary,1,0,0.0,1,1,0,0,0,32.5,132,0,0,0,0,0,1,1,6.7
68941,68,male,Doll,4,primary,1,0,0.0,1,0,0,0,0,23.0,111,0,0,0,0,0,0,0,4.1
20358,33,female,Nightingale,1,primary,0,1,5.9,0,0,1,1,1,36.2,115,0,0,0,0,0,0,0,6.9
49176,72,female,Rose,4,secondary,1,0,0.0,0,1,0,0,0,32.0,120,0,0,0,0,0,0,0,4.6
77602,61,male,Snow,2,secondary,1,0,0.0,1,1,1,1,0,32.6,127,0,0,0,0,0,0,1,5.5
12830,34,male,Hill,3,secondary,1,0,0.0,0,0,0,0,1,23.6,112,0,0,0,0,0,0,0,5.7
96595,31,female,Rose,2,secondary,0,1,3.1,0,1,1,0,0,32.9,116,0,0,0,0,0,0,0,9.2
29242,34,female,Rose,4,tertiary,1,0,0.0,0,0,0,0,0,25.9,100,0,0,0,0,0,1,0,8.3
74488,46,male,Snow,3,tertiary,0,0,0.0,0,1,0,0,0,28.3,94,0,0,0,0,1,0,0,6.0
19417,20,female,Nightingale,5,secondary,1,0,0.0,1,1,1,1,0,30.7,123,0,0,0,0,0,0,0,5.4
31889,52,female,Hill,4,tertiary,1,0,0.0,0,0,1,1,0,32.9,133,0,0,0,0,0,0,0,5.9
86946,25,female,Rose,5,tertiary,1,0,0.0,0,1,0,1,0,28.4,105,0,0,0,0,1,1,0,4.8
52791,38,male,Snow,2,secondary,1,0,0.0,1,1,0,0,0,29.6,108,0,0,0,0,1,0,1,5.9
97907,45,female,Nightingale,4,primary,1,0,0.0,1,0,0,0,1,24.2,117,0,0,0,0,0,0,0,9.9
86249,62,male,Hill,3,tertiary,1,1,16.1,0,0,1,0,0,28.1,115,0,0,0,0,0,0,0,9.3
45186,35,female,Hill,2,secondary,0,1,5.2,1,1,0,0,0,28.7,123,0,0,0,0,0,0,0,6.1
55130,29,female,Hill,4,secondary,1,0,0.0,0,0,0,1,0,22.3,96,0,0,0,0,0,0,0,9.6
77851,50,female,Nightingale,4,tertiary,1,0,0.0,0,0,0,1,0,18.0,107,0,0,0,0,0,0,0,9.9
40739,57,female,Snow,3,secondary,1,1,14.3,1,0,0,0,0,27.5,122,0,0,0,0,0,0,1,4.8
19582,45,female,Hill,3,primary,0,1,4.8,0,1,0,0,0,32.7,114,0,0,0,0,0,0,0,6.9
79210,35,male,Hill,3,tertiary,1,0,0.0,0,1,1,1,0,26.5,114,0,0,1,0,0,0,1,6.3
55319,64,female,Nightingale,1,primary,0,1,10.7,0,1,1,0,0,27.3,133,0,0,1,0,0,0,0,4.1
74010,72,female,Snow,1,secondary,1,0,0.0,0,1,1,0,0,35.8,130,0,0,0,0,0,0,1,8.3
54017,69,female,Rose,4,tertiary,1,0,0.0,0,0,0,0,1,21.4,120,0,0,0,0,0,0,1,10.0
72049,64,female,Hill,2,secondary,0,0,0.0,1,1,1,0,0,32.1,122,0,0,0,0,0,0,0,7.0
73312,33,male,Rose,2,secondary,1,0,0.0,1,1,1,0,0,30.3,105,0,0,0,0,0,0,0,5.6
23899,64,male,Rose,5,secondary,1,0,0.0,1,1,1,0,0,37.0,134,0,1,0,0,0,0,1,6.2
99072,42,female,Rose,3,secondary,1,1,11.1,0,0,0,0,0,25.8,113,0,0,0,0,0,0,0,8.4
49314,52,male,Doll,5,tertiary,1,0,0.0,0,0,0,1,0,27.6,124,1,0,0,0,0,0,0,4.7
77464,61,male,Nightingale,3,secondary,0,1,17.7,1,1,0,1,0,32.5,147,0,0,0,0,0,0,0,5.1
37079,79,male,Hill,4,secondary,0,0,0.0,0,0,0,0,1,27.5,119,0,0,1,0,0,0,0,4.2
59484,30,female,Rose,3,secondary,1,0,0.0,1,0,1,1,0,34.6,123,0,0,0,0,0,0,0,8.7
88052,21,male,Doll,2,primary,1,1,1.3,1,1,0,0,1,29.1,104,0,0,0,0,0,0,0,6.2
12245,18,female,Snow,2,secondary,0,1,0.0,0,0,1,0,1,27.0,107,0,0,1,0,0,0,1,5.5
25628,59,male,Hill,4,tertiary,1,0,0.0,0,0,0,1,0,27.9,124,0,0,0,0,0,0,0,8.1
69887,28,male,Hill,2,primary,0,0,0.0,1,1,0,1,0,31.2,107,0,0,0,0,0,1,0,8.1
43011,52,female,Snow,3,secondary,1,0,0.0,1,0,0,0,0,24.4,114,1,0,0,0,0,0,0,9.7
11065,67,female,Rose,3,primary,1,0,0.0,0,0,0,0,1,19.7,124,0,0,0,0,0,0,1,6.9
82651,32,female,Nightingale,3,tertiary,1,0,0.0,0,1,0,0,0,27.9,111,0,0,0,0,0,0,0,9.8
78872,45,female,Hill,4,tertiary,1,0,0.0,0,0,0,0,0,26.0,117,0,0,0,0,0,0,1,6.2
55867,22,female,Snow,2,secondary,1,1,1.3,0,1,1,0,1,26.6,96,0,0,1,0,0,0,1,5.9
33379,77,female,Doll,2,tertiary,0,0,0.0,1,1,1,0,0,32.1,149,0,0,0,0,0,0,0,10.0
13923,42,female,Hill,4,secondary,1,0,0.0,0,0,0,0,1,27.4,124,0,0,0,0,0,1,0,9.9
26631,62,female,Doll,4,secondary,1,0,0.0,0,0,1,0,1,28.6,140,0,1,0,0,0,0,1,5.0
21364,44,male,Doll,2,secondary,1,0,0.0,1,0,1,0,0,26.1,106,0,0,0,0,0,0,0,4.9
94414,47,female,Nightingale,2,secondary,1,1,13.8,1,0,0,0,1,31.3,128,0,0,0,0,0,0,0,4.7
58414,79,male,Doll,4,secondary,1,0,0.0,0,0,0,0,0,32.7,134,1,0,0,0,1,0,1,6.8
15246,50,female,Snow,1,tertiary,0,1,11.4,1,1,1,0,1,31.3,128,0,0,0,0,0,0,1,7.4
24108,44,male,Doll,4,tertiary,0,0,0.0,1,1,0,0,0,30.2,123,1,1,0,0,0,0,0,5.5
58664,72,male,Rose,4,tertiary,1,0,0.0,0,0,1,0,0,26.8,126,1,0,0,0,1,0,1,9.6
84917,77,female,Hill,4,tertiary,0,0,0.0,0,0,1,0,0,32.7,133,0,1,0,0,0,0,1,6.5
31500,52,male,Rose,2,primary,1,1,12.1,1,1,1,0,1,29.2,122,0,0,1,0,0,0,1,7.9
49986,44,female,Rose,4,secondary,1,0,0.0,0,1,0,0,0,31.1,136,0,0,0,0,1,1,1,7.0
95994,74,female,Hill,1,primary,0,0,0.0,0,1,0,0,0,28.7,132,0,0,0,0,0,0,0,6.0
92289,79,male,Rose,4,secondary,1,0,0.0,1,0,0,0,0,27.8,133,0,0,0,0,0,0,0,6.6
25804,65,male,Nightingale,1,secondary,1,1,11.2,0,0,0,0,1,26.1,128,0,0,0,0,0,0,0,4.8
81682,73,female,Snow,2,primary,0,0,0.0,1,0,1,0,0,32.5,139,0,1,0,0,0,0,0,4.9
31082,35,female,Nightingale,3,secondary,1,0,0.0,0,0,0,0,1,26.6,110,1,0,1,0,0,0,1,4.4
61737,38,female,Hill,3,tertiary,1,1,4.3,1,0,0,1,1,23.2,115,0,0,0,0,0,0,0,6.7
50328,18,female,Rose,2,secondary,1,0,0.0,0,0,1,1,0,26.6,112,0,0,0,0,0,1,1,5.2
68056,69,male,Nightingale,2,secondary,0,1,26.7,1,0,1,0,0,31.9,120,0,0,0,0,0,0,0,6.1
60849,22,male,Nightingale,3,secondary,0,0,0.0,0,0,1,0,1,25.1,99,0,0,0,0,0,0,0,8.8
50546,28,female,Hill,3,tertiary,1,0,0.0,1,1,0,0,0,30.0,111,1,0,0,0,0,0,0,9.9
59529,18,male,Rose,3,tertiary,1,0,0.0,0,1,0,0,0,35.4,104,1,0,0,0,0,0,0,6.9
40431,50,female,Rose,5,tertiary,1,0,0.0,1,1,1,0,0,22.4,113,1,0,0,0,0,0,0,9.5
31246,73,female,Hill,3,tertiary,0,0,0.0,0,0,0,0,0,30.8,124,0,0,0,0,0,0,0,9.3
93549,51,male,Hill,4,tertiary,1,1,10.5,0,0,0,0,0,26.7,121,0,0,0,0,0,0,0,5.9
98788,42,male,Nightingale,4,secondary,1,1,12.4,0,0,0,0,1,30.9,107,0,0,1,0,0,0,1,4.3
33449,43,female,Doll,5,secondary,0,0,0.0,0,0,0,0,0,24.1,105,0,0,1,0,0,0,1,6.5
96403,41,female,Doll,4,secondary,1,1,8.9,0,1,1,0,0,34.7,121,0,0,0,1,0,0,0,4.4
93661,74,male,Rose,2,secondary,1,0,0.0,1,1,0,0,0,30.7,125,0,0,0,0,1,0,0,6.7
51422,73,male,Snow,4,secondary,0,0,0.0,1,1,0,0,0,30.7,133,0,0,0,0,0,0,0,6.6
89054,23,female,Snow,1,secondary,0,0,0.0,0,0,0,1,0,32.0,108,0,0,0,0,0,0,1,9.0
60345,57,female,Nightingale,2,secondary,0,0,0.0,0,1,0,0,0,27.4,112,0,0,0,0,0,0,0,4.4
54061,40,male,Doll,5,tertiary,1,0,0.0,0,0,0,1,0,25.9,121,0,0,0,0,0,1,1,9.4
30686,72,female,Hill,2,primary,1,1,15.7,0,0,1,0,0,32.6,127,1,0,0,0,0,1,0,5.4
63924,18,female,Hill,5,secondary,1,0,0.0,0,1,1,1,0,29.1,103,0,0,0,0,0,1,1,9.1
80753,52,male,Snow,3,secondary,1,0,0.0,1,1,1,0,0,30.2,114,0,0,0,0,0,0,1,8.8
84605,68,male,Snow,3,secondary,0,1,18.2,1,0,0,0,0,24.1,131,0,0,0,0,0,0,0,4.5
62799,19,female,Rose,5,secondary,0,1,0.3,0,1,0,1,0,27.0,109,1,0,1,0,0,0,0,5.3
67953,58,male,Hill,4,primary,1,0,0.0,0,0,0,1,0,24.8,122,1,1,0,0,0,1,1,7.6
82044,24,male,Snow,3,primary,0,0,0.0,0,1,1,1,0,26.1,111,0,0,0,0,0,1,0,7.9
12786,74,female,Hill,3,primary,1,0,0.0,1,0,0,0,0,30.9,132,0,0,0,0,0,0,0,5.3
77388,31,male,Hill,4,secondary,1,0,0.0,1,0,0,0,0,22.7,101,0,0,0,0,0,0,1,9.7
99250,24,female,Nightingale,3,primary,0,0,0.0,0,0,0,0,0,27.3,104,0,0,0,0,0,0,0,8.7
23035,73,male,Snow,4,secondary,1,1,28.0,0,0,1,0,0,33.0,131,0,0,0,0,0,0,0,6.9
98144,64,male,Nightingale,4,tertiary,0,0,0.0,0,0,0,0,0,27.0,121,0,0,0,0,0,0,1,5.2
31411,47,male,Rose,4,tertiary,1,0,0.0,1,0,0,1,1,22.3,105,0,0,0,0,0,1,0,4.2
57383,31,female,Rose,5,secondary,1,1,6.0,0,1,1,1,0,29.9,106,1,0,0,0,0,0,0,8.8
32948,41,male,Rose,2,secondary,1,0,0.0,0,0,0,0,0,26.6,110,0,0,0,0,0,0,0,6.2
59588,24,female,Nightingale,3,secondary,1,0,0.0,1,0,1,0,0,18.5,98,1,0,0,0,0,0,0,5.0
80523,60,female,Doll,4,secondary,1,1,19.5,1,0,1,0,1,26.8,121,0,0,0,0,0,0,0,6.1
35381,78,male,Nightingale,4,tertiary,0,0,0.0,0,0,0,0,0,21.9,146,0,0,0,0,0,0,0,7.2
83829,27,female,Doll,4,secondary,1,0,0.0,0,1,0,0,0,20.6,90,0,0,0,0,0,0,0,4.5
79841,58,male,Nightingale,4,secondary,1,0,0.0,1,0,0,0,0,31.0,143,0,0,0,0,0,0,0,8.5
28092,69,male,Rose,3,secondary,0,0,0.0,0,1,0,0,0,32.7,139,0,0,0,0,0,0,0,4.4
24053,25,male,Snow,1,primary,1,1,2.8,1,0,1,0,0,29.6,102,0,0,0,0,0,0,0,5.2
98974,35,female,Hill,3,secondary,0,0,0.0,1,0,0,1,0,28.0,126,0,0,0,0,0,0,0,7.4
65855,40,female,Snow,2,secondary,0,0,0.0,0,0,1,1,0,29.3,143,0,0,0,0,0,0,1,4.5
67834,63,male,Hill,4,secondary,0,0,0.0,0,0,1,0,0,27.7,119,0,0,0,0,0,0,0,7.9
23866,71,male,Nightingale,1,secondary,0,0,0.0,1,1,0,0,0,30.3,121,0,0,0,0,0,0,0,4.8
16200,62,male,Nightingale,2,secondary,1,0,0.0,0,0,1,0,0,28.0,104,0,0,0,0,1,0,1,7.6
45308,60,female,Nightingale,2,secondary,1,0,0.0,1,1,0,1,1,24.4,130,0,0,0,0,0,0,1,7.9
14433,59,female,Rose,5,secondary,1,1,15.5,0,0,0,0,0,23.0,120,0,0,0,0,1,0,1,7.3
27406,79,male,Hill,2,primary,1,1,15.8,0,1,1,0,1,33.5,137,0,0,0,0,1,0,1,5.4
35865,50,male,Hill,2,tertiary,1,1,6.5,0,0,0,1,0,26.2,124,0,0,0,0,0,0,0,6.0
92632,63,male,Doll,3,secondary,1,0,0.0,0,0,1,1,0,26.5,131,0,1,0,0,0,0,1,5.1
64063,34,male,Hill,3,secondary,1,0,0.0,0,1,1,1,0,29.3,109,1,0,0,0,0,0,1,8.6
39049,50,female,Snow,4,primary,1,0,0.0,1,0,0,0,0,26.4,111,0,0,0,0,0,0,0,5.9
79127,45,male,Doll,5,secondary,1,0,0.0,1,1,0,0,0,27.9,103,0,0,1,0,0,0,0,7.2
33552,64,female,Rose,2,primary,0,1,17.5,1,1,0,0,0,28.9,132,1,0,0,0,0,0,0,6.6
47368,50,female,Nightingale,3,secondary,0,1,8.2,1,1,1,0,0,36.8,122,0,1,0,1,0,0,1,6.9
32015,33,male,Rose,5,secondary,1,0,0.0,0,0,0,0,0,24.4,108,0,0,0,0,0,0,0,5.3
52279,66,female,Rose,4,secondary,0,0,0.0,1,0,1,0,0,31.6,128,0,0,0,0,0,0,0,4.7
10832,56,female,Hill,3,secondary,0,1,9.2,0,1,1,0,0,28.9,132,0,0,0,0,0,0,0,7.1
13844,28,female,Doll,5,tertiary,1,0,0.0,0,0,0,0,1,25.9,101,0,0,0,0,0,0,0,7.9
75339,70,male,Hill,5,secondary,1,0,0.0,0,0,0,0,0,28.9,128,0,0,0,0,1,0,1,4.5
35258,62,female,Snow,3,tertiary,0,0,0.0,1,1,1,0,0,28.6,117,0,0,0,0,0,0,0,5.6
52634,26,female,Doll,4,secondary,0,0,0.0,0,0,0,0,1,27.3,117,0,0,0,0,0,0,0,5.1
13300,41,female,Doll,3,secondary,0,0,0.0,0,1,0,0,0,28.2,110,0,0,0,0,0,0,0,5.5
40081,33,female,Hill,1,primary,1,0,0.0,0,1,0,1,0,30.6,118,0,0,0,0,0,0,0,7.1
37404,39,male,Rose,3,primary,1,0,0.0,0,1,0,1,1,32.6,125,1,0,0,0,0,0,0,6.7
42568,61,female,Rose,2,secondary,1,0,0.0,0,0,0,0,0,28.8,124,0,0,0,0,0,0,0,6.5
62590,36,male,Snow,3,secondary,1,1,8.1,1,0,1,1,1,25.7,118,0,0,0,0,0,0,0,4.5
95197,79,male,Rose,5,secondary,1,0,0.0,0,0,1,0,1,27.6,133,0,0,1,0,0,0,1,4.1
33268,73,male,Doll,4,tertiary,0,0,0.0,1,0,1,0,1,28.7,136,0,0,1,0,0,0,1,8.0
27353,56,female,Hill,5,secondary,1,0,0.0,0,1,0,0,0,29.1,121,0,0,0,0,0,0,0,5.3
86463,77,male,Nightingale,3,secondary,0,0,0.0,0,0,0,0,0,33.0,122,1,1,0,0,0,1,1,8.6
71272,42,male,Snow,4,tertiary,0,0,0.0,1,0,0,0,0,26.2,110,0,0,0,0,0,0,1,5.5
41243,51,female,Rose,2,secondary,0,0,0.0,0,1,1,0,0,29.4,117,0,0,0,0,1,0,0,9.9
42305,40,male,Snow,2,secondary,1,0,0.0,0,0,1,0,0,28.3,92,0,0,0,0,0,0,0,8.2
50501,58,female,Snow,4,secondary,0,0,0.0,1,0,0,0,0,27.6,137,0,0,0,0,0,0,0,8.2
27192,67,male,Nightingale,4,secondary,1,1,20.7,0,1,1,0,0,25.8,126,0,0,0,0,1,0,1,6.8
23953,40,female,Nightingale,2,secondary,0,0,0.0,0,1,0,1,0,29.6,118,0,1,0,0,0,0,1,4.0
25822,36,male,Rose,3,tertiary,0,1,5.5,0,0,1,1,0,28.5,125,0,0,0,0,0,1,0,7.2
29482,60,male,Hill,2,tertiary,1,0,0.0,1,1,0,0,0,30.1,125,0,0,0,0,0,0,0,7.7
23926,50,male,Rose,4,secondary,0,0,0.0,0,1,1,0,0,27.8,117,0,0,0,0,0,0,0,9.7
87937,67,male,Hill,4,tertiary,0,1,25.2,0,1,1,0,1,30.7,133,0,1,0,0,0,0,1,9.4
93914,62,male,Snow,1,secondary,1,0,0.0,1,0,1,0,1,30.4,121,0,0,0,0,0,0,1,5.5
23241,51,female,Doll,5,secondary,1,0,0.0,1,0,1,0,0,24.1,123,0,0,0,0,0,0,0,9.9
19624,37,male,Rose,5,secondary,1,1,9.3,0,0,0,1,1,22.6,123,1,0,0,0,0,0,0,9.1
87478,32,female,Nightingale,2,primary,1,0,0.0,0,1,1,1,1,34.5,129,0,0,0,0,0,0,0,8.5
47065,38,male,Rose,2,secondary,0,0,0.0,0,0,0,0,0,26.0,96,1,0,0,0,0,0,0,6.5
31102,46,male,Doll,3,tertiary,0,1,14.3,0,0,1,0,0,22.5,99,0,0,0,0,0,0,0,8.8
86040,20,male,Snow,3,tertiary,1,0,0.0,1,0,1,0,0,30.7,120,0,0,0,0,0,0,0,4.3
23747,67,male,Hill,5,tertiary,0,0,0.0,1,0,0,1,0,24.5,140,0,0,0,0,0,0,0,5.8
89638,47,female,Nightingale,5,tertiary,1,0,0.0,0,0,1,0,0,25.4,131,0,0,0,0,0,0,0,4.1
71168,32,female,Nightingale,3,tertiary,0,0,0.0,0,0,0,1,0,23.9,106,0,0,0,0,0,0,0,8.0
53223,77,male,Doll,4,secondary,1,0,0.0,0,0,0,0,0,25.4,124,0,0,0,0,0,0,0,4.2
42810,32,female,Rose,3,tertiary,1,0,0.0,0,0,0,1,0,26.0,117,0,0,0,0,0,0,1,4.1
82597,71,female,Doll,5,tertiary,1,0,0.0,0,0,1,0,0,30.7,123,0,0,0,0,0,0,0,4.1
78583,27,female,Hill,2,secondary,1,0,0.0,1,1,0,1,0,26.9,99,0,0,0,0,0,1,0,8.8
76474,41,male,Rose,3,secondary,0,0,0.0,0,0,0,0,0,19.1,102,0,0,0,0,0,0,0,7.8
28856,54,female,Hill,1,primary,0,0,0.0,0,1,1,0,0,28.7,119,0,0,1,0,0,0,1,9.5
36841,63,male,Snow,2,secondary,0,1,21.0,0,1,1,0,0,24.5,136,0,0,0,0,0,0,0,6.7
12966,24,female,Doll,3,secondary,0,0,0.0,0,0,0,0,0,18.5,90,1,0,0,0,0,0,0,7.6
49950,49,female,Doll,4,secondary,1,0,0.0,0,0,1,0,1,28.6,110,0,0,0,0,0,0,0,5.4
62412,60,female,Snow,3,secondary,1,1,18.4,1,1,1,0,0,31.6,123,0,0,0,0,0,0,1,9.8
39504,69,male,Nightingale,5,tertiary,0,0,0.0,0,1,1,0,1,32.8,132,0,0,0,0,0,0,0,7.0
17511,49,female,Hill,2,secondary,0,0,0.0,1,1,1,0,1,30.5,116,0,0,1,0,1,0,1,7.6
31406,34,male,Doll,2,secondary,0,1,7.2,1,1,0,1,0,29.5,104,0,0,0,0,0,0,0,4.9
96762,47,female,Snow,3,tertiary,1,0,0.0,1,1,0,0,0,27.0,101,0,0,0,0,0,1,0,7.7
61087,69,female,Doll,2,secondary,1,0,0.0,0,1,1,1,1,31.2,143,0,0,0,0,0,0,1,5.8
24433,67,male,Doll,3,primary,1,0,0.0,0,0,0,0,1,29.0,132,1,0,0,0,1,0,1,9.3
40271,76,male,Rose,5,tertiary,1,0,0.0,0,1,1,0,0,36.3,130,0,0,0,0,0,0,0,7.8
70887,58,female,Nightingale,2,secondary,1,0,0.0,0,0,1,0,0,23.1,127,0,0,0,0,0,0,0,8.5
52196,25,female,Rose,5,tertiary,1,0,0.0,1,0,0,0,0,25.7,116,0,0,0,0,0,0,1,5.1
21201,62,female,Nightingale,2,primary,1,0,0.0,0,1,0,0,0,30.1,126,1,0,0,0,0,0,1,4.2
52227,72,male,Nightingale,2,secondary,0,1,19.1,1,0,1,0,1,29.6,141,0,1,0,0,0,0,1,7.4
87314,59,male,Nightingale,3,tertiary,0,1,18.5,0,0,0,0,0,30.0,121,0,1,0,0,0,0,1,4.3
28883,48,female,Hill,4,secondary,0,1,9.5,0,0,0,0,0,32.0,130,0,0,0,0,0,0,0,8.0
34188,41,male,Nightingale,4,secondary,0,0,0.0,0,0,0,0,0,29.2,111,0,0,0,0,0,0,0,5.5
96274,18,male,Nightingale,3,secondary,1,1,0.0,0,0,0,1,0,29.4,124,1,0,0,0,0,0,0,8.9
89195,29,female,Hill,2,tertiary,0,0,0.0,1,1,1,0,0,33.2,111,1,0,0,0,0,0,0,6.5
39076,37,male,Hill,1,primary,1,0,0.0,1,1,0,0,0,23.8,104,0,0,0,0,0,1,1,8.9
52647,42,male,Doll,5,tertiary,1,0,0.0,0,0,0,1,0,22.5,105,0,0,0,0,0,0,0,6.8
51956,43,female,Doll,4,tertiary,0,0,0.0,0,0,1,0,0,30.3,121,0,0,0,0,0,0,0,6.9
37962,35,male,Doll,5,secondary,1,0,0.0,0,0,0,1,0,26.0,109,0,0,0,0,0,0,0,4.1
36369,21,male,Doll,2,secondary,0,0,0.0,1,1,0,0,0,20.4,90,0,0,0,0,1,1,0,7.5
97870,72,female,Snow,1,primary,0,1,28.2,1,1,1,0,0,27.7,128,0,0,0,0,0,0,0,7.4
75392,70,female,Nightingale,5,tertiary,1,0,0.0,0,0,0,0,0,26.0,124,0,0,0,0,1,0,1,4.3
18413,74,female,Doll,5,tertiary,1,0,0.0,1,0,0,0,1,26.1,137,1,0,1,0,0,0,1,9.7
24440,45,male,Rose,5,tertiary,1,0,0.0,1,0,0,0,0,20.0,112,0,0,0,0,0,0,0,6.2
47552,28,female,Doll,2,secondary,1,0,0.0,1,0,1,1,0,23.7,106,0,0,0,0,0,0,0,4.7
42777,30,female,Rose,2,secondary,0,0,0.0,0,1,1,1,0,35.4,130,0,0,1,0,0,0,1,5.7
12765,75,male,Nightingale,1,primary,0,1,10.1,0,1,0,0,1,37.1,127,0,0,0,0,1,1,1,4.8
92958,61,male,Nightingale,1,secondary,0,1,18.7,0,1,0,0,1,33.7,112,1,0,0,0,0,0,0,4.9
95942,31,female,Nightingale,3,tertiary,1,0,0.0,1,0,0,0,1,28.3,118,0,0,0,0,0,0,0,8.0
69026,19,male,Hill,3,secondary,0,1,0.2,0,0,0,1,0,20.8,105,0,0,0,0,0,0,0,7.6
68999,71,male,Snow,1,primary,0,0,0.0,0,0,1,0,1,23.8,136,0,0,0,0,0,0,0,4.2
68006,39,male,Snow,4,tertiary,1,0,0.0,0,0,1,0,0,30.6,104,0,0,0,0,0,0,0,7.0
52409,27,male,Nightingale,3,secondary,0,1,1.6,0,0,0,1,0,22.3,108,0,0,0,0,0,0,0,7.1
84934,19,female,Rose,4,secondary,1,0,0.0,1,1,0,0,1,23.0,90,0,0,0,0,0,0,0,6.0
64114,40,male,Snow,1,tertiary,1,1,9.7,1,0,0,0,0,25.8,104,0,0,0,0,0,0,1,5.1
85971,45,female,Rose,5,secondary,1,0,0.0,0,0,0,0,0,31.2,103,0,0,0,0,0,0,0,9.8
61327,29,female,Snow,2,secondary,1,1,5.5,0,0,1,0,1,25.7,114,0,0,1,0,0,0,1,6.9
79226,36,male,Nightingale,2,secondary,0,0,0.0,0,1,1,1,0,27.8,109,0,0,0,0,0,0,0,4.5
41193,46,male,Rose,4,secondary,1,0,0.0,0,0,0,0,0,26.7,108,0,0,0,0,0,0,0,9.4
66758,18,male,Doll,4,primary,1,0,0.0,0,1,0,0,0,21.7,91,0,0,0,0,0,0,0,10.0
37612,74,female,Doll,3,secondary,0,0,0.0,0,1,0,0,0,32.8,131,0,0,0,0,1,0,1,5.0
71729,20,female,Snow,1,primary,0,1,0.6,0,1,0,1,0,31.0,117,1,0,1,0,0,0,0,6.2
45795,69,female,Nightingale,4,tertiary,0,0,0.0,0,1,0,0,0,27.9,130,0,0,0,0,0,0,0,4.2
25874,21,male,Rose,4,tertiary,1,0,0.0,0,0,0,0,0,25.4,112,1,0,0,0,0,0,0,7.4
32233,39,female,Rose,2,secondary,0,0,0.0,1,0,0,0,1,26.6,90,0,0,1,0,0,0,0,9.0
62086,54,female,Rose,4,tertiary,0,0,0.0,0,0,0,0,0,26.0,119,0,0,0,0,0,0,0,7.8
29302,31,male,Nightingale,3,secondary,0,0,0.0,0,0,1,0,0,26.4,104,0,0,0,0,0,0,0,9.1
84751,44,female,Snow,3,tertiary,0,0,0.0,1,0,0,1,0,25.9,121,0,1,0,0,0,0,0,6.1
64738,37,female,Rose,5,tertiary,0,0,0.0,0,1,0,1,0,20.2,109,0,0,1,0,0,0,1,8.0
30511,63,female,Hill,4,primary,0,1,23.0,1,1,0,0,1,28.6,126,0,1,0,0,0,0,1,6.4
66160,34,male,Doll,4,tertiary,1,0,0.0,0,0,0,1,1,29.9,118,0,0,1,0,0,0,0,6.2
21505,42,male,Snow,4,secondary,1,0,0.0,1,1,0,0,0,29.7,116,0,0,0,0,0,0,0,5.7
59131,75,male,Doll,4,secondary,1,1,14.7,0,0,0,0,0,32.7,141,0,0,0,0,0,0,0,9.1
20926,18,male,Nightingale,5,tertiary,1,0,0.0,0,0,0,0,0,28.4,113,1,0,0,0,0,0,1,4.3
15341,79,male,Snow,4,secondary,1,0,0.0,1,0,0,0,0,22.4,124,0,1,0,0,0,0,1,6.4
17535,76,female,Snow,4,secondary,1,0,0.0,1,0,1,0,0,30.4,128,0,0,0,0,0,0,1,9.9
65218,68,male,Doll,5,tertiary,0,0,0.0,0,0,0,0,0,26.9,144,0,0,0,0,0,0,0,4.9
56824,43,male,Doll,3,primary,0,0,0.0,0,1,0,0,0,32.3,110,1,0,0,0,1,0,1,4.6
71067,73,male,Nightingale,2,secondary,1,0,0.0,0,1,0,0,0,28.9,124,0,0,0,0,0,0,0,5.4
40418,74,female,Rose,2,secondary,0,1,14.9,0,1,0,0,0,31.9,132,0,0,0,1,1,0,1,7.5
37137,61,female,Nightingale,3,secondary,0,1,21.5,0,0,0,0,0,27.2,129,1,1,0,0,0,0,1,9.5
77972,36,male,Rose,4,secondary,1,0,0.0,0,0,0,0,0,29.8,109,1,0,0,0,0,0,0,7.0
35063,64,male,Hill,3,secondary,1,0,0.0,0,1,0,0,0,28.7,128,0,0,0,0,0,0,0,8.3
95272,53,female,Doll,4,tertiary,1,0,0.0,1,0,1,1,0,24.4,113,0,0,0,0,0,1,0,6.1
38105,30,male,Rose,2,secondary,1,0,0.0,0,0,1,1,0,26.6,104,0,0,0,0,0,0,0,9.9
81739,21,female,Rose,5,secondary,1,0,0.0,1,0,0,0,0,26.2,90,0,0,0,0,0,0,1,5.3
51085,25,male,Hill,4,secondary,0,0,0.0,0,0,0,1,0,25.1,116,0,0,0,0,0,0,1,4.6
42368,39,male,Rose,2,secondary,0,1,9.5,0,1,0,0,0,26.3,107,0,0,0,0,0,0,0,4.8
56162,40,male,Nightingale,1,secondary,1,0,0.0,1,0,1,1,0,25.7,108,0,0,0,0,0,0,0,7.4
13954,19,male,Hill,3,tertiary,1,0,0.0,0,0,0,1,0,20.9,112,1,0,1,0,0,0,1,7.0
92599,58,female,Rose,5,tertiary,1,1,11.2,0,0,0,0,1,25.2,121,0,0,0,0,0,0,1,5.8
10185,72,female,Doll,5,tertiary,1,1,18.6,0,0,0,0,0,27.6,108,0,0,0,0,0,0,0,8.6
41697,28,female,Nightingale,4,tertiary,0,0,0.0,0,0,1,0,0,29.9,114,0,0,0,0,0,0,0,6.6
58374,45,female,Snow,2,secondary,0,1,10.6,1,0,0,0,0,31.6,118,0,0,0,0,0,0,0,6.9
14269,67,female,Nightingale,3,tertiary,1,0,0.0,0,1,1,0,0,36.1,110,0,0,0,0,1,0,1,7.9
12483,68,male,Doll,2,secondary,0,1,25.7,1,0,1,0,0,29.1,119,1,1,0,1,1,0,0,9.5
13927,77,female,Nightingale,3,primary,0,0,0.0,1,0,1,0,0,34.7,135,0,0,0,0,1,0,1,7.0
98792,35,male,Doll,5,tertiary,0,1,3.9,0,0,1,0,1,23.9,118,0,0,0,0,0,0,0,8.9
20620,22,female,Rose,4,tertiary,1,0,0.0,0,1,0,0,0,24.0,97,0,0,0,0,0,0,1,4.6
22852,69,female,Doll,5,secondary,1,0,0.0,0,0,0,0,0,18.4,124,1,0,0,0,0,0,1,9.7
64545,33,male,Rose,4,tertiary,1,0,0.0,0,0,0,1,0,31.8,109,0,0,0,0,0,0,0,6.6
89825,65,male,Nightingale,2,secondary,0,1,8.7,0,1,0,0,1,26.9,124,0,0,0,0,0,0,0,8.7
80738,68,male,Rose,4,tertiary,1,0,0.0,0,1,0,0,0,27.9,118,0,0,0,0,1,0,1,7.5
27100,56,male,Snow,2,secondary,1,1,19.6,1,1,1,0,0,30.8,141,0,0,0,0,0,1,0,8.0
51069,59,male,Doll,5,tertiary,1,1,8.6,0,0,1,1,0,29.0,117,0,0,0,0,0,0,0,7.1
88584,78,male,Doll,4,primary,1,0,0.0,0,0,0,0,0,27.6,130,0,0,0,0,0,0,0,4.3
88785,73,female,Hill,3,secondary,1,0,0.0,0,1,1,1,1,30.0,127,1,0,1,0,0,0,1,8.1
66150,75,male,Rose,5,tertiary,1,0,0.0,0,0,0,0,0,30.5,138,0,0,0,0,0,0,1,7.6
90589,76,male,Hill,2,primary,1,1,17.4,1,0,1,0,0,27.8,135,0,0,0,1,0,0,1,9.3
90916,46,female,Rose,5,tertiary,1,0,0.0,1,0,0,0,0,29.9,98,1,0,0,0,0,0,0,9.1
80410,38,male,Snow,2,tertiary,1,1,5.4,0,1,0,0,0,23.4,102,0,0,0,0,0,0,0,5.1
53700,63,male,Hill,2,secondary,0,0,0.0,1,0,0,0,0,28.1,122,0,0,1,0,0,0,1,4.8
69789,62,male,Rose,4,tertiary,1,1,22.4,0,0,0,0,0,29.1,121,0,0,0,0,0,0,0,6.9
10940,41,male,Nightingale,2,secondary,1,0,0.0,1,0,0,0,0,27.2,105,1,0,0,0,0,0,0,5.3
40669,64,male,Doll,5,secondary,1,0,0.0,1,0,0,1,0,30.9,114,0,0,0,0,0,0,0,4.8
88500,58,female,Hill,2,primary,1,0,0.0,1,0,0,0,1,27.6,128,1,0,0,0,0,0,1,5.9
47523,64,male,Hill,3,secondary,0,0,0.0,0,0,0,0,0,29.1,132,0,0,0,0,0,0,0,5.9
78751,62,male,Hill,4,secondary,0,0,0.0,1,0,1,1,0,35.1,134,0,0,0,0,1,0,0,4.2
97667,50,female,Doll,2,secondary,0,1,7.7,0,1,0,1,0,32.0,139,0,0,0,0,0,0,0,4.8
23855,57,female,Rose,3,secondary,1,0,0.0,1,0,0,0,0,29.0,121,1,0,0,0,0,0,0,5.7
98718,42,male,Snow,3,primary,0,0,0.0,1,1,0,0,1,25.5,118,0,0,0,0,0,1,0,9.6
24281,38,female,Hill,1,primary,0,0,0.0,1,0,0,0,0,27.9,112,0,0,0,0,0,0,0,8.8
10870,41,female,Nightingale,3,secondary,0,0,0.0,0,1,0,0,1,29.5,91,1,0,0,0,0,0,0,8.1
41046,71,male,Doll,5,tertiary,1,0,0.0,1,0,1,0,0,30.2,118,0,0,0,0,0,0,0,7.1
33543,47,female,Rose,5,tertiary,1,0,0.0,0,0,0,0,0,19.0,104,0,0,0,0,0,1,0,7.2
91096,40,female,Rose,4,tertiary,1,0,0.0,1,1,1,1,0,29.2,122,0,0,0,0,0,0,1,4.6
51472,69,female,Nightingale,3,secondary,0,0,0.0,0,0,0,0,1,29.2,133,1,0,0,0,0,0,0,9.9
29652,74,female,Rose,2,secondary,0,1,19.6,0,1,1,0,0,35.1,144,0,0,1,1,0,1,1,9.3
51234,50,male,Nightingale,1,secondary,1,0,0.0,1,1,1,0,0,29.2,110,0,0,0,0,0,0,0,8.7
80754,59,male,Nightingale,4,secondary,1,0,0.0,0,0,0,1,0,22.9,139,0,0,0,0,0,0,0,4.9
11921,39,male,Doll,3,tertiary,0,0,0.0,0,0,0,0,0,22.8,106,0,0,0,0,0,0,0,4.2
39006,59,female,Hill,3,secondary,0,1,8.4,1,0,1,0,0,29.9,126,0,0,0,0,0,0,0,9.9
72197,79,male,Rose,4,tertiary,0,1,25.7,0,0,1,0,1,29.4,143,0,0,0,0,0,0,0,4.1
54611,36,male,Doll,3,secondary,0,0,0.0,1,1,0,1,0,28.8,120,0,0,0,0,0,0,0,8.6
96371,60,female,Hill,3,secondary,1,0,0.0,1,1,0,0,1,33.0,131,0,0,0,0,0,0,1,6.1
62457,72,female,Doll,4,secondary,1,0,0.0,0,0,0,0,0,31.4,138,0,0,0,0,1,0,1,5.6
80589,31,female,Doll,2,primary,0,0,0.0,0,0,0,0,1,26.3,108,0,0,0,0,0,0,0,9.4
57722,29,male,Doll,4,secondary,0,0,0.0,0,1,1,0,0,30.2,106,0,0,0,0,0,1,0,4.7
67273,32,female,Rose,5,tertiary,0,0,0.0,0,0,0,0,0,27.0,90,0,0,0,0,0,0,0,6.7
56982,57,female,Nightingale,4,primary,0,0,0.0,0,0,1,0,1,25.1,125,0,0,0,0,1,0,1,8.5
41041,32,female,Doll,3,secondary,0,0,0.0,0,0,1,0,1,23.5,125,0,0,0,0,0,0,0,9.4
43630,40,female,Doll,4,tertiary,1,0,0.0,0,0,0,0,1,17.6,102,0,0,0,0,0,0,0,5.1
45366,67,female,Snow,2,secondary,1,1,24.1,0,0,1,0,1,35.2,125,0,0,1,0,1,0,1,6.1
61517,60,female,Snow,4,secondary,1,0,0.0,1,0,0,1,0,25.2,128,1,0,0,0,0,0,0,5.5
83074,73,male,Snow,1,secondary,0,0,0.0,1,1,1,0,1,34.6,139,0,1,0,0,1,0,1,6.0
12314,30,female,Nightingale,3,secondary,1,0,0.0,1,1,1,0,0,27.3,95,0,0,0,0,0,0,0,5.5
33131,62,female,Snow,3,tertiary,1,0,0.0,1,0,0,1,0,27.0,130,0,0,0,0,0,1,0,6.9
53463,48,female,Doll,5,tertiary,0,1,9.9,1,0,0,1,0,26.6,118,0,0,0,0,0,0,0,9.5
65150,76,male,Snow,2,primary,1,1,23.4,1,0,1,0,1,26.5,117,0,1,1,0,0,0,1,6.2
43156,34,female,Doll,4,secondary,0,0,0.0,0,0,1,1,1,34.9,128,0,0,0,0,0,0,0,6.7
77586,53,male,Doll,2,secondary,0,0,0.0,0,1,1,0,0,30.9,119,1,0,0,0,0,0,0,6.0
12022,35,female,Hill,3,secondary,1,0,0.0,1,0,0,1,0,22.8,107,0,0,0,0,0,0,0,8.4
63286,67,male,Doll,4,secondary,1,0,0.0,0,0,0,1,0,26.2,131,0,0,0,0,0,0,0,6.8
42409,27,male,Hill,2,secondary,0,0,0.0,0,1,1,1,1,29.6,120,0,0,1,0,0,1,1,9.5
17782,50,female,Doll,2,secondary,0,0,0.0,0,0,1,0,0,30.4,118,0,0,0,0,0,0,1,5.4
67474,56,male,Nightingale,1,primary,1,1,18.7,1,1,1,0,1,33.9,134,0,0,0,0,0,0,0,6.5
75638,38,male,Rose,4,secondary,1,1,6.4,1,1,1,1,0,34.6,114,0,0,0,0,1,0,1,8.0
53087,31,female,Snow,4,secondary,0,0,0.0,1,0,1,0,1,27.6,103,0,0,1,0,0,0,0,5.3
78167,32,male,Snow,2,primary,0,0,0.0,0,1,0,0,0,27.3,107,1,1,0,0,0,0,1,4.5
50022,24,female,Doll,3,secondary,1,1,2.3,1,1,1,0,0,30.6,102,0,0,0,0,0,0,1,4.9
93150,38,female,Snow,1,secondary,0,0,0.0,0,0,0,0,0,21.1,114,0,0,0,0,0,0,1,9.3
16257,74,female,Rose,5,tertiary,1,1,20.7,0,0,1,0,0,27.5,133,0,0,0,0,1,0,1,6.1
74368,46,female,Snow,1,secondary,0,0,0.0,1,1,0,0,0,26.9,118,0,0,0,0,0,0,0,4.4
32338,26,male,Nightingale,2,secondary,0,1,3.1,0,0,0,0,1,21.8,109,0,0,0,0,0,0,0,7.0
10059,71,female,Hill,2,secondary,1,0,0.0,1,0,1,0,0,25.7,119,0,0,1,0,0,0,1,8.0
20580,51,female,Doll,5,tertiary,1,0,0.0,0,1,0,0,0,23.5,132,0,0,0,0,0,1,1,8.4
46884,19,female,Hill,3,primary,0,0,0.0,1,0,1,0,0,20.8,95,0,0,0,0,0,0,0,8.9
62594,33,male,Rose,4,tertiary,1,0,0.0,1,0,0,0,0,21.3,110,0,0,0,0,0,0,1,4.5
61859,41,male,Doll,2,secondary,1,0,0.0,0,1,0,0,1,36.8,111,0,0,0,0,0,0,0,5.6
97720,67,male,Hill,2,secondary,0,0,0.0,1,0,1,0,0,26.7,144,0,0,0,0,0,0,0,9.1
59376,74,male,Hill,4,secondary,1,1,22.2,0,0,0,0,1,22.7,129,0,0,1,0,0,0,1,6.0
33613,70,female,Rose,3,secondary,1,0,0.0,1,0,1,0,0,33.1,132,0,0,0,0,0,0,1,5.2
76579,28,female,Snow,3,secondary,1,0,0.0,0,0,1,0,1,22.9,104,0,0,0,0,0,0,0,6.0
66292,79,female,Rose,5,secondary,0,0,0.0,0,0,0,1,0,32.6,128,0,0,0,0,0,0,0,9.5
75482,33,male,Doll,2,primary,1,0,0.0,1,1,0,0,0,31.5,105,0,0,0,0,0,0,0,5.7
49646,39,female,Rose,5,tertiary,1,0,0.0,1,0,0,0,0,23.1,112,1,0,0,0,0,0,0,4.3
83903,36,female,Rose,4,secondary,1,0,0.0,0,0,0,0,0,27.7,102,0,0,0,0,0,1,0,5.0
93978,52,male,Snow,4,secondary,0,0,0.0,1,1,1,1,1,29.8,138,0,1,0,0,0,0,0,4.0
88801,31,male,Snow,2,tertiary,0,0,0.0,0,0,1,0,0,23.9,99,0,0,0,0,0,0,0,8.4
50519,62,male,Snow,2,secondary,1,0,0.0,0,0,0,0,0,24.2,129,0,0,0,0,0,0,0,9.8
93919,48,male,Doll,4,tertiary,0,0,0.0,0,0,1,0,0,24.1,114,0,0,0,0,0,0,0,5.4
88381,51,female,Hill,2,secondary,1,0,0.0,1,0,1,1,0,29.3,117,0,0,0,0,0,0,0,5.6
98182,46,male,Rose,5,tertiary,1,1,6.2,0,0,1,0,1,26.3,109,0,0,0,0,0,0,0,8.2
52328,23,female,Hill,1,secondary,0,0,0.0,1,0,1,1,0,27.4,144,1,0,0,0,0,0,0,6.8
49417,55,female,Rose,3,tertiary,1,1,9.4,0,1,1,1,0,30.8,123,1,0,0,0,0,0,1,5.9
79379,55,male,Rose,2,primary,1,1,9.7,0,1,0,0,0,33.0,126,1,1,0,0,1,0,1,6.9
16211,75,male,Snow,1,primary,0,0,0.0,0,1,1,0,0,31.4,148,0,0,0,0,0,0,0,7.5
82102,72,male,Nightingale,4,secondary,1,1,22.8,0,1,0,0,0,24.3,125,0,0,0,0,0,0,1,4.2
43979,66,female,Snow,2,secondary,0,0,0.0,1,1,0,0,1,24.8,123,0,0,0,0,0,0,0,8.8
26711,58,female,Hill,2,secondary,1,1,8.1,0,0,0,0,0,28.5,126,0,0,0,0,0,0,0,7.7
87430,76,female,Doll,2,secondary,1,1,18.2,1,0,0,0,0,29.3,127,0,0,0,1,0,0,1,5.1
39763,43,female,Nightingale,2,secondary,0,0,0.0,1,1,0,1,0,30.9,107,0,0,0,0,0,0,0,9.2
81073,57,male,Doll,5,tertiary,0,1,11.0,1,0,1,0,1,33.7,114,0,0,0,0,0,1,0,6.5
92919,33,female,Rose,3,tertiary,1,0,0.0,0,0,0,1,0,27.8,114,0,0,0,0,0,0,0,7.1
14358,44,female,Hill,2,primary,0,0,0.0,0,1,0,1,0,27.4,118,0,0,0,0,0,0,1,9.2
59602,61,female,Rose,3,secondary,0,0,0.0,0,0,1,1,0,34.6,125,1,0,0,0,1,0,1,4.9
56586,25,male,Rose,3,secondary,0,0,0.0,1,1,0,1,0,22.7,103,0,0,0,0,0,1,1,8.1
38885,41,female,Hill,2,secondary,0,0,0.0,0,1,1,0,0,21.9,106,0,0,0,0,0,0,0,6.0
39091,74,female,Snow,3,secondary,1,0,0.0,0,0,1,0,0,27.9,122,0,0,0,0,0,0,0,9.0
59271,19,female,Hill,3,tertiary,0,0,0.0,1,0,0,1,0,29.2,113,0,0,0,0,0,0,0,5.5
53876,33,male,Doll,5,primary,0,0,0.0,0,0,0,0,0,20.4,97,0,0,0,0,0,0,0,5.6
92260,79,male,Snow,4,secondary,1,1,14.7,0,1,0,1,1,29.7,118,1,0,0,0,0,0,1,7.8
38478,33,male,Snow,2,tertiary,1,0,0.0,1,0,0,1,0,25.8,115,0,0,0,0,0,0,0,9.1
25189,31,male,Hill,3,tertiary,1,0,0.0,0,1,1,0,0,27.0,103,0,0,0,0,0,0,0,9.3
28298,24,female,Rose,5,tertiary,1,0,0.0,1,1,0,0,0,21.0,95,0,0,0,0,0,0,1,6.8
57820,65,male,Nightingale,3,tertiary,1,1,13.6,0,0,1,0,0,29.1,122,0,0,0,0,0,0,0,8.7
73628,39,female,Nightingale,5,tertiary,0,1,6.9,0,1,1,0,0,26.0,116,0,0,0,0,0,0,0,8.1
75188,58,male,Snow,3,primary,0,0,0.0,0,1,1,0,0,32.5,114,0,0,0,0,0,0,0,4.9
64023,40,male,Hill,3,secondary,0,0,0.0,0,0,1,1,0,29.3,117,0,0,0,0,0,0,0,8.8
36308,31,female,Doll,2,secondary,0,1,4.3,1,0,1,0,0,29.9,101,0,0,0,0,0,0,0,6.1
86759,75,male,Snow,2,secondary,1,1,24.6,0,1,1,0,0,30.2,138,0,0,0,0,0,0,0,8.9
44966,66,male,Hill,3,secondary,0,0,0.0,1,0,0,0,0,24.1,133,0,0,0,0,0,0,0,4.2
83763,26,male,Nightingale,3,tertiary,0,1,2.4,0,0,0,1,1,20.2,102,0,0,0,0,0,0,0,8.7
75929,53,male,Rose,5,tertiary,0,0,0.0,1,0,0,0,0,28.8,116,0,0,0,0,0,0,0,6.3
53289,19,male,Nightingale,5,secondary,0,0,0.0,0,0,0,1,0,26.9,107,0,0,0,0,0,0,0,5.0
75817,49,male,Snow,3,secondary,0,1,13.0,0,0,0,0,0,27.7,115,0,0,0,0,0,0,0,9.6
13582,21,female,Rose,5,tertiary,1,0,0.0,0,0,0,0,0,21.5,90,0,0,0,0,0,0,0,7.0
87118,77,male,Hill,3,secondary,0,0,0.0,1,0,0,0,1,28.0,120,0,0,0,0,0,0,1,7.0
57043,21,male,Snow,4,primary,1,0,0.0,1,0,0,1,0,19.0,104,0,0,0,0,0,0,0,5.9
80055,62,female,Nightingale,4,secondary,1,0,0.0,0,0,0,0,1,27.7,118,0,0,0,0,0,0,0,9.6
33575,79,female,Rose,5,tertiary,1,0,0.0,1,0,0,0,0,25.7,128,1,0,0,0,0,0,0,7.7
82738,26,female,Rose,4,secondary,0,1,3.2,0,1,1,1,0,28.4,105,0,0,0,0,0,0,0,4.8
85585,46,male,Rose,2,secondary,0,1,8.5,0,1,0,0,0,25.6,133,1,0,0,0,0,0,0,5.9
31171,55,female,Rose,4,secondary,1,1,12.5,0,1,1,0,0,31.0,127,0,0,0,0,0,0,0,6.6
70094,44,female,Snow,1,secondary,1,1,10.2,0,0,0,1,1,29.2,114,1,0,0,0,0,0,0,4.3
49118,43,female,Doll,2,tertiary,0,0,0.0,0,1,0,0,0,27.4,102,1,1,0,0,0,0,1,5.7
41501,74,female,Nightingale,3,secondary,1,1,25.3,0,0,0,1,1,27.2,142,0,0,0,0,0,0,0,6.6
29907,78,female,Rose,3,secondary,0,0,0.0,1,0,1,0,0,29.2,141,0,0,0,0,0,0,0,4.7
83625,56,male,Hill,4,secondary,1,0,0.0,1,0,1,1,0,27.4,134,0,0,0,0,0,0,0,5.3
40610,40,female,Snow,4,tertiary,1,0,0.0,0,0,0,0,0,27.7,109,0,0,0,0,0,0,1,5.6
90814,56,female,Doll,3,secondary,0,0,0.0,0,1,0,0,0,25.8,120,0,0,0,0,0,0,0,5.7
69718,22,female,Hill,2,primary,0,0,0.0,1,0,1,1,1,22.8,90,0,0,1,0,0,1,1,7.5
24561,64,female,Doll,4,tertiary,1,1,9.5,0,0,0,0,0,25.4,123,0,0,0,0,0,0,0,6.0
38771,66,female,Doll,4,secondary,1,0,0.0,0,0,1,0,1,30.7,117,0,0,0,0,1,0,0,7.1
22804,62,female,Nightingale,5,secondary,1,0,0.0,0,0,0,0,0,30.7,112,0,0,0,0,0,0,0,5.3
68325,34,female,Doll,3,tertiary,1,1,3.3,1,0,0,0,0,26.7,104,1,0,0,0,0,0,0,5.8
32194,64,female,Hill,2,secondary,1,1,23.6,0,0,0,0,0,27.0,120,0,0,0,0,0,0,0,8.9
21956,28,female,Doll,2,secondary,1,0,0.0,1,0,0,0,0,22.4,102,0,0,0,0,0,0,0,9.7
85143,47,female,Hill,4,secondary,1,0,0.0,1,0,1,0,0,25.6,106,0,0,0,0,0,0,0,4.7
88235,37,male,Hill,2,secondary,0,0,0.0,1,1,0,1,0,30.0,128,0,0,0,1,0,1,0,5.0
87208,72,female,Hill,3,primary,0,0,0.0,1,1,0,0,1,19.2,124,1,0,0,0,0,0,0,7.0
50077,25,male,Doll,3,secondary,0,0,0.0,0,0,0,0,0,28.5,109,0,1,0,0,0,1,0,7.0
48231,77,female,Rose,5,secondary,0,0,0.0,1,0,0,0,0,29.5,131,0,0,0,0,0,0,0,6.8
96447,18,female,Rose,5,secondary,1,0,0.0,0,0,1,0,0,26.1,90,0,0,0,0,0,0,1,6.2
50713,74,female,Hill,3,secondary,0,0,0.0,0,0,1,0,0,25.6,129,0,0,0,1,1,0,0,6.9
11336,58,female,Doll,5,tertiary,0,0,0.0,1,1,0,0,0,28.7,102,0,0,0,0,0,0,0,8.3
73096,71,male,Doll,2,secondary,0,0,0.0,0,1,1,0,1,33.6,132,0,0,0,0,0,0,0,6.7
15872,41,male,Hill,5,secondary,1,0,0.0,1,0,0,0,0,25.5,113,1,0,0,0,0,0,0,9.3
67308,78,female,Rose,3,secondary,1,0,0.0,1,0,0,0,0,23.8,144,0,0,0,0,0,0,0,8.7
60896,70,male,Doll,2,secondary,1,1,17.6,0,1,0,1,1,34.1,130,0,1,0,0,0,0,0,5.4
90900,44,female,Hill,4,tertiary,1,1,5.2,0,0,0,0,0,28.1,122,0,0,1,0,0,0,1,4.7
87083,48,male,Rose,5,secondary,1,0,0.0,1,0,0,0,0,22.9,124,0,0,0,0,0,0,0,6.4
53311,79,female,Doll,5,tertiary,1,1,31.3,0,0,0,0,0,25.3,141,0,1,0,0,0,0,0,9.0
24007,73,male,Hill,4,secondary,1,0,0.0,0,0,1,0,0,33.2,138,0,1,0,0,0,0,0,4.9
25113,76,male,Doll,5,secondary,1,0,0.0,1,0,1,0,0,28.3,132,0,0,0,0,0,1,1,4.2
92567,19,female,Snow,3,primary,0,0,0.0,0,0,1,1,0,30.3,116,1,0,0,0,0,0,1,9.3
52820,52,female,Nightingale,2,tertiary,0,0,0.0,0,0,1,0,0,26.1,112,0,0,0,0,0,0,0,7.7
13953,71,female,Hill,2,primary,0,1,21.2,1,1,1,0,1,26.0,122,0,1,0,0,1,1,1,5.8
91837,24,male,Nightingale,2,secondary,0,0,0.0,0,0,0,0,0,27.8,114,0,0,0,0,0,0,0,6.4
62493,56,male,Rose,2,secondary,1,1,10.9,0,1,0,1,0,31.6,125,0,0,0,0,0,0,0,6.8
70351,45,female,Nightingale,4,primary,1,0,0.0,0,0,0,0,0,25.5,101,0,0,0,0,0,0,0,6.1
31922,74,female,Rose,4,tertiary,1,0,0.0,0,0,1,0,1,30.2,150,0,0,0,0,0,0,0,5.0
20731,33,male,Snow,4,primary,1,1,3.0,1,0,1,0,0,24.4,107,0,0,0,0,0,0,0,6.4
32117,24,female,Nightingale,3,secondary,1,0,0.0,0,0,1,0,0,22.3,107,1,0,0,0,0,0,1,7.6
66742,61,female,Rose,4,primary,1,0,0.0,1,0,0,0,0,27.0,113,0,0,0,0,0,0,0,4.5
75964,20,male,Snow,1,secondary,0,0,0.0,1,1,0,1,1,23.1,97,0,0,1,0,0,0,1,9.2
63018,49,male,Nightingale,5,tertiary,1,0,0.0,1,1,0,0,0,33.3,114,0,1,0,0,0,0,1,7.3
26559,75,male,Nightingale,3,primary,1,0,0.0,1,1,0,0,1,31.7,124,0,1,1,0,0,0,1,5.4
93196,39,female,Doll,4,secondary,1,0,0.0,0,0,0,0,1,22.8,110,0,0,1,0,0,0,1,6.0
27127,38,female,Snow,2,secondary,0,1,5.5,1,0,0,1,1,26.7,112,0,0,0,0,0,0,0,8.9
49148,78,female,Nightingale,2,tertiary,1,1,15.6,0,1,1,0,0,27.6,140,0,0,0,1,0,0,1,7.8
67838,36,male,Snow,3,primary,0,1,7.6,1,1,1,1,1,27.9,116,0,0,1,0,0,1,1,7.8
55727,49,female,Rose,5,tertiary,1,1,14.7,0,0,1,0,0,25.1,123,0,0,0,0,0,0,1,9.5
77615,43,female,Doll,3,secondary,0,0,0.0,1,1,0,0,1,25.3,117,0,0,0,0,0,0,0,9.9
31321,19,female,Hill,3,secondary,1,0,0.0,1,1,0,0,0,26.7,103,0,0,0,0,0,0,0,5.2
24957,64,female,Rose,5,secondary,0,0,0.0,0,0,1,0,1,26.8,122,0,0,0,0,1,0,0,5.4
49565,48,male,Snow,3,secondary,0,0,0.0,0,1,1,1,0,28.7,108,0,0,0,0,0,0,0,8.5
62518,53,female,Nightingale,4,secondary,0,0,0.0,0,0,0,0,0,31.1,119,0,0,0,0,0,0,0,6.0
93938,60,female,Doll,5,secondary,1,0,0.0,0,0,1,0,0,25.6,118,0,0,0,0,0,0,1,7.7
99251,26,male,Doll,4,secondary,1,1,1.5,0,0,0,1,0,20.6,99,0,0,0,0,0,0,0,7.5
31069,61,female,Rose,4,primary,1,1,20.1,0,1,1,0,1,30.9,134,0,0,0,0,0,1,1,5.6
75599,70,male,Snow,2,primary,0,0,0.0,0,0,1,0,1,26.4,123,0,0,0,0,0,0,0,6.0
49803,64,male,Doll,4,secondary,1,0,0.0,1,1,0,0,0,30.0,120,0,0,0,0,0,0,0,8.7
19499,50,male,Snow,1,secondary,0,1,6.0,0,1,0,0,1,30.9,127,0,0,0,0,0,1,0,6.6
91586,31,female,Doll,4,secondary,0,0,0.0,1,0,0,0,0,21.2,92,1,0,0,0,0,0,1,4.3
76764,27,female,Doll,3,tertiary,1,0,0.0,0,1,0,0,1,33.0,106,0,0,0,0,0,0,0,6.4
50791,58,female,Rose,3,tertiary,1,0,0.0,1,1,1,0,0,34.1,136,0,0,0,0,0,0,0,8.3
14116,76,male,Rose,3,secondary,0,0,0.0,0,0,0,0,0,27.5,116,0,0,0,0,0,0,0,4.8
84262,49,male,Doll,3,tertiary,0,1,7.0,1,1,1,0,0,34.9,117,0,0,0,0,0,0,0,7.5
25977,29,male,Rose,4,secondary,0,0,0.0,0,0,1,0,1,29.2,98,0,0,1,0,0,0,0,5.0
11203,38,male,Hill,5,tertiary,0,0,0.0,0,0,1,1,0,29.2,110,0,0,0,0,0,0,0,5.3
90127,18,male,Nightingale,4,secondary,1,0,0.0,0,0,1,1,0,27.4,97,0,0,0,0,0,0,0,7.0
57944,18,male,Hill,5,secondary,1,0,0.0,1,0,0,0,0,21.1,102,0,0,1,0,0,1,1,4.7
39289,19,male,Rose,4,secondary,1,0,0.0,0,0,0,0,0,27.0,104,0,0,0,0,0,0,0,9.9
22771,25,male,Doll,3,primary,0,1,2.8,0,0,0,0,0,25.9,116,0,0,0,0,0,0,0,5.5
42841,51,male,Doll,3,primary,0,1,15.6,0,0,1,1,0,27.3,124,0,0,0,0,0,0,0,8.7
22253,52,male,Hill,3,tertiary,1,0,0.0,1,1,1,0,0,26.9,120,0,0,0,0,0,1,0,9.5
19158,23,female,Hill,3,tertiary,1,1,1.0,0,1,1,1,0,25.0,109,0,0,0,0,0,1,0,9.3
52931,53,male,Rose,5,secondary,1,0,0.0,0,0,0,0,0,24.3,111,0,0,0,0,0,0,0,4.9
79760,48,female,Snow,3,secondary,0,0,0.0,1,0,1,0,0,28.7,127,0,0,1,0,0,0,1,4.2
25337,59,female,Rose,3,tertiary,0,0,0.0,1,0,1,0,1,31.1,123,0,0,0,0,0,0,0,9.0
85917,23,male,Doll,5,tertiary,0,0,0.0,1,0,1,1,0,32.5,117,0,0,0,0,0,1,0,4.4
97721,58,female,Snow,3,secondary,1,0,0.0,0,1,0,0,0,28.2,120,1,0,0,0,0,0,0,7.3
88507,22,female,Snow,3,secondary,1,0,0.0,0,0,0,1,1,26.4,108,0,0,0,0,0,0,0,7.7
81058,53,female,Nightingale,2,secondary,0,1,10.7,1,0,1,0,0,29.4,109,0,0,0,0,0,0,0,4.2
14740,48,female,Snow,2,secondary,0,1,7.8,1,0,1,0,1,31.9,114,0,0,1,0,0,0,1,8.9
73903,48,male,Hill,4,secondary,1,0,0.0,1,0,0,0,0,28.7,120,1,0,0,0,0,0,0,8.7
68842,56,female,Hill,3,tertiary,0,0,0.0,1,0,0,0,0,27.3,118,1,0,0,0,0,0,0,7.4
34512,22,male,Hill,5,tertiary,1,0,0.0,1,1,1,1,1,26.4,104,0,0,0,0,0,0,0,7.1
57927,59,female,Hill,2,secondary,0,1,19.9,1,1,0,1,0,33.1,127,0,1,0,0,0,0,0,5.7
95273,55,female,Doll,2,secondary,0,0,0.0,0,0,0,0,0,25.8,125,0,0,0,0,0,0,0,8.0
67802,22,male,Doll,5,secondary,1,0,0.0,0,0,0,0,0,16.5,97,0,0,0,0,0,0,0,7.9
11950,32,female,Snow,1,secondary,0,1,4.6,0,1,0,0,0,29.5,113,0,0,0,0,0,1,0,6.3
63947,43,male,Doll,4,secondary,1,0,0.0,1,0,1,0,0,29.6,124,0,0,0,0,0,1,0,8.1
41796,75,female,Doll,3,secondary,1,0,0.0,0,0,0,0,0,30.8,136,1,0,0,0,0,0,0,9.4
56070,49,male,Hill,4,secondary,0,0,0.0,1,1,0,0,0,29.8,110,0,0,0,0,0,0,1,4.9
25382,22,female,Hill,3,secondary,1,0,0.0,1,1,0,1,0,28.3,98,0,0,1,0,0,0,1,9.0
37337,39,female,Snow,1,secondary,0,1,10.5,1,1,1,0,1,30.9,112,0,0,0,0,0,0,0,7.6
94605,22,male,Doll,2,secondary,0,0,0.0,1,0,0,1,0,25.6,90,0,0,0,0,0,0,0,10.0
22526,60,male,Snow,2,secondary,1,1,16.2,1,0,1,0,0,30.7,140,1,0,0,0,0,1,0,8.5
75574,45,male,Doll,5,primary,1,0,0.0,0,0,0,0,0,21.1,112,0,0,0,0,0,1,0,6.9
36027,73,male,Snow,1,secondary,0,0,0.0,0,1,0,0,1,26.1,120,0,0,0,0,1,0,0,6.5
19612,74,male,Doll,3,primary,0,0,0.0,0,1,1,0,0,27.2,134,0,0,0,0,0,0,0,4.3
84606,59,male,Nightingale,1,primary,0,0,0.0,1,1,0,1,0,25.5,122,0,0,0,0,0,0,1,5.1
26550,45,female,Doll,4,tertiary,1,0,0.0,0,0,0,0,0,25.3,125,0,0,0,0,0,0,1,9.9
98361,18,female,Hill,2,secondary,1,0,0.0,0,0,1,0,1,26.9,106,0,0,0,0,1,0,1,7.9
14249,51,female,Doll,3,primary,0,0,0.0,0,0,1,0,0,30.6,132,0,0,0,0,0,0,1,4.8
21835,49,female,Nightingale,1,primary,1,1,10.5,0,0,1,0,0,33.7,117,0,0,0,0,0,0,1,8.9
95827,79,female,Doll,5,tertiary,1,0,0.0,0,1,0,0,0,28.9,138,0,0,0,0,0,0,1,6.7
75694,78,male,Nightingale,5,tertiary,0,0,0.0,0,0,0,0,0,30.0,129,0,0,1,0,0,1,0,8.8
14254,69,female,Snow,1,primary,0,0,0.0,0,0,0,0,0,24.1,120,0,0,1,0,0,0,0,9.0
52251,31,male,Nightingale,4,tertiary,1,0,0.0,0,0,1,0,0,26.1,96,0,0,0,0,0,0,0,5.8
30903,46,female,Nightingale,4,secondary,1,0,0.0,0,0,0,0,1,25.4,110,0,0,0,0,0,0,0,9.7
94419,46,male,Rose,4,tertiary,1,1,7.6,0,0,1,0,0,23.8,113,0,0,0,0,0,0,0,5.1
12760,48,female,Snow,2,secondary,1,1,12.5,1,0,1,0,0,25.2,116,0,0,0,0,0,0,0,6.4
24509,77,female,Hill,4,primary,0,1,29.0,1,0,0,0,1,28.9,123,0,0,0,0,1,0,0,6.9
52658,78,female,Rose,3,tertiary,1,1,25.6,0,1,0,0,1,31.9,135,1,0,0,0,1,0,0,6.9
62556,59,male,Hill,3,secondary,1,0,0.0,1,0,0,0,0,27.3,128,0,0,0,0,0,0,0,6.9
98542,65,female,Doll,2,primary,1,0,0.0,0,1,1,0,1,35.0,122,0,0,1,0,0,0,1,8.8
48424,22,male,Rose,2,primary,1,0,0.0,0,0,1,1,1,30.0,110,0,0,0,0,0,1,0,6.2
29202,57,male,Hill,3,secondary,1,0,0.0,0,0,0,1,0,26.4,122,0,0,0,0,0,0,1,9.8
46994,65,female,Hill,3,secondary,0,0,0.0,0,0,1,0,0,27.5,119,0,0,0,0,0,0,0,7.4
55049,57,male,Rose,2,secondary,0,1,17.8,0,0,0,0,0,28.9,103,0,0,0,0,0,0,0,5.8
40828,64,female,Snow,1,secondary,0,0,0.0,0,0,1,0,0,32.3,119,0,0,0,0,0,0,0,5.9
76897,39,male,Nightingale,3,secondary,0,1,4.5,0,0,0,1,0,31.9,122,0,0,0,0,0,0,0,9.3
33042,72,male,Doll,4,tertiary,0,0,0.0,1,1,1,0,0,29.7,129,0,0,0,0,0,0,0,7.7
43355,53,female,Snow,2,primary,1,0,0.0,1,1,0,1,1,26.6,125,0,0,0,0,0,0,1,4.9
22512,24,male,Hill,3,secondary,0,0,0.0,1,1,1,1,0,28.2,107,0,0,0,0,0,1,0,8.5
25194,70,male,Snow,3,secondary,0,0,0.0,0,0,1,0,0,29.3,131,1,0,0,0,0,0,0,8.1
41450,75,female,Doll,4,secondary,1,0,0.0,0,1,1,0,0,34.4,128,0,1,0,0,1,0,1,6.5
42198,77,female,Nightingale,3,secondary,0,1,13.7,0,0,0,0,0,28.1,126,0,0,0,0,0,0,0,9.4
40807,37,male,Rose,4,secondary,1,0,0.0,0,0,0,0,0,24.0,90,0,0,0,0,0,0,0,8.0
59264,73,female,Nightingale,4,tertiary,0,0,0.0,0,0,1,0,0,25.5,121,0,0,0,0,0,0,0,6.1
80585,77,male,Hill,4,secondary,1,0,0.0,0,0,1,0,0,28.3,133,0,0,0,0,1,1,1,8.5
19217,43,male,Snow,4,secondary,1,0,0.0,1,0,0,1,0,28.8,118,0,0,0,0,0,0,0,4.1
94109,74,female,Nightingale,4,tertiary,1,0,0.0,1,0,1,0,0,35.8,134,0,0,0,0,0,1,0,5.4
31953,58,male,Doll,4,secondary,0,1,18.0,1,0,0,0,0,22.3,142,0,0,0,0,0,0,0,8.1
52851,59,female,Nightingale,4,secondary,0,0,0.0,0,0,0,0,1,31.8,123,1,0,0,0,0,0,0,4.8
89140,47,male,Rose,4,secondary,1,0,0.0,1,1,0,1,0,28.2,115,0,0,0,0,0,0,0,8.2
49012,25,male,Doll,3,secondary,1,0,0.0,0,0,0,0,1,30.1,122,0,0,0,0,0,1,0,4.1
86428,47,female,Hill,4,secondary,1,0,0.0,0,0,1,0,0,25.9,118,0,0,0,0,1,0,1,5.4
46813,52,female,Nightingale,2,secondary,1,0,0.0,0,0,1,0,0,27.6,106,0,0,0,0,0,0,1,9.0
71316,38,male,Hill,3,primary,1,1,9.0,0,0,0,0,0,23.1,107,0,0,0,0,0,0,0,8.7
95917,20,male,Hill,2,primary,0,0,0.0,0,0,1,1,0,29.4,117,0,0,0,0,0,0,0,6.6
13152,41,female,Nightingale,3,secondary,1,1,10.2,0,1,0,0,0,29.9,113,1,0,0,0,0,0,0,4.4
88657,77,male,Rose,5,secondary,1,0,0.0,0,0,0,0,1,24.1,112,0,0,0,0,0,0,1,4.4
66909,18,female,Nightingale,4,tertiary,1,0,0.0,1,0,0,0,0,26.0,104,0,0,1,0,0,0,0,9.1
65864,42,female,Snow,1,primary,0,1,11.7,1,0,1,0,0,27.8,118,0,0,0,0,0,0,0,6.8
42417,21,male,Snow,3,secondary,0,1,1.3,0,1,1,0,0,32.3,112,0,0,0,0,0,0,0,4.9
36456,31,female,Snow,2,tertiary,0,0,0.0,0,1,0,1,0,28.9,123,0,0,0,0,0,0,0,6.4
56150,24,female,Hill,4,tertiary,1,0,0.0,1,1,0,0,0,24.7,94,0,0,0,0,0,0,1,9.9
43477,26,male,Rose,5,primary,1,1,4.0,0,0,1,1,1,28.1,130,0,0,0,0,0,0,0,6.2
96682,56,female,Snow,4,secondary,1,0,0.0,0,1,0,0,0,28.3,125,0,0,0,0,1,0,1,9.2
16576,40,male,Doll,4,tertiary,1,0,0.0,1,0,0,0,0,22.2,112,0,0,0,0,0,0,1,6.0
44739,42,female,Hill,1,secondary,0,0,0.0,0,0,1,0,0,33.2,104,0,0,0,0,0,0,0,6.6
37551,77,female,Hill,3,secondary,1,0,0.0,1,0,1,0,0,31.2,140,1,0,0,0,1,0,1,6.8
46785,33,male,Rose,4,secondary,0,1,3.7,0,1,1,1,0,26.5,101,0,0,1,0,0,0,0,5.7
38606,77,female,Nightingale,1,secondary,0,0,0.0,0,0,1,1,1,33.7,150,0,0,0,0,0,0,0,7.6
94097,78,male,Rose,5,tertiary,0,0,0.0,0,1,1,0,1,33.4,136,0,0,0,0,1,0,0,5.2
17508,59,female,Nightingale,5,secondary,1,1,13.1,0,0,0,0,1,29.5,131,1,0,0,0,0,0,0,6.7
45937,46,male,Doll,2,primary,1,0,0.0,1,1,1,0,0,35.0,115,0,0,0,0,0,0,0,6.7
97772,47,female,Hill,3,secondary,0,0,0.0,1,0,0,0,1,26.6,133,1,0,1,0,0,0,1,4.1
73618,51,female,Doll,2,primary,0,1,8.2,0,0,1,0,0,27.6,113,0,0,0,0,1,0,0,7.7
20129,65,female,Rose,2,secondary,0,1,18.2,1,0,0,0,0,32.3,109,0,1,0,0,0,0,1,4.9
85758,61,male,Doll,4,secondary,1,0,0.0,1,1,1,0,0,29.8,121,0,0,0,0,0,0,0,5.7
56631,18,male,Snow,1,primary,1,1,0.0,0,1,1,1,1,33.1,128,0,0,0,0,0,0,0,7.8
58468,26,male,Doll,4,secondary,1,0,0.0,1,0,0,1,0,22.4,108,0,0,0,0,0,0,0,6.4
88059,39,female,Doll,3,primary,0,0,0.0,1,1,0,1,0,30.5,121,0,0,0,0,0,0,0,6.7
26451,24,male,Rose,2,secondary,0,0,0.0,1,1,1,1,1,29.2,92,0,0,0,0,0,0,0,4.8
62087,27,female,Nightingale,2,secondary,1,1,4.4,0,1,1,0,0,30.8,111,0,0,0,0,0,0,0,9.6
13059,67,female,Snow,3,tertiary,1,0,0.0,0,0,0,0,0,31.9,124,0,0,0,0,0,0,0,6.0
92867,72,female,Doll,5,tertiary,1,0,0.0,1,0,1,0,0,26.0,132,0,0,0,0,0,0,0,4.9
70810,36,female,Nightingale,4,secondary,0,1,6.2,0,0,0,1,0,28.2,130,0,0,0,0,0,0,0,8.2
97247,27,male,Rose,2,tertiary,1,1,1.6,1,1,1,0,0,31.1,106,0,1,0,0,0,0,1,6.9
77962,37,male,Doll,4,secondary,1,0,0.0,1,0,0,0,0,16.5,102,0,0,0,0,0,0,0,8.3
71562,73,female,Nightingale,2,primary,1,0,0.0,0,0,0,0,0,32.3,127,0,0,0,0,0,0,1,5.6
62135,70,male,Hill,3,secondary,0,0,0.0,0,0,1,0,0,29.3,115,1,0,0,0,1,0,1,10.0
72443,33,female,Rose,2,tertiary,0,1,4.4,0,1,0,1,0,30.5,127,0,0,0,0,0,0,0,6.5
25313,74,female,Snow,4,secondary,1,0,0.0,1,1,0,0,1,30.7,127,0,0,0,0,0,0,0,6.7
26937,40,male,Hill,4,tertiary,1,0,0.0,1,0,0,0,0,24.4,109,0,0,0,0,1,0,1,8.9
39510,57,female,Nightingale,4,secondary,0,0,0.0,0,0,1,0,1,27.4,113,0,0,0,0,0,0,0,8.0
42968,29,female,Doll,2,secondary,1,1,4.7,0,0,0,1,0,26.3,130,0,0,1,0,0,0,0,7.1
55932,78,female,Snow,2,primary,0,0,0.0,0,0,1,0,0,28.5,128,1,0,0,0,0,0,0,5.6
64888,50,female,Doll,5,secondary,1,0,0.0,0,0,0,0,0,27.6,122,0,0,0,0,0,1,1,7.5
83088,51,male,Rose,2,secondary,1,1,17.3,1,0,1,0,1,28.3,115,0,0,0,0,0,0,0,6.8
81492,53,male,Rose,5,secondary,1,0,0.0,0,0,0,0,1,21.0,109,0,0,0,0,0,0,0,4.5
32844,44,male,Snow,2,primary,0,0,0.0,1,1,0,0,0,36.7,118,0,0,0,0,0,0,0,9.1
19226,63,female,Hill,2,secondary,0,1,8.8,0,1,0,0,0,32.8,123,0,0,0,0,0,0,0,6.3
33594,18,female,Hill,3,secondary,0,0,0.0,0,0,1,1,0,27.2,93,0,0,0,0,0,0,0,4.4
64821,28,male,Nightingale,3,secondary,1,1,4.0,0,0,0,1,1,21.3,100,0,0,0,0,0,1,1,7.1
85274,29,male,Nightingale,4,secondary,1,0,0.0,0,0,0,1,0,26.3,102,0,0,0,0,0,0,0,9.3
42577,65,female,Rose,4,secondary,1,0,0.0,0,0,0,1,0,26.0,124,0,1,0,0,0,0,1,5.8
24463,21,female,Rose,5,tertiary,1,1,1.4,0,0,0,0,0,22.1,93,0,0,1,0,0,0,1,8.4
85677,19,female,Snow,3,secondary,0,0,0.0,0,0,1,1,0,21.7,90,0,0,0,0,0,0,0,9.2
99178,21,male,Rose,5,primary,0,0,0.0,1,0,1,0,0,30.9,101,0,0,0,0,0,0,0,9.5
42931,51,male,Nightingale,3,tertiary,1,0,0.0,0,0,0,0,0,25.7,131,0,0,1,0,0,0,1,9.1
53135,37,female,Nightingale,5,tertiary,1,0,0.0,0,1,0,0,0,27.9,110,0,0,0,0,0,0,0,6.7
72231,26,female,Doll,5,secondary,1,0,0.0,0,0,0,0,0,26.6,94,0,0,0,0,0,0,1,6.2
34359,39,female,Doll,3,secondary,1,0,0.0,1,0,0,0,0,31.2,114,0,0,0,0,0,1,0,5.7
92336,57,male,Doll,5,tertiary,1,1,12.3,0,1,1,0,0,34.0,114,0,1,0,0,1,1,1,8.2
67218,22,male,Snow,2,secondary,0,0,0.0,0,1,0,1,0,26.1,97,0,0,0,0,0,1,0,6.3
12109,35,male,Hill,1,secondary,1,1,7.0,1,0,1,0,0,31.3,116,0,0,0,0,0,0,0,7.3
77019,65,female,Rose,5,tertiary,1,0,0.0,0,0,1,0,0,27.7,139,0,0,0,0,0,1,1,4.8
87291,18,male,Hill,4,tertiary,1,0,0.0,1,0,0,1,1,27.5,98,0,0,0,0,0,0,1,5.0
43498,50,male,Rose,4,tertiary,1,1,13.2,0,0,0,0,1,23.1,127,0,0,0,0,0,0,0,4.1
68649,38,male,Nightingale,3,primary,0,0,0.0,1,0,0,0,0,21.5,95,0,0,0,0,0,0,0,5.9
99981,47,female,Hill,3,tertiary,1,0,0.0,1,0,0,0,0,25.5,106,0,0,0,0,0,0,1,5.2
47041,25,female,Nightingale,2,secondary,0,1,1.6,1,0,1,1,0,30.8,90,0,0,0,0,0,1,0,4.3
68898,25,female,Doll,4,primary,1,0,0.0,1,1,1,0,0,29.1,109,0,0,0,0,0,0,0,6.9
30398,53,female,Nightingale,5,primary,1,0,0.0,1,0,0,0,0,22.4,117,0,0,0,0,0,0,1,6.1
76480,54,female,Hill,4,secondary,1,0,0.0,1,0,1,1,0,23.4,114,0,0,0,0,0,0,0,9.2
67269,27,male,Snow,2,primary,1,0,0.0,1,0,1,1,0,29.6,107,1,0,1,0,0,0,0,9.6
97920,72,female,Hill,1,secondary,0,0,0.0,1,1,1,1,1,30.2,128,0,1,0,0,1,0,0,5.2
22309,28,male,Hill,5,tertiary,0,0,0.0,1,1,1,0,0,22.9,94,0,0,0,0,0,0,0,8.5
28985,30,female,Rose,3,secondary,1,0,0.0,0,0,1,1,0,34.0,128,0,0,0,0,0,0,1,8.4
97983,38,male,Nightingale,1,secondary,1,0,0.0,1,0,0,1,0,29.3,116,0,0,0,0,0,0,0,6.3
67080,18,male,Nightingale,1,tertiary,1,1,0.0,0,1,0,0,0,28.7,109,0,0,0,0,0,1,0,9.2
56629,76,male,Nightingale,4,secondary,0,0,0.0,0,1,1,0,0,31.1,146,0,0,0,0,0,1,0,4.4
22588,66,male,Snow,2,primary,1,0,0.0,1,1,0,0,0,25.0,118,0,0,0,0,0,0,0,4.9
49224,56,male,Snow,1,primary,0,0,0.0,0,1,0,0,0,36.0,121,0,0,0,0,0,0,0,7.6
60420,45,female,Hill,3,secondary,1,0,0.0,0,0,0,1,1,26.4,103,0,0,0,0,0,0,0,5.7
38438,42,male,Doll,5,secondary,1,0,0.0,1,0,0,1,1,25.5,113,0,0,0,0,0,0,0,4.7
13452,39,female,Nightingale,2,secondary,1,0,0.0,0,0,0,1,0,30.4,117,0,0,0,0,0,0,0,6.6
61358,44,male,Doll,5,secondary,1,0,0.0,0,0,0,0,1,28.2,125,0,0,0,0,0,0,0,6.3
94523,52,female,Rose,5,tertiary,1,0,0.0,0,0,1,0,0,27.1,114,0,0,0,0,0,0,1,5.6
57365,51,male,Doll,4,tertiary,1,0,0.0,0,1,0,1,0,26.4,138,0,0,0,0,0,0,0,6.1
83398,74,female,Snow,3,primary,0,0,0.0,1,0,0,0,0,33.7,121,0,0,0,0,0,0,0,7.9
75860,79,male,Nightingale,2,secondary,0,0,0.0,1,0,0,0,0,30.6,122,0,1,0,0,0,0,0,5.1
28706,73,female,Doll,3,secondary,0,0,0.0,0,1,0,0,0,25.6,118,0,0,0,0,0,0,0,8.4
62895,38,male,Snow,1,secondary,0,1,7.2,0,0,1,1,1,30.1,124,0,0,0,0,0,0,0,6.1
85848,35,male,Hill,4,secondary,1,0,0.0,1,0,1,1,0,30.3,121,0,0,1,0,0,1,0,8.6
58077,25,male,Hill,3,tertiary,0,0,0.0,0,0,1,0,1,26.6,103,0,0,0,0,0,0,0,6.6
49772,54,male,Doll,4,secondary,1,0,0.0,0,0,0,0,0,27.7,114,0,0,0,0,0,1,0,4.7
36297,22,male,Nightingale,4,tertiary,0,0,0.0,0,0,0,1,1,23.0,99,0,0,0,0,0,0,1,5.4
65486,41,male,Hill,3,secondary,1,0,0.0,0,0,0,0,0,24.4,117,0,0,0,0,0,0,0,9.2
54490,56,male,Doll,5,tertiary,0,0,0.0,0,0,0,0,0,23.3,119,1,0,0,0,0,0,0,9.3
28564,34,female,Doll,5,secondary,1,0,0.0,0,0,0,1,0,28.4,107,0,0,0,0,0,0,0,4.4
44133,58,female,Nightingale,2,primary,1,1,7.0,0,1,1,1,0,31.0,122,0,1,0,0,0,0,1,6.2
97112,70,female,Snow,2,secondary,0,1,20.6,1,1,1,0,0,34.1,137,0,0,0,1,1,0,0,8.0
95938,56,male,Nightingale,4,tertiary,1,0,0.0,1,0,1,1,0,27.7,134,0,0,0,0,0,0,0,7.7
36288,29,male,Hill,3,tertiary,0,0,0.0,0,1,0,1,0,32.0,102,0,0,0,0,0,0,0,8.0
98369,33,male,Hill,2,secondary,0,1,3.9,0,0,0,0,0,25.9,120,0,0,1,0,0,0,0,6.2
10394,31,female,Nightingale,2,primary,0,0,0.0,0,1,0,1,0,32.6,119,0,1,0,0,0,0,1,8.7
97918,37,male,Rose,3,secondary,0,0,0.0,1,1,1,1,0,28.8,111,0,0,0,0,0,0,0,9.2
98829,28,female,Rose,3,secondary,0,1,3.1,1,0,1,1,0,27.4,115,1,0,0,0,0,0,1,9.7
80874,35,male,Nightingale,5,secondary,0,0,0.0,0,1,0,1,0,30.0,120,0,0,0,0,0,0,0,5.8
76312,51,female,Doll,4,secondary,1,0,0.0,0,1,1,0,0,30.0,105,0,0,0,0,0,0,0,5.1
90674,53,female,Rose,3,tertiary,1,0,0.0,1,1,1,0,0,26.5,125,0,0,0,0,0,0,0,4.8
86338,71,male,Doll,5,secondary,1,1,13.4,0,0,0,0,0,28.2,127,0,0,0,0,1,0,1,5.3
42818,26,female,Nightingale,3,secondary,1,0,0.0,0,1,0,1,0,28.0,94,0,0,0,0,0,0,0,6.0
37364,25,female,Snow,2,secondary,0,0,0.0,1,1,1,0,0,31.0,118,0,0,1,0,0,0,1,7.7
79574,30,male,Snow,1,primary,0,0,0.0,1,0,1,1,1,28.5,108,0,0,0,0,0,1,0,7.9
24792,56,female,Hill,2,secondary,1,0,0.0,0,1,1,0,0,30.3,118,0,0,0,0,0,0,0,8.6
91845,62,female,Nightingale,2,secondary,1,1,10.2,0,0,1,0,0,32.4,140,0,0,0,0,1,0,1,6.3
39802,52,male,Rose,5,secondary,1,0,0.0,0,0,0,0,0,24.5,124,0,0,0,0,0,0,0,8.6
50274,48,female,Rose,3,secondary,1,0,0.0,0,0,0,1,0,28.7,107,0,1,0,0,0,0,0,7.0
47309,36,male,Rose,5,tertiary,1,0,0.0,1,0,0,1,0,23.3,123,0,0,0,0,0,0,1,4.8
59881,40,female,Hill,2,secondary,0,0,0.0,0,0,0,0,0,27.1,99,0,0,0,0,0,1,0,7.5
78253,55,female,Rose,4,tertiary,1,0,0.0,1,0,0,0,1,24.7,105,0,0,1,1,1,0,1,5.2
91560,51,male,Snow,2,secondary,1,0,0.0,0,0,1,0,0,28.0,122,0,0,0,0,0,1,0,9.4
88137,67,female,Nightingale,3,tertiary,1,0,0.0,1,0,0,0,0,26.6,125,0,0,0,0,0,0,1,5.5
61566,32,male,Hill,5,secondary,0,0,0.0,1,0,1,0,0,27.2,104,0,1,0,0,0,0,0,5.1
53349,78,male,Nightingale,4,tertiary,1,0,0.0,0,0,0,0,0,31.3,128,0,1,0,0,0,0,0,8.3
79091,34,female,Hill,2,primary,0,1,6.6,0,0,0,0,0,28.1,119,0,0,0,0,0,0,0,6.4
41043,69,female,Nightingale,3,secondary,0,0,0.0,0,0,0,0,0,34.4,116,0,0,0,0,0,0,0,9.3
26284,35,male,Rose,3,secondary,1,0,0.0,1,0,0,0,1,32.8,105,0,0,0,0,0,0,0,7.4
27325,56,male,Rose,5,primary,1,1,13.0,1,0,0,0,0,30.1,131,0,1,0,0,0,0,1,5.2
91817,66,female,Doll,2,secondary,1,0,0.0,0,0,1,0,0,30.1,135,0,0,0,0,0,0,0,5.3
13603,65,male,Rose,4,primary,1,0,0.0,0,0,0,0,0,25.3,149,0,0,0,0,0,0,1,6.0
87714,18,female,Hill,3,secondary,1,0,0.0,0,0,0,0,0,19.2,90,0,0,0,0,0,0,1,5.8
22946,66,female,Nightingale,2,secondary,0,0,0.0,0,1,0,0,1,29.0,125,0,0,0,0,0,0,0,5.8
42850,78,male,Nightingale,3,tertiary,0,0,0.0,1,0,0,0,0,25.4,125,0,0,0,1,0,0,0,5.1
35770,28,female,Nightingale,5,tertiary,1,0,0.0,1,1,0,0,0,20.0,99,0,0,0,0,0,0,0,5.9
38685,77,female,Snow,2,secondary,1,1,18.6,0,1,1,0,0,35.2,129,0,0,0,0,1,0,1,5.7
29348,38,female,Rose,3,secondary,1,1,8.8,0,0,0,1,1,30.1,119,0,0,0,0,0,0,0,9.2
72196,61,female,Nightingale,5,tertiary,1,1,20.7,0,1,1,0,0,27.7,126,0,0,0,0,0,0,1,5.4
23119,38,male,Rose,3,secondary,0,0,0.0,0,0,0,0,0,26.7,116,0,0,0,0,0,0,0,7.8
46665,61,female,Rose,5,tertiary,1,0,0.0,0,0,0,0,0,27.8,115,0,0,0,0,0,1,0,4.4
69043,72,female,Snow,1,secondary,0,0,0.0,0,0,0,0,0,26.3,131,1,0,0,0,0,0,0,7.0
81380,70,male,Nightingale,1,secondary,0,1,17.7,1,1,1,0,0,26.3,129,0,0,0,0,1,0,0,5.3
90863,69,female,Hill,4,tertiary,1,0,0.0,1,0,1,0,0,29.3,135,0,0,0,0,1,0,1,7.7
93478,20,female,Doll,5,tertiary,0,1,0.7,0,1,1,1,0,32.6,95,0,0,0,0,0,0,0,7.4
49462,50,female,Nightingale,3,secondary,1,1,12.5,0,0,1,0,0,24.2,130,1,0,0,0,0,0,0,5.9
83066,22,male,Nightingale,5,tertiary,0,0,0.0,0,1,1,1,0,27.7,122,1,0,0,0,0,0,0,6.5
58885,37,female,Nightingale,2,secondary,1,0,0.0,0,1,0,0,1,20.1,99,0,0,1,0,1,0,1,5.6
92054,43,female,Hill,1,primary,0,0,0.0,1,0,0,0,0,30.1,105,0,0,0,0,0,0,0,6.5
80682,62,male,Hill,2,primary,0,0,0.0,1,0,0,0,0,27.5,126,0,0,1,0,0,0,1,8.2
10922,76,female,Hill,2,secondary,0,0,0.0,0,1,1,0,0,36.6,137,0,0,0,0,0,0,0,9.2
76803,56,male,Hill,2,secondary,1,0,0.0,0,1,0,0,1,28.7,123,0,0,1,0,0,0,1,7.6
23428,18,female,Hill,2,secondary,0,0,0.0,1,0,0,0,1,21.2,90,0,0,0,0,0,0,0,5.9
32118,20,male,Rose,4,tertiary,0,0,0.0,1,0,1,0,1,23.6,102,0,0,0,0,0,1,0,6.8
62474,52,female,Rose,5,tertiary,0,1,8.9,0,0,0,0,0,25.4,120,0,0,0,0,0,0,0,6.0
48321,34,male,Snow,4,secondary,1,0,0.0,0,0,0,1,0,27.5,111,0,0,1,0,0,0,0,4.5
29552,20,female,Nightingale,5,tertiary,0,0,0.0,0,0,0,0,0,18.2,90,0,0,0,0,0,0,0,8.0
14272,42,female,Snow,3,secondary,0,1,8.5,0,0,0,1,0,27.9,109,0,0,1,0,0,0,1,5.3
60838,73,female,Rose,4,tertiary,0,0,0.0,0,1,1,0,0,29.2,135,1,0,0,0,0,0,0,5.5
69530,71,female,Hill,4,secondary,1,0,0.0,0,0,0,0,0,31.8,140,0,0,1,0,0,0,1,4.8
42539,21,female,Doll,5,tertiary,1,0,0.0,1,0,0,0,0,27.9,107,0,0,0,0,0,0,0,4.3
95114,52,female,Rose,2,secondary,1,0,0.0,1,1,0,0,1,27.9,111,0,0,1,0,1,0,1,5.5
88373,30,male,Snow,3,secondary,1,0,0.0,1,1,1,0,0,26.8,107,1,0,0,0,0,0,1,4.9
65274,45,female,Hill,2,primary,1,1,13.2,1,1,0,0,0,32.1,100,0,0,0,0,0,0,1,8.7
45936,47,female,Nightingale,3,primary,0,0,0.0,1,1,0,0,0,26.5,106,0,0,0,0,0,0,0,10.0
33372,18,female,Hill,2,primary,1,0,0.0,1,0,1,0,1,30.5,119,0,0,0,0,0,0,0,7.6
78972,79,male,Snow,3,primary,1,1,30.6,0,0,0,0,0,24.6,129,0,1,0,0,0,0,1,4.5
15236,36,female,Snow,1,secondary,0,1,4.0,1,1,0,1,1,31.4,122,0,0,0,1,0,0,0,7.3
86141,34,male,Snow,4,secondary,1,0,0.0,0,1,0,1,0,26.9,122,0,0,0,0,0,0,0,6.1
11235,61,female,Doll,5,tertiary,1,1,12.1,0,0,0,0,0,24.3,117,0,0,0,0,0,0,0,8.9
35650,37,male,Doll,5,tertiary,1,0,0.0,0,0,0,1,0,25.9,99,0,0,0,0,0,0,0,6.8
40967,41,male,Nightingale,4,secondary,0,1,10.8,0,0,0,0,0,22.6,118,0,0,0,0,0,0,0,9.5
69061,77,male,Hill,2,secondary,1,1,20.9,0,0,1,0,1,30.1,123,0,0,1,0,0,0,1,7.5
21047,20,male,Doll,2,secondary,0,0,0.0,1,1,1,1,1,29.5,119,1,0,0,0,0,0,1,9.7
36158,22,female,Snow,3,secondary,0,0,0.0,1,0,0,1,0,20.7,93,0,0,0,0,1,0,0,4.8
57091,38,female,Rose,5,tertiary,1,0,0.0,1,0,0,1,0,31.1,135,0,0,0,0,0,1,1,9.7
39005,32,male,Nightingale,5,tertiary,0,0,0.0,1,0,1,0,0,29.1,117,0,0,0,0,0,0,0,5.5
63621,40,female,Doll,4,secondary,1,0,0.0,0,0,0,0,0,34.0,118,0,0,0,0,0,0,0,9.8
23420,24,male,Snow,1,secondary,0,1,1.2,1,0,0,0,1,29.8,94,0,0,0,0,0,0,0,6.2
59968,70,female,Rose,3,tertiary,1,1,15.3,0,1,0,0,0,33.2,140,0,0,0,0,0,0,1,8.7
13202,26,female,Hill,3,secondary,0,0,0.0,0,0,1,0,0,27.3,104,0,0,0,0,0,0,0,8.4
41837,34,female,Snow,3,secondary,1,0,0.0,1,0,1,1,1,21.6,103,0,0,1,0,0,0,1,8.1
49376,49,female,Doll,5,tertiary,1,0,0.0,1,0,0,0,0,30.5,108,0,0,0,0,0,0,0,9.8
86863,66,male,Doll,2,primary,1,0,0.0,1,1,1,0,1,35.5,127,0,0,0,0,0,0,0,5.5
13441,24,female,Doll,3,secondary,0,0,0.0,0,0,0,1,0,23.6,106,0,0,0,0,0,0,0,9.9
41030,60,male,Hill,1,secondary,0,1,13.9,0,1,1,1,0,26.9,128,0,1,0,0,0,0,0,8.1
72820,44,female,Hill,2,primary,1,0,0.0,1,0,1,0,0,29.8,126,0,0,0,0,0,1,0,4.4
56831,36,male,Rose,5,tertiary,1,0,0.0,0,0,0,1,0,22.3,103,1,0,0,0,0,0,0,7.6
23971,77,female,Hill,1,secondary,0,0,0.0,1,1,0,0,0,28.4,132,0,0,1,0,1,0,1,9.9
16002,73,female,Nightingale,2,secondary,1,0,0.0,0,0,0,0,0,32.1,130,0,0,0,0,0,1,0,10.0
49976,63,male,Hill,2,secondary,0,1,21.4,1,1,0,0,1,23.8,125,0,0,0,0,0,1,0,7.1
52371,32,female,Doll,2,secondary,1,0,0.0,0,1,1,0,0,26.4,98,0,0,0,0,0,0,0,7.5
83021,45,male,Rose,5,tertiary,1,0,0.0,1,1,0,0,0,28.3,112,1,0,0,0,0,0,0,7.6
24754,64,male,Rose,2,secondary,1,1,16.1,1,0,1,0,0,26.4,119,0,0,0,1,0,1,1,6.4
26813,54,male,Nightingale,4,tertiary,0,1,14.2,0,0,0,1,0,30.2,124,0,0,0,0,0,1,1,6.5
71917,41,male,Nightingale,4,secondary,0,0,0.0,0,1,1,0,0,25.3,117,0,0,0,0,0,0,0,5.2
27264,34,female,Hill,4,secondary,0,0,0.0,0,0,0,1,0,28.2,110,0,0,0,0,0,0,0,4.1
64735,59,male,Doll,2,primary,0,0,0.0,1,1,0,0,0,29.7,114,0,0,0,0,0,0,0,8.2
10251,46,female,Hill,1,secondary,1,0,0.0,1,0,0,0,1,28.9,129,0,0,0,0,0,0,0,6.6
84101,21,female,Nightingale,2,tertiary,1,0,0.0,1,0,1,1,1,27.1,102,0,0,0,0,0,0,0,7.1
30256,20,female,Hill,2,secondary,1,0,0.0,1,1,0,1,1,29.3,103,0,0,0,0,0,0,0,10.0
28125,50,female,Rose,5,tertiary,0,0,0.0,1,1,0,0,1,33.7,120,0,0,0,0,0,0,0,7.4
29671,24,male,Hill,5,tertiary,0,0,0.0,0,0,1,0,0,25.0,101,0,0,0,0,0,0,0,6.2
72839,29,female,Doll,4,secondary,0,0,0.0,0,0,0,1,0,26.6,106,0,0,0,0,0,0,0,8.2
34106,30,male,Nightingale,3,secondary,1,0,0.0,1,0,0,1,1,30.9,117,0,0,1,0,0,1,1,7.7
78703,61,female,Doll,5,tertiary,1,0,0.0,0,0,0,0,1,22.9,116,1,0,0,0,0,1,0,7.6
88688,50,male,Nightingale,5,tertiary,1,0,0.0,0,1,0,1,1,30.3,119,0,0,1,0,0,0,1,8.7
29269,18,male,Rose,3,secondary,0,0,0.0,1,0,1,0,1,22.2,101,0,0,0,0,0,0,0,7.3
81396,52,male,Rose,4,secondary,1,0,0.0,0,1,0,0,0,24.4,125,1,0,0,0,0,0,0,6.8
47292,37,male,Nightingale,4,secondary,1,0,0.0,0,0,1,1,0,25.5,101,1,0,0,0,0,0,1,5.4
69644,29,female,Nightingale,4,tertiary,1,0,0.0,0,0,0,0,0,26.6,102,0,0,0,0,0,0,0,8.1
62550,61,male,Rose,2,secondary,1,0,0.0,0,0,1,0,0,27.4,136,1,0,0,0,0,0,1,8.3
69693,60,male,Doll,5,tertiary,0,0,0.0,0,0,1,1,0,32.3,127,0,1,0,0,0,0,1,9.4
67709,49,female,Nightingale,2,secondary,1,1,13.1,0,0,0,1,1,25.6,129,0,0,1,0,0,0,1,9.4
48709,23,female,Nightingale,3,tertiary,1,0,0.0,0,1,0,0,0,32.0,96,0,0,0,0,0,0,0,4.2
45425,18,male,Nightingale,3,secondary,1,0,0.0,0,1,1,1,0,28.5,96,0,0,0,0,0,1,0,4.1
16880,20,male,Rose,5,tertiary,1,0,0.0,0,0,0,0,0,32.2,109,0,0,0,0,0,0,0,4.8
37226,78,female,Hill,1,secondary,0,0,0.0,0,0,1,0,1,30.3,143,0,1,0,0,1,0,1,7.0
69534,34,female,Doll,5,tertiary,1,0,0.0,0,0,1,1,0,28.1,116,0,0,0,0,0,0,0,9.2
41843,72,female,Hill,3,secondary,0,1,28.1,0,1,0,0,1,26.0,131,0,0,1,0,1,1,1,8.8
82177,43,female,Doll,4,secondary,0,1,11.1,0,1,0,0,0,21.9,108,0,0,0,0,0,0,0,4.7
47963,20,female,Nightingale,3,tertiary,1,0,0.0,0,0,1,1,1,30.7,90,0,0,0,0,0,0,1,5.5
85548,55,female,Nightingale,3,secondary,1,0,0.0,0,1,1,0,0,21.9,125,0,0,0,0,0,0,1,4.7
71901,35,female,Hill,4,tertiary,1,0,0.0,0,1,0,0,0,24.8,102,1,0,1,0,0,0,1,9.1
39737,22,male,Snow,3,secondary,1,0,0.0,0,0,0,0,0,23.4,93,0,0,0,0,0,0,1,5.6
11093,64,female,Hill,4,primary,1,0,0.0,0,0,0,0,0,24.9,127,0,0,0,0,0,0,0,5.7
28633,48,male,Doll,4,tertiary,1,1,7.0,0,0,0,0,0,26.5,124,0,0,0,0,0,0,0,9.2
51145,71,male,Rose,3,tertiary,1,0,0.0,0,1,0,0,1,33.5,136,0,0,0,0,0,0,1,5.3
67302,19,female,Hill,3,secondary,1,1,0.5,1,0,0,1,0,25.4,104,0,0,1,0,0,0,1,7.0
23259,77,male,Nightingale,1,secondary,0,1,27.8,0,1,0,0,0,31.2,135,1,1,0,0,0,1,0,4.7
64659,33,male,Snow,3,secondary,1,0,0.0,0,0,1,0,0,31.9,129,0,0,0,0,0,0,0,5.0
30658,49,male,Nightingale,4,secondary,0,0,0.0,0,0,0,0,1,25.6,116,0,0,0,0,0,0,0,7.3
69449,35,female,Doll,3,secondary,0,0,0.0,0,0,0,1,0,31.2,122,0,0,0,0,0,0,0,7.9
30046,53,male,Rose,4,tertiary,1,0,0.0,0,0,0,0,0,29.0,124,0,0,0,0,0,0,0,8.3
17048,23,male,Snow,4,primary,1,1,2.5,0,1,1,0,0,25.0,107,0,0,0,0,0,0,0,7.3
11160,22,female,Snow,2,secondary,0,0,0.0,1,0,0,0,0,26.9,108,0,0,0,0,0,0,0,7.4
91480,26,male,Nightingale,3,secondary,1,0,0.0,0,1,0,1,0,31.5,101,0,0,1,0,0,0,1,9.2
40781,53,male,Hill,4,secondary,1,0,0.0,0,0,1,0,0,26.1,98,0,0,0,0,0,0,0,9.2
70240,55,female,Doll,3,primary,1,1,10.5,0,0,1,0,0,31.5,117,0,0,0,0,0,0,0,4.8
17047,21,female,Rose,3,tertiary,0,0,0.0,1,1,1,0,0,23.8,108,0,0,0,0,0,0,0,5.3
73360,35,female,Rose,4,secondary,1,1,4.7,0,0,0,0,0,27.0,99,1,0,0,0,0,0,0,4.3
17639,31,male,Hill,4,tertiary,1,1,4.7,0,1,0,0,0,22.8,112,0,0,0,0,0,0,0,5.2
62503,22,female,Snow,3,secondary,1,0,0.0,1,0,1,0,0,29.3,99,1,0,1,0,0,1,1,8.2
44558,79,male,Nightingale,3,secondary,1,1,21.4,0,0,0,0,0,29.2,133,0,0,0,0,1,1,0,7.5
82951,66,female,Doll,2,secondary,0,0,0.0,1,1,1,0,0,37.4,129,0,0,0,0,0,0,0,7.9
41308,55,male,Doll,4,primary,1,0,0.0,1,1,1,0,0,26.2,116,0,0,0,0,0,0,0,7.6
91980,39,female,Hill,3,secondary,0,0,0.0,0,0,1,1,0,30.4,103,1,0,0,0,0,0,0,7.7
60788,77,male,Hill,3,primary,1,0,0.0,0,0,1,0,1,30.5,130,0,0,0,0,0,0,1,5.2
39216,42,female,Rose,5,tertiary,1,0,0.0,0,0,0,0,0,26.0,125,1,1,0,0,0,0,1,4.7
84584,72,female,Hill,5,secondary,1,0,0.0,1,1,1,0,0,30.0,128,0,0,0,0,0,0,0,9.2
58638,57,female,Snow,4,secondary,0,0,0.0,0,0,1,0,0,33.6,120,0,0,0,0,0,0,0,4.2
94700,35,female,Nightingale,3,secondary,1,0,0.0,0,1,0,0,0,22.1,100,1,0,0,0,0,0,0,6.6
84201,45,female,Nightingale,4,secondary,0,0,0.0,0,0,0,0,0,28.2,120,0,0,0,0,0,0,0,4.4
42746,54,male,Hill,3,secondary,1,0,0.0,1,1,1,1,0,26.3,112,0,0,0,0,0,0,0,9.7
47872,49,male,Rose,4,secondary,1,1,13.6,0,0,0,1,0,23.2,129,1,1,0,0,0,0,1,4.9
52560,72,female,Doll,5,secondary,0,0,0.0,0,1,0,0,0,26.4,135,0,0,1,0,0,0,0,5.4
83475,57,female,Hill,4,primary,1,1,11.4,1,0,1,0,0,27.3,130,0,0,0,0,0,0,0,6.7
52734,73,male,Snow,4,secondary,1,0,0.0,1,0,1,0,0,23.8,131,0,0,0,0,0,0,0,7.8
78593,38,female,Nightingale,3,secondary,1,0,0.0,0,0,0,0,0,24.6,123,1,0,1,0,0,0,1,9.8
11459,45,male,Rose,5,tertiary,0,0,0.0,0,1,0,0,1,21.6,120,0,0,0,0,0,0,0,9.2
80116,47,female,Hill,2,secondary,0,1,11.0,0,1,0,1,0,32.1,123,0,0,0,0,0,0,0,8.6
96956,40,male,Doll,2,secondary,1,1,7.1,1,1,1,0,0,27.3,95,0,0,1,0,0,0,1,9.7
57464,34,female,Nightingale,2,secondary,1,1,7.7,0,0,0,0,1,25.2,113,1,0,0,0,0,1,0,7.8
59783,33,female,Doll,4,primary,0,1,3.1,0,0,0,1,0,26.4,118,0,0,0,0,0,0,1,6.9
17320,52,male,Hill,3,secondary,0,0,0.0,1,1,1,1,0,27.0,114,0,0,0,0,0,0,0,7.1
81267,44,female,Doll,4,tertiary,1,0,0.0,1,1,0,0,0,32.5,111,0,0,0,0,0,0,0,4.3
57202,32,female,Doll,3,primary,0,1,6.0,0,1,1,1,1,30.3,121,0,0,0,0,0,0,0,9.8
11701,66,male,Hill,4,secondary,1,0,0.0,0,1,0,0,1,26.7,131,0,0,0,0,0,0,1,6.1
46279,55,female,Doll,3,secondary,1,1,13.2,0,0,0,0,0,25.0,124,0,0,0,0,0,0,0,7.6
76166,71,male,Rose,2,secondary,0,1,20.9,1,0,0,0,0,30.1,126,0,0,0,1,1,0,1,10.0
36862,77,female,Nightingale,2,secondary,1,0,0.0,1,0,1,0,0,27.4,128,0,0,0,0,0,0,1,7.7
41102,68,female,Nightingale,2,tertiary,0,1,22.2,1,0,0,0,0,25.9,117,0,0,0,1,0,0,1,9.5
42876,40,male,Doll,3,secondary,1,0,0.0,0,0,0,0,0,28.0,113,0,0,0,0,0,0,0,6.3
73212,60,male,Snow,3,secondary,1,1,13.3,0,0,0,0,1,25.7,96,0,0,1,0,1,0,1,9.2
43751,52,female,Nightingale,4,tertiary,1,0,0.0,0,0,1,0,0,26.7,123,0,0,0,0,0,1,1,8.0
18839,37,male,Nightingale,3,primary,0,1,3.4,0,0,1,1,0,30.7,134,0,0,1,0,0,0,0,6.2
20319,57,male,Rose,5,tertiary,1,0,0.0,0,1,1,0,0,35.7,116,0,0,0,0,0,0,0,4.7
29442,32,female,Doll,3,primary,0,0,0.0,1,0,0,1,0,22.7,135,0,0,1,0,0,0,1,4.8
79461,21,male,Doll,4,secondary,1,0,0.0,0,1,1,0,0,23.7,94,0,0,0,0,0,0,0,6.8
50929,58,female,Rose,5,secondary,1,0,0.0,0,1,1,0,0,32.7,128,0,1,0,0,0,0,1,8.8
95669,66,male,Hill,4,secondary,0,1,16.1,1,0,1,0,0,27.2,130,0,0,1,0,0,0,0,6.2
48392,59,female,Hill,2,secondary,0,1,7.8,0,1,0,0,0,32.3,133,0,0,0,1,1,0,0,4.8
81348,73,female,Doll,5,tertiary,0,0,0.0,1,0,0,0,0,28.3,130,0,0,0,0,1,0,1,6.8
74825,38,female,Snow,1,primary,0,0,0.0,0,0,0,1,1,26.6,109,0,0,1,0,0,0,0,5.1
85866,77,female,Doll,5,tertiary,0,0,0.0,0,0,0,1,0,27.3,134,0,0,0,0,0,0,0,6.7
38935,62,female,Rose,4,secondary,1,0,0.0,0,1,1,0,0,32.2,114,0,0,0,0,0,0,0,6.5
85589,79,female,Nightingale,4,secondary,1,0,0.0,0,0,0,0,1,34.0,144,0,1,0,0,1,0,0,8.2
46480,19,female,Hill,3,tertiary,1,1,0.2,1,0,1,0,0,22.8,95,0,0,0,0,0,0,0,9.5
51760,20,female,Nightingale,3,secondary,1,0,0.0,0,1,1,0,0,24.6,115,0,0,0,0,0,0,0,7.1
23520,76,male,Rose,2,secondary,0,1,16.0,1,0,1,0,0,30.4,123,0,0,0,1,0,0,0,6.7
46625,32,female,Hill,1,secondary,1,1,3.1,0,0,0,0,1,24.2,119,0,0,1,0,0,0,1,7.7
49841,25,male,Hill,4,secondary,1,0,0.0,0,0,1,0,0,24.6,96,1,0,0,0,0,0,1,6.5
61815,45,female,Hill,4,secondary,0,0,0.0,1,0,1,0,0,26.7,122,0,0,0,0,0,0,0,5.1
68475,30,female,Doll,2,secondary,0,0,0.0,0,0,1,0,0,23.9,112,0,0,0,0,0,0,0,8.9
57836,65,male,Nightingale,4,secondary,1,1,9.3,0,1,0,0,0,29.1,122,0,1,0,0,1,0,1,5.4
24579,74,male,Hill,4,secondary,1,0,0.0,1,1,0,0,1,24.0,141,1,0,0,0,0,0,0,8.9
97157,44,female,Doll,4,secondary,1,0,0.0,1,0,0,0,1,21.7,110,0,0,0,0,0,0,0,5.5
56324,53,female,Rose,4,tertiary,1,0,0.0,0,1,1,0,0,30.2,110,0,0,0,0,0,0,0,6.4
54765,18,male,Doll,4,secondary,0,1,0.0,0,0,1,0,0,27.6,112,0,0,0,0,0,0,0,8.7
92402,28,female,Doll,3,secondary,1,1,3.5,0,0,0,0,0,28.1,102,0,0,0,0,0,0,0,5.4
71057,31,female,Nightingale,3,secondary,0,0,0.0,0,0,0,1,0,22.6,98,0,0,0,0,0,0,0,9.2
59412,68,male,Hill,3,secondary,1,0,0.0,0,1,0,0,0,25.0,121,1,0,0,0,1,0,0,4.4
95315,40,male,Doll,4,tertiary,1,0,0.0,0,0,0,0,0,30.2,115,0,0,0,0,0,0,0,4.3
19682,41,male,Rose,3,secondary,1,0,0.0,0,1,1,1,0,30.5,112,0,0,0,0,1,0,0,4.1
10236,55,female,Rose,5,tertiary,0,0,0.0,0,0,1,0,0,31.5,115,0,0,0,0,0,0,0,5.8
73983,51,female,Hill,2,primary,0,0,0.0,1,1,0,0,0,26.8,110,0,0,0,0,0,0,0,4.1
84633,24,male,Hill,2,secondary,0,0,0.0,1,0,1,1,0,24.4,108,0,0,0,0,0,0,0,7.4
16190,21,female,Rose,2,secondary,0,0,0.0,0,0,0,0,0,21.5,103,0,0,0,0,0,0,1,9.4
45923,75,female,Nightingale,4,secondary,1,1,26.0,0,1,1,0,0,29.9,138,0,0,0,0,1,0,1,8.9
38909,50,male,Nightingale,1,primary,1,0,0.0,0,1,1,0,0,29.2,119,0,0,0,0,0,0,0,4.7
71804,24,female,Nightingale,5,tertiary,1,0,0.0,0,0,1,1,0,30.9,118,0,0,0,0,0,0,1,9.5
92553,22,female,Hill,3,secondary,0,0,0.0,1,1,0,1,0,27.2,101,0,0,0,0,0,0,0,9.0
52402,55,male,Doll,2,tertiary,0,0,0.0,1,0,0,1,0,31.1,118,0,0,0,0,0,0,0,4.1
68735,64,female,Nightingale,5,tertiary,1,1,17.4,1,0,1,0,0,25.9,124,1,0,0,0,0,0,1,8.0
13168,38,female,Hill,2,primary,0,0,0.0,1,0,1,1,0,32.8,106,0,0,0,0,0,0,0,4.7
88883,63,female,Nightingale,3,primary,0,1,21.7,0,0,0,0,1,30.5,133,0,0,0,0,0,0,0,7.2
14473,47,female,Rose,4,secondary,0,0,0.0,1,1,0,1,0,27.9,118,0,0,0,0,0,0,0,6.8
54083,76,female,Hill,4,tertiary,0,0,0.0,0,0,0,0,0,31.4,121,0,0,0,0,1,0,0,7.1
67289,48,male,Nightingale,1,primary,0,0,0.0,0,1,1,0,0,31.3,120,0,1,0,0,0,0,0,8.5
95754,78,female,Hill,3,secondary,1,1,30.0,0,0,0,0,0,31.3,148,0,0,0,0,0,0,0,9.3
16359,18,female,Hill,3,tertiary,1,1,0.0,1,1,0,1,0,28.0,100,0,0,0,0,0,0,1,8.0
16513,56,male,Hill,3,secondary,1,0,0.0,0,0,1,1,0,25.8,130,0,0,0,0,0,1,0,9.5
41527,44,female,Rose,5,primary,1,0,0.0,1,1,0,1,0,24.2,114,0,0,0,0,0,0,0,5.6
65627,53,female,Hill,2,secondary,0,1,8.5,0,1,0,0,1,28.6,139,0,1,1,0,0,0,0,9.3
79017,31,female,Snow,3,primary,1,0,0.0,1,1,0,1,0,31.2,124,0,0,0,0,0,0,0,9.7
72991,42,female,Nightingale,3,secondary,0,1,8.4,0,1,1,0,0,28.5,112,0,0,0,0,0,0,0,7.4
93691,24,male,Doll,3,primary,1,0,0.0,0,0,0,0,1,24.7,91,0,0,0,0,0,1,1,6.2
23765,41,male,Nightingale,2,secondary,0,1,8.5,1,1,1,0,1,34.1,121,0,0,0,0,0,0,0,5.8
81190,44,female,Hill,3,tertiary,1,1,5.5,0,1,0,0,0,24.6,123,0,0,1,0,0,0,1,5.1
87402,50,female,Rose,4,secondary,1,0,0.0,1,0,1,0,1,31.7,124,1,0,0,0,0,0,0,8.8
64882,36,male,Hill,4,secondary,1,0,0.0,0,0,1,1,1,27.2,111,0,0,0,0,0,0,0,9.7
97666,75,female,Rose,5,tertiary,1,0,0.0,1,0,0,1,1,23.2,121,1,0,0,0,0,0,1,6.8
68529,26,female,Snow,1,secondary,1,0,0.0,1,1,0,1,0,26.2,118,0,0,0,0,0,1,0,10.0
30456,26,female,Rose,5,tertiary,1,1,3.3,0,1,1,1,0,29.1,113,0,0,0,0,0,0,0,9.8
15897,50,male,Hill,4,secondary,1,0,0.0,1,0,1,0,0,26.7,122,0,0,0,0,1,0,1,5.9
94892,44,female,Nightingale,2,secondary,1,0,0.0,1,0,1,0,0,29.7,121,0,0,0,0,0,1,1,9.0
62974,55,female,Snow,3,primary,1,1,12.9,0,0,0,0,0,24.2,125,0,0,0,0,0,0,0,5.5
84049,19,female,Snow,3,secondary,1,1,0.3,0,0,0,0,0,21.6,107,0,0,0,0,0,0,0,5.9
91717,20,male,Snow,2,secondary,1,0,0.0,1,1,1,0,0,25.8,97,0,0,0,0,0,0,0,7.6
46742,51,male,Hill,5,tertiary,1,0,0.0,0,1,0,0,0,31.6,126,0,0,1,0,0,0,1,8.4
89893,63,male,Nightingale,1,secondary,1,0,0.0,0,1,0,0,0,24.3,127,0,0,0,0,0,0,1,7.5
78931,41,male,Hill,1,secondary,0,0,0.0,0,0,1,1,0,38.0,130,0,0,1,0,1,1,1,4.4
15907,24,male,Doll,4,primary,1,1,1.1,0,0,1,1,0,22.6,100,0,1,0,0,0,0,1,8.8
78031,78,female,Doll,4,secondary,0,0,0.0,1,0,0,0,0,26.2,165,1,0,0,1,0,0,0,9.0
56893,45,female,Doll,4,tertiary,1,1,9.5,1,1,0,1,0,26.8,116,0,0,1,0,0,0,1,6.5
24223,25,female,Nightingale,1,primary,1,0,0.0,1,0,1,0,1,28.8,101,0,0,1,0,0,0,0,8.7
66725,32,male,Snow,2,secondary,1,1,4.0,0,1,0,1,0,30.1,125,0,0,0,0,0,0,0,9.9
59011,66,male,Hill,3,secondary,0,1,20.4,0,0,1,0,1,32.7,138,0,0,0,0,1,0,0,6.0
23510,48,female,Hill,4,secondary,1,0,0.0,0,0,0,0,0,19.1,113,0,0,0,0,0,0,1,5.0
95950,18,male,Nightingale,2,secondary,1,1,0.0,1,0,1,0,0,27.3,115,1,0,0,0,0,0,0,4.9
84672,72,male,Doll,3,tertiary,1,0,0.0,1,0,1,0,1,30.5,116,0,0,0,0,0,0,0,5.5
42715,63,male,Doll,5,tertiary,1,0,0.0,0,0,0,1,0,17.1,107,0,0,0,0,0,0,0,9.5
82304,39,male,Rose,5,tertiary,1,0,0.0,0,0,0,1,0,29.3,126,0,0,0,0,0,0,0,5.5
87813,48,female,Rose,5,tertiary,0,0,0.0,1,0,0,1,0,24.5,104,0,0,0,0,0,0,0,8.0
87514,21,female,Rose,5,secondary,1,0,0.0,0,0,1,1,1,23.4,95,0,0,0,0,0,0,0,4.2
85729,27,male,Rose,5,secondary,0,0,0.0,0,1,1,1,0,29.4,130,0,0,0,0,0,0,0,5.7
63698,58,female,Rose,3,primary,0,0,0.0,0,1,0,0,0,31.3,105,0,1,0,0,0,0,0,10.0
69784,67,male,Hill,2,secondary,0,0,0.0,1,1,1,0,0,34.2,128,0,1,0,0,0,0,1,6.1
62614,69,female,Nightingale,2,secondary,0,0,0.0,1,0,0,0,0,28.5,110,0,0,0,0,0,0,0,7.4
12164,51,female,Rose,2,secondary,1,0,0.0,0,0,1,0,1,41.0,137,0,0,1,0,0,0,1,8.7
73111,67,female,Nightingale,4,tertiary,1,1,25.5,0,0,0,0,0,25.4,99,0,0,0,0,0,0,0,4.6
63934,50,male,Nightingale,3,secondary,1,0,0.0,1,0,0,0,0,23.0,125,1,0,0,0,0,0,0,4.5
15917,65,female,Rose,2,secondary,0,0,0.0,1,0,1,0,0,26.9,125,0,0,0,0,0,0,0,6.8
98782,62,female,Nightingale,2,tertiary,0,0,0.0,0,1,1,0,0,28.6,123,0,0,0,0,0,0,1,7.4
52848,28,male,Rose,2,secondary,0,0,0.0,0,0,1,0,0,30.2,98,0,0,0,0,0,0,0,8.5
60460,43,female,Doll,3,secondary,1,0,0.0,0,0,0,1,0,21.3,121,0,0,0,0,0,0,0,4.1
73936,33,female,Nightingale,1,primary,0,0,0.0,1,0,1,0,0,24.8,117,0,0,0,0,0,0,0,4.5
97742,39,female,Snow,4,secondary,1,0,0.0,0,0,1,0,1,27.1,114,0,0,0,0,0,0,1,4.1
44634,38,male,Hill,3,secondary,0,1,4.9,0,1,1,0,0,30.4,110,0,0,0,0,1,0,0,9.4
87535,42,female,Hill,2,secondary,0,1,10.4,0,1,1,0,0,27.6,118,0,0,0,0,0,0,0,9.4
25803,48,female,Hill,4,tertiary,1,0,0.0,1,0,0,0,0,29.1,115,0,0,0,0,0,0,0,6.6
70192,20,female,Doll,5,secondary,1,0,0.0,0,1,0,0,0,24.9,90,0,0,0,0,0,0,0,6.2
45374,34,male,Doll,4,tertiary,1,0,0.0,0,0,0,1,0,23.7,107,0,0,0,0,0,0,0,6.6
30225,35,male,Nightingale,3,tertiary,0,0,0.0,0,0,0,1,0,23.3,120,0,0,0,0,0,1,0,4.3
69009,40,female,Snow,4,secondary,1,0,0.0,0,0,0,0,1,27.1,111,0,0,1,0,0,0,1,7.8
60462,33,male,Hill,4,secondary,1,0,0.0,1,1,0,1,0,23.2,108,0,0,0,0,0,0,0,4.2
33220,19,female,Hill,5,secondary,1,0,0.0,1,0,0,1,0,20.4,105,0,0,0,0,0,0,0,6.9
47551,49,female,Doll,2,primary,1,1,10.2,1,0,0,0,1,27.6,123,0,0,0,0,0,0,0,4.1
34649,74,female,Hill,3,primary,0,0,0.0,0,0,1,0,0,23.8,132,0,0,0,0,0,1,0,5.8
55086,36,female,Snow,4,secondary,0,0,0.0,1,0,0,0,0,25.7,115,0,0,1,0,0,0,1,7.4
12521,43,female,Snow,3,secondary,1,1,6.0,1,0,1,0,0,33.2,129,0,0,0,0,0,0,1,9.7
82467,57,male,Hill,3,secondary,1,0,0.0,1,0,1,0,1,28.0,118,0,0,0,0,0,0,1,8.4
38038,32,female,Nightingale,4,primary,1,0,0.0,0,0,1,0,1,22.0,110,1,0,0,0,0,0,1,7.0
48882,28,female,Rose,3,tertiary,0,1,2.1,1,1,0,0,0,28.6,101,0,0,0,0,0,0,1,9.5
91995,44,male,Snow,4,secondary,1,0,0.0,1,0,0,0,0,25.5,115,1,0,0,0,0,0,0,4.5
88359,37,female,Hill,5,secondary,1,1,5.2,1,0,0,0,0,28.6,126,0,0,0,0,0,0,0,4.4
86754,65,male,Rose,2,secondary,1,1,17.9,0,0,0,0,0,25.4,139,0,0,0,0,0,0,0,6.9
96339,65,female,Snow,2,secondary,0,0,0.0,1,0,1,0,0,25.4,131,0,0,1,0,1,0,0,6.1
32428,71,female,Snow,4,secondary,1,0,0.0,1,0,0,0,1,26.0,134,1,0,0,0,0,1,0,8.3
86333,48,male,Snow,4,secondary,1,0,0.0,0,0,1,1,0,24.3,134,1,0,0,0,0,1,0,9.1
21145,64,male,Doll,5,secondary,1,0,0.0,0,0,0,0,1,24.5,130,0,0,0,0,0,0,0,4.8
64257,32,male,Snow,2,tertiary,0,0,0.0,0,1,0,0,0,33.6,113,0,0,0,0,0,0,0,9.6
25796,39,female,Doll,5,secondary,1,0,0.0,0,0,0,1,0,28.4,121,1,0,0,0,0,0,0,5.1
81776,46,male,Hill,5,tertiary,1,0,0.0,0,1,0,0,1,27.2,129,0,0,0,0,0,0,0,9.7
53604,48,female,Nightingale,1,primary,0,0,0.0,0,1,0,0,0,35.0,112,0,0,0,0,0,0,0,8.9
38414,73,female,Doll,5,secondary,1,0,0.0,1,0,1,0,0,29.3,128,1,0,0,0,0,0,0,9.2
56114,20,male,Nightingale,3,tertiary,0,0,0.0,0,0,0,1,0,22.6,92,0,0,1,0,0,0,1,7.5
32470,77,male,Doll,5,primary,1,0,0.0,0,0,0,0,1,24.7,145,0,0,0,0,0,0,1,7.6
92108,45,female,Snow,4,tertiary,1,0,0.0,0,0,0,0,0,27.0,111,0,0,0,0,0,0,1,9.0
32481,68,female,Hill,1,primary,0,0,0.0,1,0,1,0,1,32.6,125,1,0,1,0,0,0,0,6.4
36481,46,female,Doll,3,tertiary,1,1,12.3,0,1,0,1,0,33.9,122,0,0,0,0,0,0,1,4.8
88949,51,female,Rose,3,secondary,0,0,0.0,0,1,0,1,0,21.4,119,0,0,0,0,0,0,0,5.2
89138,45,female,Rose,2,secondary,0,1,14.0,1,0,1,0,0,19.1,130,0,0,0,0,0,1,0,9.6
75316,79,male,Snow,4,secondary,1,0,0.0,0,0,0,0,0,22.6,132,0,0,0,0,0,0,0,9.5
16274,53,female,Doll,5,secondary,1,1,16.4,1,0,0,0,0,31.7,98,0,1,0,0,0,1,1,4.7
88478,62,female,Snow,1,secondary,1,0,0.0,0,0,1,0,0,26.8,120,0,0,0,0,0,0,1,8.1
28422,23,male,Snow,4,tertiary,0,0,0.0,1,0,0,0,0,31.0,106,0,0,0,0,0,1,0,8.7
47636,26,female,Doll,3,secondary,1,0,0.0,0,0,0,1,0,27.3,112,0,0,0,0,0,0,0,6.4
85065,77,male,Nightingale,2,secondary,0,0,0.0,1,0,1,0,1,31.2,119,0,0,0,0,1,0,0,7.2
87182,37,female,Rose,2,secondary,1,0,0.0,1,1,1,1,0,31.2,106,0,0,0,0,0,0,0,5.1
10052,23,female,Rose,2,secondary,0,1,2.2,1,0,0,0,0,30.8,107,0,0,0,0,0,0,0,7.7
95766,18,female,Doll,3,secondary,0,0,0.0,0,0,0,0,0,17.7,92,0,0,0,0,0,0,0,7.9
24916,47,male,Rose,3,primary,1,0,0.0,0,0,1,0,0,23.1,127,0,0,0,0,0,0,1,6.7
58592,72,male,Hill,4,tertiary,1,1,25.6,0,0,0,0,0,21.6,131,0,0,0,0,0,1,1,10.0
41253,52,female,Rose,4,tertiary,1,0,0.0,0,1,0,1,0,26.4,111,0,0,0,0,0,0,0,5.7
97993,37,male,Rose,4,secondary,1,0,0.0,1,1,0,1,1,28.0,125,0,0,0,0,0,0,1,5.3
71975,55,female,Doll,5,tertiary,0,0,0.0,1,1,0,0,0,22.5,104,0,0,0,0,0,0,0,4.3
86634,21,female,Hill,4,secondary,1,0,0.0,0,0,0,0,1,24.4,99,0,0,1,0,0,0,0,6.5
98113,38,male,Nightingale,4,tertiary,1,0,0.0,0,0,0,0,0,26.8,120,0,0,0,0,0,0,0,5.9
63061,65,female,Snow,3,tertiary,0,1,22.2,0,1,1,0,0,31.9,130,0,0,0,0,0,0,0,5.2
25406,62,female,Nightingale,1,tertiary,0,0,0.0,0,1,1,0,1,31.7,121,0,0,0,0,0,0,0,8.6
40987,59,female,Rose,3,secondary,1,0,0.0,1,0,0,0,0,26.4,131,1,0,0,0,0,0,0,4.3
25693,39,male,Snow,2,secondary,0,1,7.9,1,1,0,1,0,33.2,110,0,0,0,0,0,0,0,9.9
63331,51,male,Doll,3,secondary,1,1,9.4,0,0,0,0,1,23.2,129,0,0,1,0,0,0,1,5.7
20047,76,male,Doll,4,secondary,1,1,14.0,0,0,0,0,0,23.3,125,0,0,0,0,0,0,1,5.5
54610,30,female,Doll,5,secondary,1,0,0.0,0,1,1,0,0,26.7,108,0,0,0,0,0,1,1,5.5
16075,48,male,Nightingale,3,tertiary,0,1,13.0,0,1,0,1,0,28.2,108,0,0,0,0,0,1,0,9.4
91581,22,male,Hill,1,primary,0,0,0.0,0,1,1,0,0,32.0,108,0,0,0,0,0,0,0,8.5
65849,18,male,Nightingale,3,secondary,1,0,0.0,0,1,0,1,0,25.1,94,0,0,0,0,0,0,0,9.4
14480,78,female,Snow,4,tertiary,1,0,0.0,0,1,1,0,0,34.1,127,0,0,0,0,1,0,1,9.1
30681,30,male,Doll,5,tertiary,1,0,0.0,0,0,0,1,0,23.6,107,1,0,1,0,0,0,1,4.5
57205,49,male,Snow,3,tertiary,1,0,0.0,0,0,0,0,1,22.4,115,0,0,0,0,0,0,0,6.3
81211,27,female,Hill,2,secondary,0,0,0.0,1,1,0,0,1,24.5,120,1,0,1,0,0,0,1,9.1
92848,61,male,Hill,2,secondary,1,0,0.0,0,1,0,0,0,34.7,129,0,0,0,0,0,0,0,7.5
97898,75,male,Rose,3,tertiary,1,1,18.4,0,0,1,0,1,36.5,137,0,0,0,0,0,0,0,7.1
57839,75,female,Nightingale,4,primary,1,1,29.1,1,1,1,0,0,36.7,141,0,0,0,0,0,0,1,7.7
79405,19,male,Rose,2,primary,1,0,0.0,0,0,0,0,0,22.0,91,0,0,1,0,0,0,1,4.2
39567,39,female,Snow,1,secondary,0,1,5.2,1,0,1,0,1,27.9,108,0,0,1,0,0,0,0,9.2
58950,63,male,Snow,3,primary,0,0,0.0,1,0,1,1,0,27.1,127,1,0,0,0,0,0,0,6.5
85966,44,male,Doll,4,secondary,1,0,0.0,0,0,0,1,0,21.8,111,0,0,1,0,0,0,1,6.6
46828,53,female,Doll,3,secondary,1,0,0.0,0,0,0,0,0,27.4,106,0,0,0,0,0,0,0,9.5
14800,30,female,Snow,4,tertiary,1,0,0.0,1,0,1,1,0,29.5,106,0,0,0,0,0,0,1,7.3
57535,35,female,Hill,4,tertiary,1,0,0.0,0,0,1,1,0,33.3,117,0,0,0,0,0,0,1,7.1
49322,52,male,Nightingale,4,tertiary,0,1,8.0,1,1,0,1,0,28.5,129,0,0,0,0,0,1,0,6.6
48588,76,male,Doll,2,secondary,1,1,18.3,0,1,1,0,1,34.9,126,0,0,0,0,1,0,1,4.4
88387,74,male,Snow,1,secondary,1,1,14.4,0,1,0,0,1,32.9,140,0,1,0,0,0,0,1,4.6
36099,66,male,Hill,3,secondary,1,1,11.3,0,0,1,0,1,29.7,147,0,0,0,0,0,0,1,7.9
99903,58,male,Snow,1,secondary,0,1,17.8,1,0,0,0,0,27.7,111,0,0,0,0,0,0,0,8.7
63480,35,female,Snow,3,secondary,1,0,0.0,0,1,1,0,0,34.5,110,0,0,0,0,0,0,0,8.1
27450,74,female,Nightingale,3,primary,0,1,28.1,1,0,0,0,0,23.0,139,1,0,0,0,0,1,1,8.8
26150,59,male,Rose,5,secondary,0,0,0.0,1,0,0,0,0,28.9,130,0,0,0,0,0,0,1,9.1
56795,42,female,Nightingale,1,secondary,1,1,11.1,1,1,0,0,0,26.1,115,0,0,0,0,0,0,1,9.1
49687,45,male,Doll,2,secondary,0,0,0.0,0,1,1,1,1,32.2,125,0,0,1,0,0,0,1,8.3
73614,38,female,Doll,4,tertiary,1,0,0.0,0,0,0,1,0,29.1,134,0,0,0,0,0,0,0,7.1
33369,37,male,Rose,2,secondary,1,1,8.5,0,0,1,0,0,28.3,121,0,0,0,0,0,0,0,4.4
42014,20,male,Doll,2,secondary,0,0,0.0,0,1,0,1,0,29.1,96,0,0,0,0,0,0,0,9.5
58837,21,male,Snow,4,tertiary,0,0,0.0,1,0,1,0,0,24.7,99,0,0,0,0,0,0,0,5.2
35701,58,male,Snow,4,primary,1,0,0.0,0,0,0,0,0,30.5,126,0,0,0,0,0,1,1,8.1
76249,41,male,Hill,5,secondary,0,0,0.0,0,1,0,1,0,30.8,122,0,0,0,0,0,0,0,9.9
49035,72,female,Rose,3,secondary,1,1,12.6,1,0,1,0,0,30.2,109,0,0,0,0,1,0,1,6.7
32437,67,female,Rose,5,secondary,1,0,0.0,0,0,0,0,0,23.5,127,0,0,0,0,0,0,1,7.6
39429,71,female,Snow,3,primary,0,0,0.0,1,1,0,0,0,27.8,125,1,0,0,0,0,0,0,8.2
75602,40,female,Hill,5,secondary,1,0,0.0,0,0,0,0,0,32.0,130,0,0,0,0,0,0,0,8.3
29460,49,female,Hill,2,secondary,0,0,0.0,0,1,0,0,0,30.0,137,0,1,0,0,0,0,1,6.8
72419,27,male,Hill,4,primary,1,1,2.3,1,0,1,0,0,28.5,111,0,0,0,0,0,0,0,7.0
13182,53,female,Snow,2,primary,1,0,0.0,0,0,0,0,1,22.4,117,0,0,0,0,0,0,0,6.1
67261,21,female,Hill,2,secondary,0,1,0.8,0,1,0,0,0,25.9,109,0,0,0,0,0,0,0,9.6
95701,53,female,Nightingale,3,secondary,0,1,11.8,0,0,0,0,1,26.6,124,0,0,0,0,0,0,1,5.4
56445,76,female,Rose,4,secondary,1,1,10.3,1,1,0,0,1,30.4,135,0,0,0,0,0,0,1,4.1
40437,40,male,Rose,5,tertiary,1,0,0.0,0,0,0,0,0,23.9,115,0,0,0,0,0,0,0,4.0
29075,20,female,Snow,4,tertiary,0,0,0.0,1,1,1,1,0,26.3,104,0,0,0,0,0,0,0,8.3
95466,38,female,Hill,3,tertiary,0,0,0.0,1,1,0,1,0,35.6,151,1,0,0,0,0,0,0,6.9
44409,61,male,Hill,3,tertiary,0,0,0.0,0,0,1,0,0,29.0,113,0,0,0,0,1,0,1,5.6
52386,52,female,Doll,4,tertiary,1,0,0.0,1,0,1,0,0,36.8,110,0,0,0,0,0,0,0,4.3
28129,71,female,Rose,5,tertiary,1,0,0.0,0,0,0,0,1,28.7,120,0,0,0,0,0,0,1,6.6
36990,23,female,Nightingale,4,secondary,1,0,0.0,1,0,0,1,0,27.4,106,0,0,0,0,0,0,0,7.7
10029,78,female,Snow,4,secondary,1,0,0.0,1,0,1,0,0,33.9,140,0,0,0,0,0,0,0,9.8
33024,18,female,Rose,4,tertiary,1,0,0.0,0,0,0,0,0,27.2,90,0,0,0,0,0,0,1,9.5
84252,66,male,Rose,3,secondary,1,0,0.0,0,0,0,1,0,32.5,145,0,0,0,0,0,0,0,8.5
57624,29,female,Hill,2,secondary,0,1,3.4,1,1,1,0,0,33.1,125,1,0,0,0,1,0,0,7.7
98557,54,female,Rose,4,secondary,0,0,0.0,0,1,0,0,0,31.6,132,0,0,0,0,0,0,0,9.7
44238,46,male,Nightingale,3,primary,1,0,0.0,0,0,1,1,0,26.2,125,0,0,0,0,0,0,0,4.5
17813,29,male,Hill,1,secondary,0,0,0.0,1,1,1,1,0,27.0,103,0,0,0,0,0,0,0,6.7
55769,31,female,Snow,3,primary,0,1,4.9,0,0,0,0,0,22.1,108,1,0,0,0,0,0,1,7.5
79528,39,male,Snow,4,secondary,1,0,0.0,1,0,0,0,0,20.2,110,0,0,0,0,0,0,1,8.3
14871,23,female,Nightingale,4,tertiary,1,0,0.0,1,0,0,0,0,25.4,115,0,0,0,0,0,1,0,6.6
46100,62,male,Snow,4,tertiary,0,1,13.3,0,0,0,0,1,24.6,115,0,0,0,0,0,0,0,8.5
16866,35,male,Snow,3,secondary,1,1,8.8,0,0,1,0,1,29.4,115,0,0,0,0,0,1,1,9.6
82091,78,female,Rose,2,secondary,0,1,14.5,1,0,1,0,0,28.1,122,0,1,0,0,1,0,1,8.6
33348,59,female,Snow,4,secondary,0,0,0.0,0,0,1,0,0,34.7,128,0,0,0,0,0,0,0,5.0
75129,72,male,Nightingale,4,secondary,0,0,0.0,1,0,1,0,0,28.7,123,0,0,0,0,0,0,1,9.2
95249,66,female,Rose,5,secondary,1,0,0.0,1,1,0,0,0,25.6,109,0,0,0,0,0,0,0,5.9
89565,18,female,Snow,2,primary,1,1,0.0,1,0,0,0,0,20.6,103,1,0,0,0,0,0,0,8.7
34951,37,male,Nightingale,3,primary,1,0,0.0,0,0,1,0,0,27.2,121,0,0,0,0,0,0,1,6.3
18406,77,male,Nightingale,2,secondary,1,0,0.0,0,1,1,1,0,30.5,144,0,1,0,0,1,0,1,8.5
17853,53,female,Snow,2,secondary,0,1,7.2,0,1,1,0,0,32.9,115,0,0,0,0,0,0,0,6.6
47660,27,female,Doll,5,tertiary,1,0,0.0,0,0,0,1,1,21.1,93,0,0,0,0,0,0,1,8.7
89285,41,female,Rose,5,secondary,1,0,0.0,1,0,1,0,1,34.1,114,0,0,0,0,0,0,0,9.1
42734,45,female,Nightingale,1,primary,0,0,0.0,1,0,1,0,1,29.8,121,1,0,0,0,0,0,0,9.8
48670,77,female,Rose,3,primary,0,0,0.0,1,1,1,0,1,35.7,122,0,0,1,0,0,0,0,7.7
92110,35,male,Doll,2,secondary,0,0,0.0,0,0,0,1,1,20.2,118,0,0,0,0,0,1,0,5.7
37666,60,female,Hill,4,primary,1,1,18.1,0,0,1,1,0,28.8,131,0,0,0,0,0,0,0,5.4
55709,53,male,Nightingale,2,primary,1,1,18.2,0,0,1,0,1,25.6,135,0,0,0,0,0,0,1,7.6
39173,71,male,Rose,3,secondary,1,0,0.0,0,0,0,0,0,27.5,131,1,1,1,0,0,0,1,9.2
98738,66,male,Nightingale,5,tertiary,1,0,0.0,0,0,0,0,1,30.6,136,0,1,0,0,0,0,1,7.7
46915,79,male,Snow,4,tertiary,1,0,0.0,0,0,1,0,0,28.6,129,1,0,0,0,0,0,0,7.2
35596,49,male,Rose,5,secondary,0,0,0.0,0,0,1,0,0,34.3,141,0,0,0,0,0,0,0,5.8
19805,44,male,Rose,2,secondary,1,0,0.0,0,0,1,0,0,24.5,114,0,0,1,0,0,0,0,7.2
23891,38,female,Hill,3,secondary,1,1,4.8,0,0,0,0,0,25.1,118,0,0,0,0,0,0,0,4.0
23398,24,male,Hill,2,secondary,1,0,0.0,1,0,0,1,0,33.7,115,0,0,0,0,0,0,1,7.9
10462,54,male,Nightingale,4,primary,1,1,10.2,0,0,0,0,0,24.7,127,1,0,0,0,0,0,0,8.2
14605,20,male,Hill,5,tertiary,1,0,0.0,0,1,0,0,0,21.7,94,1,0,0,0,0,0,0,6.6
86512,19,female,Hill,4,tertiary,0,0,0.0,1,0,0,1,0,26.3,90,0,0,0,0,0,0,0,6.5
67569,73,female,Nightingale,2,secondary,1,1,13.1,0,0,0,0,1,29.7,118,0,0,0,0,0,0,0,8.5
60259,77,female,Rose,5,tertiary,1,1,19.5,0,1,0,0,1,31.1,130,0,0,0,0,0,0,0,7.0
41975,23,male,Nightingale,5,tertiary,1,0,0.0,0,1,1,1,0,28.1,99,0,0,0,0,0,0,0,8.7
63764,20,female,Snow,1,secondary,0,1,0.4,1,0,0,1,0,20.4,90,0,0,1,0,0,0,0,8.2
31331,26,female,Hill,3,secondary,0,0,0.0,0,1,0,0,0,28.1,110,1,0,0,0,0,0,1,8.4
26569,20,male,Nightingale,2,secondary,0,0,0.0,0,1,0,0,0,27.3,100,1,0,0,0,0,0,1,4.3
58566,48,female,Rose,4,secondary,0,0,0.0,0,0,1,0,0,34.2,106,0,0,0,0,0,0,0,7.6
35878,27,female,Doll,4,secondary,1,0,0.0,0,0,1,1,0,25.1,109,1,0,0,0,0,0,1,6.7
93888,65,female,Doll,5,tertiary,1,0,0.0,0,0,1,0,0,28.0,130,0,0,0,0,0,0,0,8.9
17869,51,female,Hill,2,primary,0,1,15.8,0,1,0,1,0,29.1,116,0,0,0,0,0,0,0,5.3
16384,33,female,Doll,5,tertiary,1,0,0.0,0,0,0,1,0,24.0,118,0,0,0,0,0,0,0,7.3
52604,30,female,Doll,2,secondary,1,0,0.0,0,0,0,0,0,21.2,90,0,0,0,0,0,0,0,8.2
60584,65,male,Snow,1,secondary,1,0,0.0,0,1,1,0,1,29.4,128,1,0,1,0,1,0,1,8.0
51268,79,male,Rose,5,tertiary,1,0,0.0,0,1,1,0,0,30.7,131,0,0,0,0,0,0,0,7.4
91121,57,female,Snow,4,tertiary,1,0,0.0,1,0,1,0,0,23.9,98,0,0,0,0,0,0,0,5.2
79435,48,male,Rose,3,primary,1,0,0.0,0,0,1,1,0,26.3,115,0,0,1,0,0,0,1,9.9
62875,27,female,Snow,3,tertiary,0,0,0.0,0,0,0,0,0,28.0,90,0,0,0,0,0,1,0,9.3
93432,73,male,Rose,5,tertiary,0,0,0.0,0,1,1,0,0,33.7,123,0,0,0,0,0,0,0,6.3
10318,37,male,Snow,3,primary,1,0,0.0,0,1,1,0,0,31.3,122,0,0,0,0,0,0,0,6.5
30373,31,male,Rose,3,secondary,1,0,0.0,1,1,1,1,0,31.5,113,0,0,1,0,0,0,1,6.7
77868,20,female,Snow,1,secondary,1,1,0.5,1,0,1,0,0,25.2,100,0,0,0,0,0,0,0,9.3
76491,30,female,Snow,1,secondary,0,0,0.0,0,0,1,0,1,26.5,101,0,0,1,0,0,0,0,6.1
59593,18,female,Rose,5,secondary,1,0,0.0,0,1,1,1,0,31.9,106,0,0,0,0,0,0,0,7.4
58872,38,female,Doll,4,primary,0,0,0.0,0,0,0,0,0,23.9,102,1,1,0,0,0,0,1,8.6
11195,48,male,Hill,3,tertiary,0,0,0.0,0,0,0,0,0,24.6,114,1,0,0,0,0,0,0,6.5
54318,43,male,Hill,5,secondary,1,0,0.0,0,0,0,0,0,26.7,105,0,0,0,0,0,0,0,6.9
32002,31,male,Hill,4,primary,1,0,0.0,0,1,0,1,0,26.8,128,0,0,0,0,0,0,1,6.5
42199,51,male,Rose,2,secondary,1,0,0.0,0,1,1,0,0,26.5,117,0,0,0,0,0,0,1,5.1
87780,74,male,Rose,2,secondary,0,0,0.0,0,0,0,0,0,31.4,146,0,0,0,0,0,0,0,7.9
35009,19,male,Hill,2,secondary,0,0,0.0,0,0,0,0,0,26.5,102,0,0,0,0,0,1,0,5.2
82286,25,female,Doll,5,tertiary,1,0,0.0,0,1,0,1,0,23.7,102,0,0,0,0,0,1,1,6.9
88718,57,male,Hill,2,tertiary,0,1,18.4,0,1,1,1,0,31.7,137,0,0,0,0,1,0,0,8.1
84590,30,female,Nightingale,4,tertiary,0,0,0.0,1,0,1,0,0,27.1,107,0,0,0,0,0,0,0,8.5
61635,70,female,Snow,3,secondary,0,0,0.0,1,1,0,0,1,31.3,143,1,0,0,0,0,0,0,6.6
66682,27,female,Doll,4,secondary,1,0,0.0,0,0,0,0,0,20.4,118,0,0,0,0,0,0,0,9.4
77804,53,female,Hill,4,primary,0,0,0.0,1,0,0,0,1,28.1,129,0,0,0,0,0,0,1,9.0
52026,22,male,Hill,5,tertiary,1,0,0.0,1,0,0,1,0,19.0,90,0,0,0,0,0,1,1,4.7
23662,39,female,Rose,4,secondary,0,0,0.0,0,0,0,0,0,19.9,116,0,0,0,0,0,0,0,8.7
24819,57,male,Doll,2,secondary,0,0,0.0,1,1,1,0,0,28.3,113,0,0,0,0,1,0,1,6.7
69587,73,female,Nightingale,2,primary,1,1,11.9,1,0,0,0,0,29.5,148,1,0,0,0,1,0,0,4.9
45662,66,male,Doll,4,tertiary,0,0,0.0,0,0,0,0,1,22.3,128,0,0,0,0,0,1,0,5.5
83501,72,male,Snow,3,tertiary,1,0,0.0,0,0,0,0,0,25.3,130,0,0,0,0,0,0,1,9.3
76886,26,male,Hill,2,secondary,0,0,0.0,1,0,1,1,0,28.8,107,0,0,0,0,0,1,0,6.5
82240,58,female,Nightingale,2,secondary,1,0,0.0,0,0,1,1,0,34.5,136,0,0,1,0,1,0,1,7.6
12036,67,female,Nightingale,4,tertiary,1,0,0.0,0,0,0,0,0,27.5,116,0,0,0,0,0,0,0,8.0
98078,41,female,Snow,2,primary,0,1,6.9,1,0,0,0,0,28.6,113,0,0,0,0,0,0,0,6.6
62950,35,male,Rose,3,secondary,1,0,0.0,1,0,0,0,0,29.5,118,0,0,0,0,0,0,0,8.4
49036,74,female,Rose,5,tertiary,1,0,0.0,0,0,1,0,1,26.4,119,0,0,0,0,1,0,1,9.9
26676,57,female,Snow,3,secondary,0,0,0.0,0,0,1,1,0,28.1,125,0,0,0,0,0,0,0,5.6
24979,38,male,Hill,4,secondary,0,0,0.0,0,1,0,1,0,36.2,126,0,0,0,0,0,0,0,4.8
52481,75,male,Nightingale,3,tertiary,0,0,0.0,0,1,0,0,1,30.0,133,0,0,0,0,0,0,1,4.2
39494,61,female,Snow,3,primary,1,1,16.9,0,0,1,0,0,31.9,114,0,0,0,0,0,0,0,8.6
44858,63,male,Snow,2,tertiary,0,0,0.0,1,1,0,0,0,32.4,130,0,0,0,0,0,0,0,5.9
80787,26,male,Doll,3,secondary,0,0,0.0,0,0,1,1,0,24.5,103,1,0,0,0,0,0,0,7.0
99466,50,male,Snow,2,tertiary,0,0,0.0,0,0,1,0,0,28.6,134,0,1,0,0,0,0,1,5.5
65277,60,male,Doll,3,secondary,1,0,0.0,1,0,0,0,0,29.3,128,0,0,0,0,0,0,1,4.7
81675,36,male,Rose,3,secondary,0,0,0.0,0,1,0,0,0,31.1,123,0,1,0,0,0,0,1,8.1
57981,79,male,Nightingale,3,secondary,1,0,0.0,0,0,0,0,0,24.7,156,0,0,0,0,0,0,0,6.6
20876,31,male,Rose,5,secondary,1,0,0.0,1,0,0,1,0,25.2,90,0,0,0,0,0,0,0,9.4
25973,49,female,Rose,3,primary,1,0,0.0,0,0,0,0,0,24.2,131,0,0,0,0,0,0,0,4.1
77817,43,male,Hill,1,secondary,0,0,0.0,0,0,1,0,0,27.7,120,0,0,0,0,0,0,0,4.9
93519,71,male,Nightingale,3,primary,1,1,13.0,0,0,1,0,0,26.7,123,0,1,0,1,0,0,1,8.8
49953,73,female,Nightingale,3,tertiary,1,0,0.0,1,1,1,0,0,28.8,140,0,0,0,0,1,1,0,9.9
88018,60,female,Hill,4,secondary,1,0,0.0,0,0,0,1,0,27.4,109,0,1,0,0,0,0,1,7.2
77997,42,male,Rose,3,secondary,0,0,0.0,1,0,0,1,0,26.3,125,0,0,0,0,0,0,0,7.0
95572,18,male,Snow,2,secondary,1,0,0.0,1,1,0,0,0,29.6,90,0,0,0,0,0,0,0,5.3
62568,59,female,Snow,4,primary,1,0,0.0,1,0,1,0,1,26.9,120,0,0,0,0,0,0,0,4.9
34153,52,male,Hill,5,secondary,0,0,0.0,0,0,1,0,1,30.6,113,1,0,0,0,0,0,1,8.4
16906,34,male,Rose,3,primary,0,0,0.0,0,0,0,0,0,26.3,100,0,0,0,0,0,0,0,8.2
37416,18,female,Doll,3,secondary,0,0,0.0,1,1,1,0,0,33.9,93,0,0,0,0,0,0,0,7.7
51691,45,female,Nightingale,4,tertiary,1,0,0.0,0,1,1,0,0,32.2,112,0,0,0,0,0,1,0,8.1
88439,77,female,Snow,2,secondary,1,1,22.8,0,0,1,0,0,30.7,146,0,1,0,0,1,0,1,8.8
67468,34,male,Hill,4,tertiary,1,0,0.0,1,0,0,1,0,27.1,114,0,0,0,0,0,0,0,4.9
11479,62,female,Hill,3,primary,0,0,0.0,1,0,1,0,0,29.8,102,0,0,0,0,0,0,0,4.5
64519,51,female,Nightingale,3,tertiary,0,0,0.0,1,0,1,0,0,28.5,107,0,0,0,0,0,0,0,7.8
59247,42,female,Nightingale,2,secondary,0,0,0.0,1,0,0,1,0,29.2,104,1,0,0,0,0,0,0,6.0
41905,28,female,Doll,4,secondary,0,0,0.0,0,0,1,1,0,27.7,109,0,0,1,0,0,1,0,9.1
54780,52,female,Snow,4,tertiary,0,0,0.0,1,0,0,0,0,24.5,120,0,0,1,0,0,0,0,8.6
79223,47,female,Hill,3,secondary,0,0,0.0,0,0,1,0,0,31.6,120,0,0,0,0,0,1,0,6.0
16646,54,male,Hill,4,tertiary,1,1,17.4,0,1,1,0,0,25.4,118,0,0,0,0,0,0,0,7.6
26509,55,female,Doll,2,tertiary,0,1,16.3,1,0,1,1,0,28.2,120,0,0,0,0,0,0,0,8.8
58789,24,female,Nightingale,4,tertiary,1,0,0.0,0,0,0,0,0,18.1,102,0,0,0,0,0,0,0,10.0
83447,21,female,Hill,3,secondary,1,0,0.0,1,1,1,0,0,30.2,110,0,0,0,0,0,0,0,5.3
23294,31,female,Nightingale,5,tertiary,0,0,0.0,0,0,0,0,0,28.2,110,0,0,0,0,0,1,1,8.5
18777,78,female,Snow,1,secondary,0,0,0.0,1,0,1,0,1,26.8,122,0,0,0,0,1,0,0,8.9
55913,78,male,Doll,2,primary,0,0,0.0,0,1,1,0,0,38.3,122,0,0,0,0,1,0,0,9.1
36953,59,male,Rose,3,secondary,0,0,0.0,0,0,1,0,0,28.5,108,1,0,0,0,0,0,0,5.4
33492,74,female,Snow,2,secondary,1,1,22.2,1,0,1,0,0,27.4,123,0,1,0,0,1,0,0,7.5
28170,25,male,Rose,5,tertiary,1,0,0.0,0,1,1,0,0,32.4,100,0,0,0,0,0,0,0,8.8
18939,55,female,Doll,3,secondary,1,0,0.0,0,1,0,0,1,34.2,117,0,0,0,0,1,0,1,8.6
59969,64,female,Hill,4,primary,1,0,0.0,1,0,0,0,0,27.6,125,0,0,1,0,0,0,1,6.2
62963,42,female,Doll,4,secondary,0,1,6.0,0,0,1,0,0,30.2,121,0,0,1,0,0,0,1,8.3
42785,64,male,Doll,4,tertiary,1,0,0.0,1,0,0,0,0,29.1,126,0,0,0,0,0,0,0,6.0
73005,23,female,Snow,1,secondary,0,1,2.2,1,0,0,1,1,28.3,111,0,0,0,0,0,0,0,9.2
73156,71,male,Doll,5,secondary,1,0,0.0,1,0,0,0,0,24.2,121,1,0,0,0,0,0,0,4.0
27909,54,male,Rose,4,secondary,0,0,0.0,0,1,1,0,0,30.2,117,0,0,0,0,0,0,0,5.2
59453,38,female,Rose,5,tertiary,0,0,0.0,1,1,1,1,0,33.7,129,0,0,0,0,0,0,0,7.5
63715,46,male,Snow,4,secondary,1,0,0.0,1,1,0,1,0,27.7,116,1,0,0,0,1,0,1,6.3
39932,28,male,Rose,5,tertiary,1,1,5.2,0,1,0,1,0,29.6,116,0,0,0,0,0,0,0,5.5
49987,39,female,Rose,4,secondary,1,0,0.0,0,0,0,0,0,27.9,120,0,0,0,0,0,0,0,7.6
46441,56,female,Rose,5,secondary,1,0,0.0,1,1,0,0,0,27.2,115,0,0,0,0,0,0,1,9.4
68183,73,female,Hill,3,tertiary,0,0,0.0,0,0,1,0,0,33.2,130,0,0,0,0,1,0,0,5.0
33965,25,male,Nightingale,3,primary,0,0,0.0,0,0,0,0,0,28.1,99,0,0,0,0,0,0,0,7.0
12178,65,male,Rose,5,tertiary,1,0,0.0,0,1,0,0,0,30.6,130,0,0,0,0,0,0,0,7.6
77703,23,male,Snow,2,primary,1,0,0.0,1,0,0,0,1,25.6,114,0,0,1,0,0,0,1,9.4
66807,44,female,Nightingale,3,secondary,1,0,0.0,0,0,1,0,0,27.7,110,0,0,0,0,0,0,0,6.4
37483,22,female,Hill,4,tertiary,1,0,0.0,0,0,0,0,0,27.2,94,0,0,0,0,0,0,1,8.4
86478,61,male,Nightingale,4,secondary,1,0,0.0,0,1,0,0,1,31.6,122,0,0,0,0,0,0,0,8.5
20351,49,male,Snow,4,secondary,1,0,0.0,0,0,0,1,0,25.0,106,0,0,0,0,0,0,0,7.8
40892,28,female,Hill,2,primary,0,0,0.0,0,1,1,1,1,27.2,97,0,0,0,0,0,0,0,10.0
75506,39,male,Rose,4,primary,1,1,7.0,1,1,0,1,1,28.4,125,0,0,1,0,0,0,1,9.4
35385,31,male,Snow,2,secondary,0,0,0.0,0,1,0,1,0,30.9,115,1,0,0,0,0,0,0,4.5
26706,59,female,Nightingale,4,secondary,1,0,0.0,0,0,1,0,0,27.4,138,0,0,0,0,0,0,0,6.5
72916,48,male,Doll,5,secondary,1,1,10.7,0,0,1,1,0,33.1,129,0,0,0,0,0,0,1,6.1
18945,23,female,Nightingale,2,secondary,0,0,0.0,0,0,1,1,1,30.2,97,0,0,0,0,1,0,0,5.6
53226,34,female,Nightingale,1,secondary,1,1,6.5,0,0,1,0,0,29.1,111,1,0,1,0,0,0,1,5.3
42243,18,male,Snow,2,primary,1,0,0.0,0,0,0,0,0,22.4,118,0,0,0,0,0,0,0,8.5
35163,70,male,Snow,4,secondary,1,0,0.0,0,1,0,0,0,25.6,116,0,0,0,0,0,0,0,6.2
58899,77,male,Nightingale,1,secondary,1,0,0.0,0,0,1,0,1,28.7,127,1,0,0,0,0,0,0,7.8
33399,62,male,Rose,5,tertiary,1,0,0.0,0,0,0,0,0,23.0,123,0,0,0,0,1,0,1,8.2
69508,60,female,Doll,2,secondary,1,1,17.7,0,0,0,0,1,29.9,135,0,0,0,0,0,0,1,6.1
98926,65,female,Nightingale,3,secondary,0,0,0.0,0,0,0,1,0,26.3,128,1,0,0,0,0,1,0,8.6
61065,22,female,Hill,2,secondary,0,0,0.0,0,0,1,1,1,26.0,109,0,0,1,0,0,0,0,5.9
11579,67,male,Doll,3,secondary,0,0,0.0,1,1,0,0,0,29.2,117,0,0,0,0,0,0,0,9.7
93072,36,female,Doll,4,secondary,0,0,0.0,1,0,0,1,0,23.6,114,0,0,0,0,0,0,0,5.7
16201,30,male,Doll,2,secondary,0,0,0.0,0,1,1,1,0,30.5,129,0,0,0,0,0,0,0,8.8
70690,25,male,Nightingale,2,secondary,0,1,2.1,0,0,1,0,1,28.2,125,1,0,1,0,0,0,0,7.4
61933,30,male,Doll,5,tertiary,1,0,0.0,0,0,1,1,0,26.7,115,0,0,0,0,0,0,0,6.2
81579,66,male,Hill,5,tertiary,1,0,0.0,0,0,0,0,0,32.1,115,0,0,0,0,0,0,0,5.3
81915,43,male,Rose,5,secondary,0,0,0.0,0,0,0,0,0,25.4,120,0,0,0,0,0,0,1,9.7
81887,61,female,Rose,2,secondary,1,1,18.0,0,1,1,0,0,28.7,118,0,0,0,0,0,0,0,9.6
44183,25,female,Hill,4,tertiary,1,0,0.0,0,0,1,0,1,22.6,107,0,0,0,0,0,0,0,8.4
58463,71,male,Doll,4,secondary,1,0,0.0,0,0,0,1,0,29.3,137,1,0,0,0,0,1,0,8.7
86987,74,male,Rose,5,tertiary,1,0,0.0,1,0,0,0,0,26.6,138,0,0,0,0,0,0,0,7.7
78379,41,male,Doll,4,secondary,0,0,0.0,0,0,0,0,0,24.4,119,1,0,0,0,0,1,0,6.5
90739,79,female,Hill,2,secondary,0,1,12.9,0,1,1,0,0,30.0,134,0,0,0,0,0,0,0,8.2
93240,78,female,Doll,5,primary,1,0,0.0,0,0,1,0,0,32.1,140,0,0,0,0,0,0,1,5.7
87738,59,male,Nightingale,5,secondary,0,0,0.0,1,0,1,0,0,23.1,111,0,0,0,0,0,1,0,8.0
94458,18,female,Hill,1,secondary,1,1,0.0,1,0,0,0,0,25.8,93,0,0,0,0,0,0,0,5.9
86302,77,male,Nightingale,2,secondary,0,0,0.0,0,0,0,0,0,29.3,132,0,0,1,0,1,0,1,8.8
42205,70,male,Doll,3,secondary,1,0,0.0,0,0,0,0,0,27.8,136,0,0,0,0,0,1,1,9.0
80942,74,male,Nightingale,3,tertiary,0,0,0.0,0,0,1,0,1,32.7,110,1,0,0,0,0,0,0,9.7
69572,45,male,Rose,4,secondary,0,0,0.0,1,0,1,0,0,27.8,121,0,0,0,0,0,0,0,4.2
94356,33,male,Hill,1,primary,0,1,6.5,0,1,0,1,1,25.8,104,1,0,0,0,0,0,0,7.6
99181,58,female,Nightingale,4,secondary,1,0,0.0,0,1,0,0,0,31.7,130,0,0,0,0,0,0,0,7.0
97755,55,male,Nightingale,2,secondary,1,0,0.0,0,1,1,1,0,29.6,131,1,0,0,0,1,0,1,9.0
56774,66,male,Hill,5,secondary,1,0,0.0,0,0,0,0,0,26.3,128,0,0,0,0,0,0,0,5.1
75377,39,male,Snow,1,secondary,1,1,9.9,0,0,0,0,0,29.5,121,0,0,1,0,0,0,1,5.1
67202,33,male,Nightingale,4,tertiary,1,0,0.0,0,0,0,1,0,22.5,111,0,0,0,0,0,0,1,4.2
62883,71,female,Snow,2,secondary,0,0,0.0,0,1,1,0,0,35.1,132,1,0,0,0,0,1,0,4.6
60571,39,female,Nightingale,4,secondary,1,0,0.0,1,1,1,0,1,28.7,110,0,0,1,0,1,0,1,7.5
17145,62,male,Doll,5,secondary,1,0,0.0,1,0,1,0,0,25.4,120,0,0,0,0,0,0,0,7.5
63805,65,female,Hill,4,tertiary,1,0,0.0,1,0,1,0,0,30.1,119,1,0,0,0,0,0,0,8.2
40959,34,female,Doll,3,primary,1,0,0.0,1,0,0,1,0,23.2,92,0,0,0,0,0,1,0,7.9
70053,75,male,Doll,2,primary,0,0,0.0,0,0,0,0,0,27.6,124,0,0,0,0,0,0,0,4.0
31738,71,male,Hill,3,primary,1,0,0.0,0,1,0,0,0,23.9,134,1,0,0,0,0,0,1,8.4
14181,38,female,Rose,4,tertiary,0,0,0.0,0,0,1,1,0,28.3,112,0,0,0,0,0,0,0,9.2
67915,43,female,Nightingale,3,secondary,1,0,0.0,1,0,0,0,0,27.6,123,0,0,0,1,0,0,0,6.4
17235,34,female,Hill,2,secondary,1,1,3.1,0,0,0,0,0,25.2,125,0,0,0,0,0,0,0,5.8
22183,46,male,Snow,4,secondary,0,0,0.0,1,1,1,0,0,27.1,108,0,0,0,0,0,0,0,4.3
82206,29,male,Hill,1,secondary,0,0,0.0,1,1,0,1,0,34.0,113,0,0,0,0,0,0,0,6.5
33781,67,female,Rose,2,secondary,1,1,16.7,0,0,1,0,0,35.7,124,0,0,0,0,1,0,1,8.9
21489,55,male,Doll,5,secondary,1,0,0.0,1,0,0,0,0,19.4,118,0,0,0,0,0,0,0,7.3
69785,71,female,Nightingale,2,primary,1,1,22.4,0,0,0,0,1,22.4,127,0,0,1,0,0,0,1,6.9
75220,68,female,Rose,3,tertiary,0,0,0.0,0,0,0,0,0,22.2,126,0,0,0,0,0,0,0,8.8
45737,73,male,Doll,3,secondary,0,0,0.0,1,1,0,0,0,32.1,137,0,0,0,0,0,0,0,9.5
78977,49,male,Rose,5,secondary,1,1,11.8,0,0,0,0,0,22.1,125,0,0,0,0,0,0,0,9.5
39061,60,female,Hill,3,secondary,1,0,0.0,1,0,1,0,0,30.9,129,0,0,1,0,0,0,0,7.5
77398,45,female,Rose,5,tertiary,1,0,0.0,0,0,1,0,0,23.6,114,0,0,0,0,0,0,1,6.2
56381,69,female,Hill,1,secondary,0,0,0.0,1,0,1,0,0,32.6,118,0,0,0,0,0,0,0,8.5
20022,58,female,Snow,3,secondary,0,0,0.0,1,0,0,0,0,26.7,138,0,0,0,0,0,1,0,4.8
42334,47,female,Snow,2,secondary,0,0,0.0,1,1,1,0,0,33.5,119,0,1,1,0,1,0,1,4.2
57042,70,female,Snow,1,secondary,1,0,0.0,0,1,1,0,0,29.2,122,0,0,0,0,1,0,1,9.3
83876,23,female,Doll,4,tertiary,1,1,2.4,0,0,1,0,0,27.6,108,0,0,0,0,0,0,0,6.0
30613,26,female,Nightingale,1,tertiary,0,0,0.0,0,1,1,0,0,30.1,107,0,0,0,0,0,0,0,4.7
91271,75,male,Doll,4,tertiary,1,0,0.0,1,0,1,0,0,27.4,115,0,0,0,0,0,0,0,8.2
14192,18,male,Snow,1,secondary,0,0,0.0,1,0,1,0,0,28.1,111,0,0,0,0,0,0,0,4.2
75469,43,female,Snow,4,tertiary,1,0,0.0,0,0,1,0,0,28.4,109,0,0,0,0,0,0,0,7.2
36304,67,female,Nightingale,2,secondary,0,1,11.0,0,1,1,0,1,34.1,121,0,0,0,1,1,0,1,6.0
42076,36,male,Rose,3,tertiary,1,0,0.0,1,1,0,1,0,28.6,110,0,0,0,0,0,0,0,5.5
74039,18,female,Hill,4,secondary,1,0,0.0,1,0,0,0,0,25.9,117,0,0,0,0,0,0,0,8.6
34415,48,male,Snow,4,secondary,1,0,0.0,0,0,0,0,0,23.7,123,0,0,0,0,0,0,0,5.7
45752,57,male,Rose,2,secondary,0,0,0.0,1,1,1,0,1,33.1,127,0,0,0,0,0,0,0,5.1
78909,20,male,Hill,2,secondary,0,0,0.0,1,0,1,0,0,25.5,90,0,0,1,0,0,1,1,8.6
86844,79,female,Snow,1,secondary,0,1,14.1,0,1,0,0,0,34.4,146,0,1,0,0,0,0,1,8.2
85412,29,male,Rose,3,secondary,0,0,0.0,1,0,1,1,0,32.1,110,1,0,0,0,0,0,0,6.3
96249,43,female,Rose,4,primary,1,0,0.0,0,0,0,0,0,21.9,107,0,0,0,0,0,0,1,4.2
10118,61,female,Snow,2,secondary,0,1,12.3,0,0,1,0,0,30.9,123,1,0,0,0,0,0,0,4.4
80876,22,female,Hill,4,tertiary,1,1,1.5,0,0,1,1,0,18.7,124,0,0,1,0,0,0,1,5.7
58243,70,male,Snow,2,primary,1,0,0.0,0,0,1,0,0,31.8,124,0,0,0,0,0,0,1,6.5
95568,61,male,Snow,3,secondary,1,1,9.7,0,0,1,0,1,33.3,112,0,0,0,0,0,0,0,9.4
37298,48,male,Hill,3,tertiary,1,1,11.6,0,1,1,0,0,28.0,122,0,0,0,0,1,0,0,9.7
44807,25,male,Snow,3,secondary,0,1,3.5,1,1,0,0,0,36.2,114,0,0,0,0,0,0,1,7.3
21975,18,female,Hill,4,secondary,1,0,0.0,1,0,1,1,0,27.1,96,0,0,0,0,0,1,0,6.1
60407,69,male,Rose,3,tertiary,1,1,16.6,1,0,1,0,0,28.2,127,0,0,0,0,0,0,0,7.9
62073,56,female,Rose,3,primary,0,0,0.0,0,1,0,1,0,25.6,118,0,0,1,0,0,0,0,7.3
34554,67,female,Doll,5,tertiary,1,0,0.0,1,0,1,0,0,29.9,125,0,0,0,0,0,0,0,8.6
43122,63,male,Doll,4,secondary,0,0,0.0,0,0,0,0,1,29.9,120,0,0,1,0,0,0,1,8.0
28405,48,male,Rose,5,tertiary,1,0,0.0,0,0,0,0,0,26.9,125,0,0,0,0,0,0,0,9.8
50799,71,female,Rose,2,tertiary,1,0,0.0,1,0,0,0,0,24.5,143,0,0,0,0,0,0,0,10.0
51815,64,female,Doll,3,secondary,1,1,15.9,0,1,1,1,1,36.3,130,0,0,0,0,1,1,1,8.9
18043,35,female,Rose,4,tertiary,1,0,0.0,0,1,1,1,0,31.4,126,0,0,0,0,0,0,1,4.5
60529,42,male,Doll,4,secondary,0,0,0.0,0,0,0,0,0,25.0,113,1,0,0,0,0,0,0,6.3
68806,45,male,Snow,4,primary,0,0,0.0,1,0,1,0,0,27.0,113,0,0,0,0,0,0,0,5.8
27614,65,female,Rose,2,secondary,0,0,0.0,0,0,0,0,0,23.1,107,0,0,0,0,0,0,0,8.9
88890,63,female,Snow,1,primary,0,0,0.0,1,0,0,0,0,28.3,122,1,0,0,0,0,1,0,9.4
48618,20,male,Hill,3,secondary,1,0,0.0,0,1,1,0,0,28.2,99,0,0,0,0,0,0,0,7.5
46147,66,female,Doll,4,primary,1,0,0.0,0,0,0,0,0,24.8,134,0,0,0,0,0,0,0,9.1
48524,23,female,Hill,4,primary,0,0,0.0,1,1,0,0,0,27.9,99,0,0,0,0,0,0,0,6.7
49283,28,female,Rose,4,tertiary,0,0,0.0,0,0,0,0,0,25.5,104,0,0,1,0,0,0,0,5.4
80533,79,female,Snow,1,secondary,0,0,0.0,0,0,1,0,1,30.4,137,0,0,0,0,0,1,0,5.2
45676,58,female,Nightingale,4,secondary,1,1,13.0,1,0,1,0,1,32.6,137,0,1,0,0,0,0,1,6.0
79168,70,female,Rose,3,secondary,0,0,0.0,1,0,1,0,0,27.7,136,0,0,0,0,0,0,0,6.1
16740,58,male,Rose,5,tertiary,1,1,12.8,0,0,0,0,0,25.9,101,0,0,0,0,0,0,0,6.5
50431,43,female,Nightingale,5,secondary,1,0,0.0,1,0,0,1,0,25.8,114,0,0,1,0,0,0,1,6.5
93086,43,female,Rose,2,primary,1,0,0.0,0,1,1,0,0,30.6,97,0,0,0,0,0,0,0,6.9
18327,78,female,Nightingale,3,secondary,1,0,0.0,0,0,0,0,0,33.6,129,0,0,0,0,1,0,1,7.4
46403,28,male,Rose,2,tertiary,1,0,0.0,0,1,0,1,1,27.3,110,0,0,1,0,0,0,1,7.9
45593,35,female,Nightingale,4,secondary,0,0,0.0,0,0,1,1,1,34.3,121,0,0,0,0,0,0,0,7.6
69358,41,male,Doll,2,primary,0,0,0.0,1,0,1,0,1,26.8,108,0,0,0,0,0,1,0,6.0
86062,19,female,Hill,2,secondary,0,0,0.0,0,1,0,0,1,30.9,101,1,0,0,0,0,0,0,5.7
20480,38,male,Hill,4,primary,1,1,9.7,0,0,0,0,0,29.9,128,0,0,0,0,0,0,0,8.6
59076,73,male,Nightingale,2,primary,1,1,21.8,0,0,0,1,0,38.7,143,0,0,0,0,0,0,1,4.4
22991,65,male,Hill,3,secondary,1,1,22.9,1,0,1,0,0,31.1,123,0,0,0,0,0,0,0,6.0
11731,37,male,Nightingale,1,secondary,0,1,8.8,0,0,1,1,0,25.5,117,0,0,0,0,0,1,0,8.1
43617,74,female,Nightingale,4,secondary,1,0,0.0,1,0,1,0,0,26.0,121,0,0,0,0,1,0,1,7.6
13156,76,male,Doll,3,tertiary,1,0,0.0,0,0,1,0,0,30.1,127,0,1,0,0,0,0,1,7.0
47774,52,male,Rose,5,secondary,1,0,0.0,1,1,0,0,0,31.4,115,0,0,0,0,0,0,0,6.5
13354,55,female,Nightingale,2,secondary,1,0,0.0,0,0,1,0,0,23.7,126,0,0,0,0,0,0,0,5.7
47428,33,male,Rose,3,secondary,1,1,5.5,0,0,0,0,1,25.8,126,0,0,0,0,0,0,0,8.5
85272,24,male,Hill,3,tertiary,1,1,2.5,1,1,0,0,0,24.5,109,0,0,0,0,0,0,0,4.2
94720,54,female,Nightingale,1,secondary,0,0,0.0,0,0,1,0,0,25.2,115,0,0,0,0,0,0,1,6.5
75969,71,male,Hill,2,primary,1,0,0.0,1,0,1,0,0,27.6,124,0,0,0,0,0,0,0,7.0
91844,55,male,Doll,3,tertiary,1,0,0.0,0,1,1,1,0,27.6,126,0,0,0,0,0,0,0,8.8
98162,21,male,Hill,4,secondary,1,0,0.0,0,0,1,1,0,27.9,99,1,0,0,0,0,1,1,5.1
93687,54,female,Snow,1,primary,0,1,15.6,1,1,1,0,0,28.1,131,0,0,0,1,0,0,0,7.3
26179,75,male,Rose,3,tertiary,0,0,0.0,0,0,0,0,0,31.2,126,0,0,0,0,0,0,0,5.4
47378,72,male,Doll,3,secondary,0,0,0.0,0,0,1,0,0,28.6,114,0,0,0,0,0,1,0,6.3
99245,44,male,Snow,3,tertiary,1,1,10.9,1,0,1,0,0,22.2,106,0,1,0,0,0,0,1,5.6
60726,23,male,Hill,5,secondary,1,0,0.0,1,1,1,0,0,27.7,107,0,0,0,0,0,0,1,4.1
80821,54,male,Doll,2,tertiary,1,1,15.9,0,0,0,0,0,28.0,125,0,0,0,0,0,0,1,4.4
89488,73,female,Doll,3,tertiary,0,0,0.0,1,0,0,0,0,36.5,105,1,0,0,0,0,1,0,4.1
49177,53,male,Rose,3,secondary,0,1,17.6,0,1,1,0,0,36.0,125,0,1,0,0,0,0,0,8.6
97178,21,female,Snow,2,secondary,0,0,0.0,0,1,0,1,0,30.4,95,0,0,1,0,0,0,0,7.6
69512,35,male,Rose,4,secondary,1,0,0.0,1,0,0,0,0,27.3,105,0,0,0,0,1,0,1,8.3
75440,46,female,Doll,5,tertiary,1,0,0.0,0,0,1,0,0,31.9,117,0,0,0,0,1,0,1,7.3
97038,77,female,Hill,2,primary,1,0,0.0,1,0,0,0,0,27.9,135,0,0,0,0,0,0,1,7.9
51262,66,male,Rose,4,tertiary,1,1,16.8,0,1,0,0,1,32.7,148,0,0,0,0,0,0,0,8.9
14353,55,male,Rose,3,tertiary,0,1,14.0,0,0,0,0,0,22.2,130,0,0,0,0,0,0,1,4.8
16338,79,female,Rose,2,secondary,1,1,29.5,0,0,1,0,1,30.3,141,0,0,1,0,0,1,1,6.9
30970,51,male,Nightingale,3,tertiary,1,0,0.0,0,0,0,0,0,27.4,121,0,0,0,0,0,0,0,7.4
35671,39,male,Rose,4,secondary,1,0,0.0,0,0,0,1,0,25.6,119,1,0,0,0,0,0,0,9.3
13427,53,female,Rose,5,tertiary,1,0,0.0,0,0,0,0,0,29.6,127,0,0,0,0,0,0,0,9.7
61818,74,male,Hill,4,secondary,0,0,0.0,1,1,0,0,0,28.6,115,0,0,0,0,0,0,0,6.6
81024,71,female,Rose,3,secondary,0,1,16.6,0,1,1,0,0,29.4,134,1,1,0,0,0,0,0,5.3
28867,30,male,Snow,1,secondary,1,1,4.3,1,1,0,0,0,25.7,114,0,1,0,0,0,0,1,6.4
26965,39,male,Rose,5,tertiary,1,0,0.0,0,1,0,0,1,32.4,113,0,0,0,0,0,0,0,6.4
80356,19,male,Nightingale,4,secondary,0,1,0.4,0,1,0,1,0,24.8,103,0,0,0,0,0,0,0,5.1
85035,42,female,Doll,3,secondary,1,0,0.0,0,0,0,0,0,25.4,118,0,0,0,0,0,0,0,4.3
81285,77,male,Doll,4,secondary,0,0,0.0,1,0,0,0,0,22.1,121,0,0,1,0,0,0,1,9.9
87101,21,male,Doll,5,secondary,1,0,0.0,1,0,0,0,0,31.0,90,1,0,0,0,0,0,0,7.9
70863,72,male,Rose,4,tertiary,1,0,0.0,1,1,1,0,1,28.6,127,0,1,1,0,0,0,1,9.5
53482,58,female,Hill,1,secondary,0,0,0.0,1,1,0,0,1,25.8,106,1,0,0,0,0,0,0,9.9
62433,52,male,Snow,1,secondary,1,0,0.0,1,1,0,0,0,30.9,120,1,0,0,0,0,0,0,5.2
69422,72,female,Rose,4,primary,1,0,0.0,0,0,0,0,1,22.9,122,0,0,0,0,0,0,0,7.8
71238,55,female,Hill,4,tertiary,1,1,11.9,1,0,1,0,0,24.0,121,0,0,1,0,0,0,1,6.3
28764,25,male,Rose,2,primary,1,0,0.0,1,1,0,1,0,31.2,124,0,0,0,0,0,0,0,4.2
54684,75,male,Hill,2,tertiary,0,0,0.0,1,1,1,0,1,30.6,147,0,0,0,0,0,1,1,8.3
49812,60,female,Nightingale,1,secondary,0,0,0.0,0,1,0,0,0,31.5,125,0,0,0,0,0,0,0,5.8
99155,66,female,Rose,3,tertiary,1,0,0.0,0,0,0,0,1,29.1,141,0,0,0,0,0,0,0,8.2
74177,41,female,Doll,5,primary,1,0,0.0,0,1,0,1,0,29.7,120,0,0,0,0,0,0,0,5.6
56017,70,male,Rose,3,secondary,1,0,0.0,0,1,0,0,0,26.6,126,0,1,1,0,1,0,1,5.2
59912,77,female,Snow,1,primary,0,1,27.1,0,1,1,0,0,27.0,147,0,1,1,1,1,0,1,7.2
71303,40,female,Hill,4,secondary,1,0,0.0,1,0,0,0,0,23.4,100,0,0,0,0,0,0,0,5.5
42740,71,male,Hill,5,tertiary,1,0,0.0,0,0,1,0,0,27.9,121,0,0,0,0,1,0,1,6.4
43639,60,male,Nightingale,1,secondary,0,1,12.3,0,0,0,1,0,26.5,129,0,0,0,0,0,0,0,8.7
81202,63,female,Nightingale,2,tertiary,1,1,10.0,1,1,1,0,0,32.8,129,0,0,0,0,0,0,0,4.9
87972,57,female,Doll,5,tertiary,1,0,0.0,0,0,1,1,0,32.0,143,0,1,0,0,1,0,0,8.7
11795,77,male,Snow,3,primary,0,0,0.0,1,1,0,0,0,32.0,137,0,0,0,0,1,0,1,6.1
11069,79,female,Rose,5,secondary,1,0,0.0,0,1,0,0,1,30.5,130,0,0,0,0,0,0,0,5.3
66604,77,male,Doll,4,secondary,1,0,0.0,0,0,0,0,0,23.7,140,0,0,0,0,0,0,0,8.8
94430,32,female,Doll,2,secondary,0,1,2.9,1,1,0,0,0,24.8,107,0,0,0,0,0,0,0,9.2
73638,38,male,Hill,4,secondary,1,0,0.0,1,0,0,0,0,22.5,99,0,0,0,0,0,0,1,7.5
32089,60,male,Rose,4,tertiary,1,0,0.0,0,0,0,1,0,24.1,130,0,0,0,1,0,0,1,6.0
11625,78,female,Nightingale,1,secondary,1,0,0.0,0,1,1,0,0,34.5,151,0,1,0,0,1,0,1,7.3
40667,49,male,Doll,4,primary,1,0,0.0,0,0,1,1,0,29.0,131,0,1,0,0,0,0,1,6.4
34068,74,male,Snow,1,secondary,0,1,12.8,1,0,0,1,1,23.2,134,0,0,0,1,0,1,0,5.1
58044,63,female,Hill,2,secondary,0,0,0.0,1,1,0,0,0,28.9,139,0,0,0,0,1,0,0,5.8
25394,38,female,Nightingale,3,secondary,0,0,0.0,0,0,1,0,1,26.3,98,1,0,0,0,0,0,0,5.5
83405,35,female,Snow,2,primary,0,1,4.7,1,0,0,1,0,21.2,110,1,0,0,0,0,0,0,6.1
52595,27,female,Doll,4,secondary,1,0,0.0,0,0,1,0,0,21.4,101,1,0,0,0,0,0,0,6.4
73274,68,male,Doll,2,secondary,1,1,24.0,1,0,1,0,0,30.8,111,0,0,0,1,0,0,1,9.0
73068,78,male,Hill,1,primary,0,1,16.8,0,1,1,1,1,25.5,133,0,0,0,0,0,0,0,8.3
43303,18,male,Hill,1,secondary,1,0,0.0,1,1,1,1,1,26.3,102,1,1,1,0,0,0,1,8.1
34453,75,female,Snow,1,secondary,0,1,24.0,0,1,1,0,0,26.7,139,0,1,0,0,0,0,0,8.8
55216,30,female,Snow,1,secondary,1,0,0.0,1,1,1,0,0,26.7,111,0,0,1,0,0,0,1,5.5
14949,78,female,Rose,5,tertiary,1,0,0.0,1,0,0,0,0,22.6,119,1,0,0,0,0,0,1,8.5
92583,72,female,Snow,1,secondary,0,0,0.0,0,0,1,0,0,31.3,133,0,0,0,0,0,0,0,6.5
40574,55,male,Nightingale,5,secondary,1,0,0.0,0,0,0,0,1,28.1,116,0,0,0,0,1,0,1,5.4
29444,30,female,Hill,1,secondary,0,1,4.4,1,1,1,0,0,30.8,99,0,0,0,0,0,0,1,6.4
55466,53,male,Hill,3,secondary,1,0,0.0,1,0,0,0,0,27.3,105,0,0,0,0,0,0,0,8.3
11487,79,male,Snow,1,secondary,0,0,0.0,0,1,1,1,0,30.9,122,0,0,0,0,1,1,1,6.5
58110,34,male,Snow,2,secondary,0,0,0.0,1,0,1,0,0,27.2,107,0,0,1,0,0,0,1,7.6
11002,32,female,Doll,4,tertiary,0,1,3.8,0,0,1,0,1,28.6,119,0,0,0,0,0,0,0,6.8
33072,71,male,Doll,4,secondary,0,0,0.0,1,0,0,0,1,29.6,135,0,0,0,0,0,0,0,6.1
95788,34,female,Rose,4,tertiary,1,0,0.0,1,0,0,0,1,24.5,106,0,0,0,0,0,0,0,6.8
19813,18,female,Doll,2,primary,0,1,0.0,1,1,0,1,0,25.7,120,0,0,0,0,0,0,0,7.6
63817,21,female,Doll,5,tertiary,1,0,0.0,0,1,1,0,0,29.7,112,0,0,1,0,0,0,0,4.2
97986,39,male,Nightingale,2,secondary,0,0,0.0,1,1,1,0,0,31.5,119,0,0,0,0,0,0,0,4.6
20086,49,male,Nightingale,2,primary,1,0,0.0,0,0,0,0,0,25.5,117,0,0,0,0,0,0,0,6.2
54397,79,female,Doll,4,tertiary,1,0,0.0,0,0,1,0,0,31.9,110,0,0,0,0,1,0,1,7.9
89557,21,male,Nightingale,3,secondary,1,0,0.0,0,0,1,1,0,30.8,107,0,0,0,0,0,0,0,4.9
54270,65,female,Doll,3,secondary,1,0,0.0,1,0,0,0,0,26.5,129,0,0,0,1,0,0,1,6.1
53091,50,female,Hill,1,secondary,0,0,0.0,1,0,0,0,0,27.2,122,0,1,0,0,0,0,1,8.9
83047,39,male,Snow,3,secondary,1,1,5.0,0,0,0,1,1,23.9,109,0,0,0,0,0,0,1,9.6
17146,49,female,Snow,1,secondary,0,0,0.0,0,1,0,0,0,22.2,121,0,0,1,0,0,0,1,7.1
21353,53,female,Hill,4,secondary,1,0,0.0,0,0,0,0,0,31.0,114,1,0,0,0,0,0,1,5.0
84470,66,male,Doll,2,secondary,0,1,21.8,1,1,1,0,0,34.2,129,0,1,0,0,0,0,0,6.5
21807,44,female,Rose,4,tertiary,0,0,0.0,0,1,0,0,1,23.2,106,0,0,0,0,0,0,0,9.8
27873,23,male,Snow,1,primary,0,1,1.6,1,1,1,1,1,30.2,111,1,0,0,0,0,0,0,8.3
98054,56,male,Doll,3,primary,0,0,0.0,0,1,0,0,0,26.0,121,0,0,0,0,0,0,0,5.9
78730,50,female,Rose,3,tertiary,0,0,0.0,0,0,1,0,0,24.5,119,0,0,0,0,0,0,0,6.8
77645,52,male,Doll,2,primary,1,0,0.0,1,1,1,0,0,26.7,114,0,0,0,0,0,0,0,5.3
12738,26,female,Nightingale,4,tertiary,1,0,0.0,1,0,1,0,0,27.2,100,1,0,0,0,0,0,0,7.2
57112,78,male,Snow,1,primary,1,0,0.0,1,0,0,1,1,30.0,140,0,0,1,0,0,0,1,8.4
50812,73,male,Rose,4,secondary,1,0,0.0,0,1,1,0,1,28.2,133,0,0,0,0,0,0,0,7.2
37072,65,male,Nightingale,2,secondary,0,0,0.0,1,1,0,0,0,27.4,117,0,0,0,0,1,0,1,7.6
40219,68,female,Hill,4,secondary,1,0,0.0,1,0,1,0,1,28.1,113,0,0,0,0,0,0,0,4.1
37982,43,male,Doll,2,secondary,0,0,0.0,1,1,0,0,0,18.9,115,0,0,0,0,0,0,0,6.7
64877,44,male,Snow,4,secondary,0,0,0.0,1,0,0,0,1,23.3,102,0,0,0,0,0,0,0,9.0
63258,55,female,Doll,5,secondary,1,0,0.0,0,0,0,0,0,26.4,121,0,0,0,0,0,0,0,5.3
12664,74,female,Rose,4,tertiary,1,0,0.0,0,1,0,0,1,32.0,120,0,0,1,0,0,0,0,4.2
18182,47,male,Snow,4,tertiary,1,0,0.0,0,1,0,1,0,30.9,116,0,0,0,0,0,0,0,4.8
37432,59,male,Hill,2,secondary,0,0,0.0,0,1,0,1,0,31.0,145,0,0,0,0,1,0,0,5.9
11968,67,female,Hill,1,secondary,1,0,0.0,0,0,1,0,0,28.1,104,1,0,0,0,0,0,0,6.6
97696,43,female,Hill,4,secondary,0,0,0.0,0,0,0,0,0,27.0,106,0,0,0,0,0,0,0,8.5
76248,71,male,Doll,3,secondary,1,0,0.0,1,0,0,0,1,29.7,139,0,0,0,0,0,0,0,8.3
71795,69,female,Nightingale,3,secondary,0,0,0.0,0,0,1,0,0,34.1,149,0,0,0,0,0,0,0,6.3
74964,56,female,Hill,2,secondary,1,1,18.0,1,0,1,1,0,29.0,125,0,0,0,0,0,0,0,7.5
16202,50,male,Doll,4,primary,1,1,11.1,1,0,1,0,0,25.2,113,0,0,0,0,1,0,0,4.1
32131,18,female,Hill,3,secondary,1,1,0.0,0,0,0,1,0,22.6,116,0,0,0,0,0,0,0,5.6
36234,76,female,Doll,5,secondary,1,0,0.0,0,1,0,0,0,29.6,114,1,0,0,0,0,0,0,8.9
36194,59,male,Nightingale,5,secondary,1,1,11.2,0,0,1,0,0,22.1,128,0,0,0,0,0,0,0,7.0
16281,61,female,Doll,3,secondary,0,0,0.0,0,1,0,0,0,32.0,136,1,1,0,0,1,0,1,5.3
55311,54,female,Doll,2,primary,0,0,0.0,1,1,1,0,0,31.9,106,0,0,0,0,0,0,0,4.7
36837,40,female,Doll,5,tertiary,1,0,0.0,0,1,0,0,1,30.1,140,0,0,0,0,0,0,1,8.5
87970,75,male,Snow,3,secondary,0,0,0.0,1,0,0,0,1,28.3,131,0,0,1,0,0,0,1,7.4
68402,72,male,Rose,2,secondary,0,0,0.0,0,1,1,0,1,29.7,143,0,0,0,0,0,1,0,4.4
27190,65,male,Doll,3,primary,1,0,0.0,0,0,0,0,0,33.1,121,1,0,0,0,0,0,0,6.4
93011,69,female,Nightingale,4,tertiary,0,1,16.5,0,1,1,1,0,30.8,150,0,0,0,0,0,0,0,8.2
86491,79,male,Hill,2,primary,1,1,31.2,0,1,0,0,0,31.4,126,0,0,0,0,0,0,0,7.7
21766,66,male,Doll,3,secondary,0,0,0.0,1,0,1,0,0,32.5,112,1,0,0,0,0,0,0,6.3
49706,45,female,Snow,1,secondary,0,1,9.0,1,1,1,0,0,37.7,121,0,0,1,0,1,0,1,6.2
36558,51,female,Doll,5,tertiary,0,0,0.0,1,1,1,0,0,29.0,120,0,0,0,0,0,0,0,9.9
46951,49,female,Doll,3,tertiary,1,1,10.9,1,0,0,1,0,24.8,105,0,0,0,0,0,0,0,9.1
75613,43,female,Nightingale,4,secondary,1,0,0.0,1,0,1,0,0,27.2,115,1,0,0,0,0,0,0,6.4
20373,72,male,Hill,2,primary,0,1,21.2,1,1,1,1,1,33.1,123,0,0,1,0,0,1,0,4.4
70329,29,female,Doll,4,tertiary,1,0,0.0,0,1,0,1,0,26.9,113,0,0,0,0,0,0,0,8.4
88941,52,male,Snow,4,secondary,1,0,0.0,0,1,1,1,0,32.9,130,0,0,0,0,0,0,0,5.6
56095,21,male,Hill,5,secondary,1,1,1.1,0,0,0,1,0,29.7,115,0,0,0,0,0,0,0,4.9
54075,47,male,Snow,3,secondary,1,0,0.0,0,0,0,0,1,23.5,125,1,0,0,0,0,0,0,7.6
68024,33,male,Hill,3,secondary,1,0,0.0,0,0,0,1,0,25.0,116,0,0,0,0,0,1,1,5.6
50249,73,female,Nightingale,4,tertiary,1,1,12.2,1,0,0,0,0,28.0,142,0,0,0,0,0,0,0,6.2
22082,76,female,Nightingale,2,secondary,1,0,0.0,1,0,1,0,0,33.5,125,0,0,0,1,0,0,1,4.4
44759,20,female,Snow,1,secondary,0,0,0.0,1,0,0,1,0,24.8,101,0,0,0,0,0,0,0,6.8
99703,78,female,Rose,4,secondary,1,0,0.0,0,0,0,0,0,29.5,136,0,0,0,0,1,0,1,5.2
66230,27,female,Hill,2,secondary,1,0,0.0,1,0,0,0,0,27.5,122,1,0,0,0,0,0,0,7.6
54207,53,female,Snow,4,primary,1,0,0.0,0,0,0,0,0,27.5,121,0,0,0,0,0,0,0,5.5
98652,75,male,Doll,3,secondary,1,0,0.0,0,0,1,0,1,25.6,131,1,0,0,0,0,0,0,4.5
88402,77,female,Hill,5,tertiary,1,0,0.0,0,0,1,0,0,33.9,122,0,0,0,1,1,0,1,8.8
45984,51,female,Nightingale,4,tertiary,1,0,0.0,1,0,1,0,0,31.4,123,0,0,0,0,0,0,0,6.8
32809,76,female,Nightingale,4,primary,0,1,14.1,0,1,0,0,0,23.5,122,0,0,0,0,0,0,0,5.9
56525,24,female,Rose,2,primary,0,0,0.0,1,1,0,0,0,25.2,99,0,0,0,0,0,0,0,6.3
31149,53,female,Rose,5,tertiary,1,0,0.0,0,0,0,0,0,25.0,124,0,0,0,0,0,0,0,8.3
57135,76,male,Nightingale,5,secondary,1,1,21.8,0,0,1,0,1,29.6,135,0,0,0,0,1,0,1,4.6
87590,32,male,Nightingale,4,tertiary,1,1,5.4,0,0,0,1,0,23.5,121,0,0,0,0,0,0,0,4.1
57886,77,male,Rose,4,tertiary,0,0,0.0,1,0,1,0,1,24.4,129,0,0,0,0,0,0,0,5.6
85033,18,male,Rose,5,tertiary,0,0,0.0,0,0,0,0,0,25.5,96,0,0,0,0,0,1,0,10.0
21351,77,female,Doll,2,secondary,0,1,13.4,1,0,0,0,1,28.3,122,0,0,0,0,1,0,0,5.4
73973,79,male,Nightingale,4,tertiary,1,0,0.0,0,0,1,1,0,31.4,122,1,0,0,0,0,0,0,9.6
94163,68,female,Doll,3,secondary,0,0,0.0,0,1,0,0,1,29.3,132,0,0,0,0,0,0,0,6.9
24371,30,male,Rose,3,secondary,1,0,0.0,0,0,1,0,0,28.6,93,0,0,0,0,0,0,1,8.3
13478,72,female,Rose,5,secondary,1,0,0.0,0,0,0,0,0,24.9,119,0,0,0,0,0,0,0,9.9
52364,54,male,Hill,2,primary,0,1,18.1,0,1,0,0,0,26.2,123,0,0,0,0,0,0,0,4.9
35214,65,female,Hill,4,secondary,0,1,11.7,0,0,0,0,0,29.7,131,0,0,0,1,0,0,0,5.9
41369,51,female,Doll,5,tertiary,1,0,0.0,0,0,0,0,1,23.7,109,0,0,0,0,0,0,0,6.2
23537,37,male,Nightingale,4,tertiary,1,0,0.0,1,0,0,0,0,26.4,122,0,0,0,0,0,0,0,8.3
57651,19,female,Snow,4,secondary,1,0,0.0,0,0,0,0,0,27.4,100,0,0,1,0,0,0,1,9.0
28984,54,female,Rose,2,primary,0,0,0.0,1,1,1,1,0,32.8,112,0,0,0,0,1,0,1,5.2
80232,53,female,Snow,4,tertiary,1,0,0.0,0,0,0,0,0,22.7,112,1,0,0,0,0,0,0,7.7
62492,28,male,Snow,1,secondary,1,0,0.0,1,0,0,0,0,28.7,119,1,0,0,0,0,0,0,4.6
67481,46,male,Hill,4,secondary,1,0,0.0,1,0,0,1,1,29.2,127,0,0,1,0,0,0,1,5.9
66816,70,male,Doll,5,secondary,1,0,0.0,0,0,0,0,0,28.3,139,0,0,0,0,0,0,0,7.4
49959,42,female,Rose,5,tertiary,1,0,0.0,0,1,0,0,0,24.6,109,0,0,0,0,0,0,0,7.7
70414,44,male,Doll,4,primary,0,0,0.0,1,0,0,0,0,21.7,117,0,0,0,0,0,0,0,6.8
90942,57,female,Hill,3,secondary,1,0,0.0,1,0,1,0,0,27.2,97,0,0,0,0,0,0,0,4.7
13872,46,male,Rose,3,secondary,1,0,0.0,0,1,0,0,0,31.8,122,0,0,0,0,0,0,0,8.3
78360,52,male,Hill,2,secondary,0,1,17.2,1,0,0,1,0,27.2,124,0,0,0,0,0,0,0,8.6
83683,18,female,Nightingale,1,secondary,0,1,0.0,0,1,0,0,0,26.3,95,0,0,0,0,0,0,0,7.6
52728,39,female,Nightingale,3,primary,1,0,0.0,0,0,0,0,1,24.3,116,0,0,0,0,1,0,1,7.3
15020,38,female,Snow,3,tertiary,1,0,0.0,0,0,1,0,0,28.6,120,0,0,0,0,0,0,0,7.4
69675,34,male,Snow,3,secondary,1,0,0.0,0,0,1,1,0,28.6,106,1,0,0,0,0,0,0,5.5
53440,53,male,Snow,3,secondary,0,0,0.0,0,0,1,0,0,31.4,124,1,0,0,0,1,0,0,6.9
44817,42,male,Hill,4,secondary,1,0,0.0,0,0,1,0,0,22.5,132,0,0,0,0,0,0,0,9.8
83468,21,male,Nightingale,5,primary,1,0,0.0,0,0,0,0,1,24.5,90,0,0,0,0,0,0,0,4.2
29744,77,female,Doll,2,secondary,1,1,16.9,1,0,1,0,0,27.9,141,1,1,1,0,0,0,1,4.3
38194,41,female,Doll,5,tertiary,1,0,0.0,0,0,1,0,0,26.5,90,0,0,0,0,0,0,0,7.5
28958,20,female,Rose,4,secondary,1,0,0.0,0,0,0,1,0,27.7,104,1,0,0,0,0,0,0,4.3
15318,39,female,Snow,3,secondary,1,1,3.8,0,0,0,1,0,19.0,101,0,0,0,1,0,0,1,6.5
21643,76,female,Rose,5,tertiary,1,0,0.0,0,0,1,0,1,30.1,128,0,0,0,0,0,0,0,7.7
92646,36,female,Nightingale,4,primary,1,0,0.0,0,0,0,0,0,23.1,92,0,0,0,0,0,0,0,5.8
12288,34,female,Snow,3,secondary,0,0,0.0,0,0,0,0,0,20.3,106,1,0,0,0,0,0,0,7.5
28425,62,male,Nightingale,4,secondary,1,0,0.0,1,0,0,0,0,25.2,106,0,0,0,0,0,0,0,5.7
12213,27,male,Hill,1,primary,0,1,2.5,1,1,0,0,0,31.7,110,0,0,0,0,0,1,0,8.9
58099,75,male,Nightingale,2,primary,0,0,0.0,1,0,0,0,1,26.8,142,0,0,1,0,0,0,1,4.0
94140,33,female,Hill,2,primary,0,0,0.0,1,0,0,0,0,19.5,120,0,0,0,0,0,0,0,8.5
39155,64,female,Snow,1,secondary,0,1,18.1,0,1,1,0,0,30.8,155,0,0,0,0,1,0,0,7.7
78811,56,male,Snow,1,primary,1,0,0.0,0,0,1,0,0,29.2,112,0,0,0,0,0,0,0,4.5
79401,33,male,Nightingale,4,secondary,1,1,7.2,0,1,0,0,0,27.1,130,0,0,0,0,0,0,1,8.9
43517,70,male,Doll,5,tertiary,1,0,0.0,1,1,0,0,0,25.5,128,0,0,0,0,0,0,0,6.7
43671,73,female,Nightingale,2,primary,1,0,0.0,1,0,0,1,1,33.4,136,0,1,0,0,0,0,1,8.5
11623,21,male,Nightingale,2,secondary,0,0,0.0,1,1,1,0,1,27.3,100,0,0,0,0,0,0,0,8.8
16771,54,female,Rose,3,secondary,1,0,0.0,0,1,0,1,0,24.8,126,0,0,0,0,0,0,0,6.5
48410,75,female,Doll,5,secondary,1,0,0.0,0,0,0,0,0,25.9,144,0,0,0,0,1,0,1,7.1
34589,69,female,Doll,2,tertiary,0,1,19.1,0,0,1,0,0,32.8,130,0,0,0,0,0,0,0,5.4
72062,60,female,Hill,3,primary,0,0,0.0,0,0,1,0,0,33.6,127,0,0,0,0,0,0,0,7.9
91224,73,male,Rose,2,secondary,1,0,0.0,1,1,0,0,0,27.1,113,0,0,0,0,0,0,0,9.2
90440,77,female,Doll,3,primary,1,1,26.8,1,0,0,0,1,24.2,124,0,0,0,0,0,0,0,4.7
63144,32,female,Rose,5,tertiary,0,0,0.0,1,0,0,0,1,23.4,103,0,0,0,0,0,0,0,5.3
50166,55,female,Nightingale,1,primary,0,1,9.7,1,1,0,0,1,27.6,130,0,0,1,0,0,0,0,4.9
30876,79,female,Nightingale,4,tertiary,0,0,0.0,0,0,0,0,0,23.3,116,1,0,0,0,0,0,0,7.9
61282,76,female,Hill,3,secondary,0,0,0.0,1,0,0,0,0,23.7,116,0,0,0,0,0,0,0,9.8
51924,51,male,Snow,1,primary,0,0,0.0,1,1,1,0,0,32.1,120,0,0,0,0,0,0,0,8.7
13191,63,male,Nightingale,2,primary,0,0,0.0,0,1,0,0,0,35.3,135,0,0,0,0,0,0,0,8.9
33153,21,male,Snow,2,primary,0,1,1.1,0,0,1,0,1,24.2,93,0,0,0,0,0,0,0,7.8
63350,20,male,Rose,4,secondary,0,0,0.0,0,0,1,1,0,25.3,113,0,0,0,0,0,0,0,8.3
26297,46,male,Snow,4,secondary,0,0,0.0,0,0,0,0,0,25.2,123,0,0,0,0,0,0,0,9.2
49346,21,female,Hill,1,secondary,1,1,0.9,1,0,1,1,1,26.4,100,0,0,0,0,0,0,0,8.6
36200,51,female,Nightingale,3,secondary,0,1,11.5,0,0,1,0,0,23.9,113,0,0,0,0,0,0,0,6.6
77779,32,male,Hill,5,tertiary,0,1,7.0,0,1,0,1,0,26.0,115,0,0,0,0,0,0,0,7.6
79779,56,female,Doll,3,primary,1,1,12.0,0,0,0,0,0,24.3,118,0,0,0,0,0,0,0,5.7
98206,21,male,Snow,2,secondary,0,1,1.1,1,0,1,0,0,29.7,104,1,0,0,0,0,0,0,7.8
60751,57,male,Snow,3,secondary,1,0,0.0,0,1,0,0,1,27.0,128,0,0,0,0,1,0,1,9.4
29363,21,female,Doll,5,tertiary,1,0,0.0,0,0,1,0,0,25.1,109,0,0,0,0,1,0,1,5.4
34105,37,male,Nightingale,4,secondary,1,1,7.2,0,0,1,1,0,28.1,122,1,0,0,0,0,1,0,9.6
67901,27,female,Nightingale,3,secondary,0,0,0.0,0,1,0,0,0,25.7,99,0,0,0,0,0,0,0,5.0
93679,22,female,Snow,3,tertiary,1,0,0.0,0,0,0,0,0,26.1,90,0,0,0,0,0,0,0,4.0
59389,33,female,Nightingale,2,secondary,0,1,7.1,1,1,1,0,1,29.5,103,1,0,0,0,0,0,0,9.2
78462,24,male,Hill,2,secondary,0,0,0.0,0,0,1,1,0,24.5,93,0,0,0,0,0,1,0,8.2
29403,53,female,Snow,4,tertiary,1,0,0.0,0,0,0,0,1,28.7,116,0,0,0,0,0,0,0,9.4
20906,53,female,Snow,3,secondary,1,0,0.0,0,0,0,0,0,23.2,124,0,0,0,0,0,0,0,9.1
94835,29,male,Rose,3,secondary,1,0,0.0,0,1,0,0,1,29.1,94,0,0,0,0,0,0,0,6.4
53462,78,male,Rose,5,tertiary,1,0,0.0,0,0,0,0,1,27.5,115,0,1,0,0,0,0,0,6.1
14869,26,female,Hill,1,primary,0,0,0.0,1,1,0,1,1,23.3,112,1,0,0,0,0,1,0,10.0
96258,22,male,Hill,3,tertiary,1,0,0.0,0,0,0,1,0,23.3,101,0,0,0,0,0,1,1,5.5
42699,34,female,Hill,1,secondary,1,1,5.8,0,0,1,0,0,30.5,124,0,0,0,0,0,0,0,7.0
41632,48,female,Snow,1,primary,0,0,0.0,1,0,1,0,0,28.6,122,0,0,0,0,0,0,0,8.7
87793,30,female,Nightingale,4,secondary,1,0,0.0,0,0,0,0,0,18.2,95,0,0,0,0,0,0,1,5.7
23756,33,female,Hill,1,secondary,0,0,0.0,1,1,1,0,0,28.1,111,1,0,0,0,0,0,0,8.4
52464,42,male,Hill,3,tertiary,1,0,0.0,1,0,0,0,0,28.1,128,0,0,0,0,0,0,0,5.1
86376,33,female,Hill,2,secondary,0,0,0.0,1,0,1,1,0,30.5,115,0,0,0,0,0,0,1,9.6
69622,34,female,Rose,3,secondary,1,1,8.1,0,1,0,0,0,28.1,101,0,0,0,0,0,0,1,4.4
17764,69,male,Nightingale,3,secondary,1,0,0.0,0,0,0,0,0,27.2,129,1,0,0,0,0,0,0,8.7
98156,59,female,Hill,2,secondary,0,1,13.3,0,0,1,0,0,30.2,137,1,0,0,0,0,1,0,6.9
61582,44,female,Hill,3,tertiary,0,0,0.0,0,0,0,0,0,30.2,99,1,0,0,0,0,0,0,9.9
15622,45,male,Hill,5,tertiary,1,0,0.0,0,1,1,1,1,33.2,97,0,0,0,0,0,0,0,4.8
91046,77,female,Nightingale,4,tertiary,0,0,0.0,0,0,0,0,1,30.6,133,0,0,0,0,0,0,0,5.6
88273,52,male,Nightingale,5,tertiary,1,1,11.9,0,0,0,0,0,22.4,109,0,0,0,0,0,1,0,4.5
60988,19,female,Doll,2,secondary,0,0,0.0,0,1,0,0,0,28.3,103,0,0,0,0,1,0,0,4.8
62731,23,female,Nightingale,1,primary,0,0,0.0,1,0,1,0,1,34.0,117,0,0,0,0,0,0,0,4.9
87327,24,male,Snow,2,primary,0,0,0.0,0,1,0,1,0,26.1,95,0,0,1,0,0,1,1,7.4
87282,57,male,Doll,5,tertiary,1,0,0.0,0,0,1,0,0,27.3,118,0,0,0,0,0,0,0,6.3
37678,55,female,Nightingale,2,primary,0,0,0.0,1,1,1,0,0,37.0,116,1,0,0,0,0,0,0,7.7
17409,72,female,Rose,2,secondary,1,0,0.0,1,1,1,0,0,27.3,124,0,0,0,1,0,0,0,6.1
83331,60,female,Nightingale,3,secondary,1,1,8.6,0,0,1,0,1,30.5,115,0,0,0,0,1,0,1,7.0
75186,41,female,Doll,3,secondary,1,0,0.0,0,0,0,0,1,20.5,111,0,0,0,0,0,0,0,4.9
45828,50,female,Doll,4,tertiary,1,0,0.0,0,1,0,0,0,26.4,114,0,0,0,0,0,0,0,5.6
14477,71,male,Rose,5,tertiary,1,0,0.0,0,0,1,0,1,31.9,133,0,0,1,0,0,0,1,10.0
78906,49,female,Nightingale,2,secondary,0,1,9.1,0,1,0,0,1,33.5,128,0,0,0,0,0,0,0,7.8
44451,41,male,Doll,4,tertiary,1,0,0.0,1,0,0,0,0,25.8,110,0,0,0,0,1,0,1,9.2
78956,44,female,Nightingale,5,secondary,1,0,0.0,0,1,1,0,1,31.3,112,0,0,0,0,0,0,1,7.4
87465,23,male,Doll,2,secondary,0,1,1.7,1,0,1,1,0,28.7,105,0,0,0,1,0,1,0,9.1
82793,69,female,Nightingale,1,primary,1,0,0.0,0,0,0,0,1,28.8,140,1,0,0,0,0,0,0,8.8
47499,66,male,Snow,4,secondary,1,0,0.0,0,0,0,0,0,26.3,121,0,0,0,0,1,0,1,7.9
54253,62,male,Doll,5,tertiary,1,0,0.0,0,0,1,0,0,29.9,114,0,0,0,0,0,0,0,5.1
28352,44,female,Snow,3,secondary,0,0,0.0,0,0,0,0,0,19.8,96,0,0,0,0,0,0,0,8.9
95244,65,female,Hill,3,tertiary,0,0,0.0,1,0,1,0,0,29.0,129,0,0,0,0,0,0,0,6.9
51737,70,male,Rose,3,secondary,1,0,0.0,0,1,1,0,0,33.9,148,0,0,1,0,0,0,1,5.2
74464,32,male,Nightingale,2,secondary,0,1,5.7,0,0,1,1,0,24.7,110,0,0,0,0,0,0,1,8.3
73939,26,male,Rose,3,secondary,0,0,0.0,0,0,1,1,1,25.8,111,0,0,1,0,0,0,1,6.5
91878,62,female,Rose,5,secondary,1,0,0.0,0,1,1,0,0,28.8,135,0,0,0,0,0,0,0,7.7
36531,70,female,Rose,4,tertiary,0,0,0.0,1,0,1,0,0,24.9,125,0,0,0,0,0,0,0,4.6
78636,61,male,Snow,1,secondary,0,1,19.3,1,1,1,0,0,27.2,123,0,0,0,0,0,0,0,7.6
43536,76,male,Rose,2,secondary,0,0,0.0,1,0,0,0,0,29.3,122,0,0,0,0,0,0,0,8.5
94301,60,male,Snow,3,secondary,1,0,0.0,0,1,0,1,0,25.8,134,0,0,0,0,0,0,0,4.6
41353,64,female,Rose,4,tertiary,0,1,18.5,0,1,1,0,0,33.8,130,0,0,0,0,1,0,1,6.2
46894,34,male,Rose,5,tertiary,1,0,0.0,0,0,1,0,0,33.6,122,0,0,0,0,0,0,0,5.4
61156,63,male,Rose,5,tertiary,1,0,0.0,1,0,1,0,0,27.5,123,1,0,0,0,0,0,0,6.6
17042,19,female,Rose,4,tertiary,1,0,0.0,1,1,0,0,0,28.3,90,0,0,0,0,0,0,0,9.7
70321,21,female,Hill,4,primary,0,0,0.0,0,1,1,0,0,32.2,105,0,0,0,0,0,0,0,6.0
49800,61,male,Doll,5,secondary,0,1,18.4,0,1,0,0,1,26.7,125,0,0,0,0,0,0,0,7.3
79774,41,male,Doll,3,tertiary,0,1,11.7,0,0,0,0,1,22.2,100,0,1,0,0,0,0,1,5.8
35884,54,male,Hill,4,tertiary,0,1,9.6,0,0,1,0,1,29.0,121,0,0,0,0,0,0,0,9.8
40858,64,female,Hill,1,secondary,0,0,0.0,1,1,1,0,0,31.0,136,0,0,0,0,0,0,0,8.7
93894,41,male,Snow,3,primary,1,0,0.0,1,0,0,0,1,29.1,110,0,0,0,0,0,0,1,5.0
51878,79,male,Hill,4,secondary,1,0,0.0,0,0,1,0,0,29.9,121,0,0,0,0,0,0,1,6.7
37774,77,female,Nightingale,3,tertiary,1,0,0.0,0,0,1,0,0,27.8,124,0,0,0,0,0,0,1,4.3
69507,51,female,Nightingale,1,primary,1,0,0.0,0,0,0,0,1,26.8,119,0,0,1,0,0,0,1,4.0
82972,31,female,Rose,4,secondary,1,0,0.0,0,0,0,0,0,22.6,93,0,0,0,0,0,0,0,4.1
82727,24,female,Rose,5,tertiary,1,0,0.0,0,0,0,1,0,27.2,113,0,0,0,0,0,0,1,5.8
90735,70,male,Hill,1,secondary,0,1,15.4,0,1,1,0,0,31.0,133,1,1,0,0,0,0,0,4.5
91179,46,male,Hill,4,tertiary,0,0,0.0,0,1,1,1,0,28.4,111,0,1,0,0,0,0,0,5.7
73073,70,male,Hill,3,secondary,1,0,0.0,0,1,1,0,0,29.1,137,0,0,0,0,0,0,0,6.0
28309,41,male,Doll,5,primary,1,0,0.0,0,0,0,0,0,24.6,123,1,0,0,0,0,0,0,4.5
85346,57,female,Nightingale,2,tertiary,0,1,14.8,1,1,1,0,0,33.7,127,0,0,1,0,0,0,0,7.8
81358,21,male,Rose,3,primary,0,1,1.1,1,0,1,1,0,27.3,114,0,0,0,0,0,1,1,7.2
33123,21,male,Snow,4,tertiary,0,0,0.0,1,0,1,0,0,31.1,98,0,0,0,0,0,0,0,5.7
88239,77,female,Nightingale,2,secondary,0,0,0.0,1,1,0,0,0,34.5,147,0,0,0,0,1,0,1,5.3
64217,22,male,Rose,2,secondary,0,0,0.0,1,1,0,1,0,25.6,91,0,0,0,0,0,0,0,8.7
79524,62,female,Nightingale,1,secondary,0,0,0.0,0,1,1,0,0,26.0,129,0,1,0,0,0,1,1,7.6
24553,56,female,Doll,2,secondary,0,1,11.4,1,1,1,0,0,29.6,118,0,0,0,0,0,0,1,5.7
78533,59,male,Nightingale,4,secondary,1,0,0.0,1,1,1,0,0,36.9,143,1,1,0,0,0,0,1,5.5
83989,41,male,Snow,2,secondary,1,1,8.0,1,1,0,1,0,22.7,120,0,0,0,0,0,0,0,9.7
10096,57,male,Doll,2,tertiary,0,1,15.1,0,0,0,0,0,32.0,122,0,0,0,0,0,0,0,4.8
81684,71,male,Rose,4,tertiary,1,1,26.2,1,0,0,0,0,30.7,110,0,0,0,0,0,1,1,9.1
97911,46,male,Doll,5,tertiary,1,0,0.0,0,1,0,0,0,29.4,105,0,0,0,0,0,0,0,5.3
23044,39,male,Snow,2,secondary,1,0,0.0,1,0,1,1,0,30.8,104,0,0,0,0,0,0,0,9.2
75123,31,male,Snow,3,tertiary,1,0,0.0,0,0,0,0,0,25.5,108,0,0,0,0,0,0,1,9.6
17143,52,male,Snow,2,tertiary,0,1,6.6,0,0,0,0,1,24.4,99,0,0,1,0,0,0,1,5.8
28503,59,female,Doll,3,tertiary,1,0,0.0,0,0,0,0,0,29.5,127,0,0,0,0,0,0,0,9.9
72669,54,male,Nightingale,2,secondary,1,1,8.5,0,1,1,1,0,30.5,139,0,1,1,0,0,0,1,8.0
78408,56,female,Nightingale,2,secondary,1,1,6.9,1,0,0,0,1,30.1,124,0,0,1,1,1,0,1,4.5
96995,75,female,Snow,1,secondary,0,0,0.0,0,1,0,0,1,31.7,143,0,0,0,0,0,0,0,5.9
26176,42,female,Nightingale,3,secondary,1,0,0.0,0,0,1,0,0,32.5,114,0,0,0,0,0,0,0,5.5
22263,30,female,Snow,4,tertiary,1,0,0.0,0,0,0,1,1,20.7,90,0,0,1,0,0,0,1,6.7
84914,61,male,Nightingale,4,secondary,1,0,0.0,0,0,0,0,0,30.4,135,0,0,0,0,0,0,0,4.9
34421,58,female,Rose,2,secondary,1,1,10.9,0,0,1,1,0,27.2,132,0,1,0,0,0,0,1,9.4
32465,38,female,Rose,5,tertiary,1,0,0.0,1,0,0,0,1,30.2,117,0,0,1,0,0,0,1,7.1
65781,66,female,Doll,5,tertiary,1,0,0.0,0,0,1,0,0,27.8,140,1,0,0,0,1,1,0,4.6
54899,19,male,Doll,2,tertiary,0,1,0.4,1,0,1,0,0,29.7,112,0,0,1,0,0,1,0,5.6
60693,65,female,Rose,3,tertiary,1,1,9.7,1,0,0,0,0,28.8,118,0,0,0,1,0,0,0,5.3
36581,48,female,Hill,5,tertiary,1,0,0.0,1,0,1,0,1,29.6,117,0,0,0,0,0,1,0,4.7
67022,19,male,Rose,4,tertiary,1,0,0.0,0,0,0,1,0,25.0,92,0,0,0,0,0,0,0,9.6
81394,49,male,Nightingale,1,primary,0,0,0.0,1,0,0,0,0,28.0,123,0,0,0,0,0,0,0,5.0
78962,52,male,Nightingale,2,secondary,1,0,0.0,1,1,0,0,0,27.6,122,0,1,0,0,0,0,1,6.1
52258,75,female,Snow,4,secondary,0,0,0.0,0,0,1,0,0,30.3,122,0,0,0,0,0,0,0,8.5
31559,42,female,Hill,3,tertiary,0,1,5.0,1,0,0,0,0,28.9,120,0,0,0,0,0,0,0,5.0
87642,21,male,Doll,3,primary,1,1,0.8,0,0,0,1,1,23.6,115,0,0,1,0,0,0,1,5.4
75981,47,female,Snow,2,secondary,1,0,0.0,0,0,1,0,1,26.6,118,0,0,0,0,0,0,0,6.0
52216,54,male,Snow,3,secondary,1,1,8.0,0,0,0,0,0,27.8,124,0,0,0,0,1,0,0,5.3
55887,43,female,Rose,2,primary,1,1,6.9,1,1,1,0,0,32.0,119,1,0,1,0,0,0,0,9.6
40285,62,male,Doll,2,primary,1,0,0.0,1,1,1,0,0,27.1,128,0,0,0,0,0,0,0,5.0
93819,69,male,Hill,1,primary,0,1,9.2,1,0,1,1,0,25.6,133,0,0,0,1,1,1,1,7.2
10738,51,female,Snow,1,secondary,0,0,0.0,1,0,1,0,0,23.8,97,0,0,0,0,0,0,0,9.9
60592,71,male,Nightingale,1,secondary,0,0,0.0,1,1,1,0,0,29.1,110,0,0,0,0,1,0,0,8.4
86185,35,female,Snow,3,secondary,0,0,0.0,1,0,0,0,0,32.8,108,0,0,0,0,0,0,0,4.8
51388,74,male,Doll,3,secondary,0,1,20.6,0,1,0,0,0,30.6,135,0,0,0,0,1,0,1,4.7
43878,43,female,Snow,1,secondary,0,1,12.7,1,1,0,0,0,30.0,118,0,0,0,0,0,0,0,4.5
75818,20,male,Doll,4,secondary,1,0,0.0,1,1,1,0,0,24.0,97,0,0,0,0,0,0,0,9.9
83800,32,male,Hill,4,secondary,1,1,5.7,1,0,0,0,0,24.7,102,0,0,0,0,0,1,0,7.8
97414,46,male,Snow,3,secondary,0,0,0.0,1,0,1,0,1,27.5,110,0,0,0,0,0,0,0,6.4
71570,75,female,Rose,3,primary,0,0,0.0,1,0,0,0,1,28.0,124,0,0,0,0,0,0,0,7.3
40598,72,male,Nightingale,5,tertiary,0,0,0.0,0,0,1,0,1,28.3,123,0,0,0,0,0,0,0,9.7
58018,75,female,Hill,3,tertiary,1,1,13.7,1,1,1,0,0,34.1,130,0,0,0,1,0,0,1,7.8
74146,51,female,Hill,2,tertiary,0,0,0.0,1,1,0,0,0,28.6,128,0,0,1,0,0,1,0,9.0
12242,23,female,Hill,5,secondary,1,0,0.0,0,0,0,1,0,25.4,100,0,0,0,0,0,0,0,7.4
89236,64,female,Snow,4,secondary,1,0,0.0,1,1,0,0,0,32.4,127,0,0,0,0,0,0,0,9.6
40353,43,female,Hill,2,secondary,1,1,5.6,0,1,0,0,0,24.1,105,0,0,0,0,0,0,0,9.1
93467,56,male,Nightingale,4,secondary,1,0,0.0,0,0,1,0,0,25.3,116,0,0,0,0,1,1,0,6.1
23424,41,female,Doll,4,secondary,1,0,0.0,1,1,0,0,1,24.9,121,0,0,0,0,0,0,0,7.8
80643,30,male,Nightingale,2,primary,0,0,0.0,0,1,0,1,0,27.0,114,1,0,0,0,0,0,0,5.1
61432,25,male,Nightingale,3,secondary,1,0,0.0,0,0,1,1,0,27.6,93,0,0,0,0,0,1,1,4.4
78853,63,male,Rose,3,secondary,0,1,18.2,1,0,0,0,0,26.8,131,0,0,0,0,0,0,0,6.4
55057,78,female,Nightingale,1,secondary,0,0,0.0,0,1,0,0,1,31.0,119,1,0,0,0,0,0,0,7.7
61747,55,male,Hill,4,tertiary,1,1,6.5,1,0,0,0,0,30.5,134,0,0,0,0,0,0,1,9.2
71985,40,male,Hill,4,primary,0,0,0.0,1,1,0,0,0,19.6,109,0,0,0,0,0,0,0,6.8
38715,20,male,Snow,3,secondary,0,0,0.0,1,1,0,0,0,28.1,92,0,0,0,0,0,0,0,8.6
94360,24,male,Snow,3,tertiary,1,1,1.4,1,1,0,1,0,32.2,120,0,0,0,0,0,0,0,7.9
94353,77,male,Snow,2,primary,1,0,0.0,0,0,1,0,0,29.4,124,0,0,0,0,0,0,0,8.1
16588,76,female,Nightingale,1,secondary,0,0,0.0,1,1,0,0,0,27.3,133,0,0,0,0,0,0,0,9.8
12580,31,female,Snow,4,secondary,1,0,0.0,0,1,1,0,0,30.0,105,0,0,0,0,0,0,0,9.9
78125,53,male,Rose,3,secondary,0,0,0.0,0,1,0,0,1,30.8,119,0,0,0,0,0,0,0,6.9
45846,44,female,Snow,3,secondary,1,0,0.0,0,0,0,0,0,27.1,128,0,0,0,0,0,0,1,4.8
80750,40,male,Snow,1,primary,0,0,0.0,0,0,1,1,0,27.2,109,0,0,0,0,0,0,0,8.6
13053,32,male,Snow,1,primary,0,0,0.0,0,1,1,1,0,27.2,102,0,1,0,0,0,0,0,8.2
59743,44,male,Doll,5,primary,1,0,0.0,1,0,1,0,0,28.3,101,0,0,0,0,0,1,0,5.5
51949,55,male,Nightingale,4,tertiary,0,0,0.0,0,1,0,0,0,24.2,112,0,0,0,0,0,0,0,4.6
73833,78,male,Hill,5,tertiary,0,0,0.0,1,0,1,0,0,26.9,118,1,0,0,0,0,0,0,6.6
59730,21,female,Rose,5,secondary,1,0,0.0,1,0,0,1,0,22.6,111,0,0,0,0,0,0,0,8.3
85311,58,female,Nightingale,2,tertiary,0,1,13.3,0,1,1,0,1,31.2,127,0,0,1,0,0,0,1,6.5
95167,75,female,Snow,1,secondary,0,0,0.0,1,0,1,0,0,30.3,120,0,0,0,0,0,0,0,4.5
91835,24,female,Rose,2,tertiary,1,0,0.0,0,1,1,0,1,29.7,110,0,0,0,0,0,0,1,5.8
94188,35,female,Doll,4,tertiary,0,0,0.0,1,0,0,1,0,24.4,122,0,0,0,0,0,0,0,9.0
85295,66,female,Doll,5,secondary,1,1,13.5,0,0,0,0,0,36.0,116,0,0,0,0,0,0,1,9.3
60939,57,male,Hill,3,secondary,1,0,0.0,1,0,0,0,0,21.7,121,0,0,0,0,0,0,0,9.5
32783,26,male,Nightingale,4,primary,1,0,0.0,0,0,1,0,0,25.8,91,0,0,0,0,0,0,0,9.6
45255,37,female,Hill,3,secondary,0,0,0.0,1,1,0,0,0,31.6,121,0,0,1,0,0,0,0,6.7
31914,31,male,Hill,3,tertiary,1,0,0.0,1,0,0,1,0,16.8,114,0,0,0,0,0,0,1,6.5
78384,51,male,Nightingale,5,tertiary,1,0,0.0,1,0,0,1,0,25.8,109,0,0,0,0,0,1,0,9.4
21896,45,male,Rose,2,tertiary,1,0,0.0,0,1,0,1,0,23.6,106,0,0,0,0,0,1,0,6.8
13020,59,male,Snow,1,secondary,0,0,0.0,0,0,1,0,0,33.1,119,0,0,0,0,0,0,0,7.1
86586,42,female,Snow,4,tertiary,0,0,0.0,0,1,0,0,0,26.5,111,1,1,0,0,0,0,0,8.9
96358,47,male,Nightingale,3,secondary,1,0,0.0,0,0,1,0,0,25.8,117,0,0,0,0,0,0,0,9.5
77228,32,male,Snow,4,tertiary,1,0,0.0,1,0,0,1,0,24.3,120,1,0,0,0,0,0,1,5.7
71443,35,male,Hill,5,tertiary,1,0,0.0,0,0,1,0,1,31.6,116,0,0,0,0,0,0,0,8.6
89694,75,female,Hill,4,secondary,1,0,0.0,1,0,1,0,0,35.9,128,0,0,0,0,0,0,0,4.8
53259,37,female,Rose,2,tertiary,1,0,0.0,0,0,0,0,0,20.7,99,0,0,0,0,0,1,1,6.4
56598,49,male,Rose,3,primary,1,0,0.0,1,0,0,1,1,29.1,115,0,0,0,0,1,1,1,5.7
82708,33,female,Snow,4,tertiary,0,0,0.0,1,0,0,0,1,31.0,119,1,0,1,0,0,0,1,4.3
70478,44,female,Snow,2,secondary,0,0,0.0,1,0,1,0,0,33.0,106,0,0,0,0,0,0,0,8.0
11287,67,male,Snow,1,tertiary,1,0,0.0,0,0,0,0,1,26.4,119,0,0,0,0,0,0,0,5.0
27208,61,male,Hill,3,secondary,1,0,0.0,1,1,0,0,1,29.7,125,0,0,0,0,0,0,0,8.1
18070,27,female,Doll,4,tertiary,1,0,0.0,0,0,1,0,0,28.4,112,0,0,0,0,0,0,0,4.2
20646,56,female,Doll,4,primary,0,0,0.0,0,0,0,0,1,25.8,125,0,0,1,0,0,0,1,9.8
32199,23,female,Rose,5,tertiary,1,0,0.0,1,0,0,1,1,27.7,108,0,0,0,0,0,1,0,9.7
14997,23,female,Nightingale,2,secondary,1,0,0.0,0,1,1,1,0,33.3,117,0,1,0,0,0,0,1,6.5
32678,38,male,Nightingale,3,secondary,0,1,6.9,0,0,0,1,0,21.6,133,0,0,0,0,0,0,0,9.5
60891,79,male,Rose,3,secondary,1,0,0.0,0,0,1,0,0,30.9,132,0,0,0,0,1,1,1,9.4
78084,25,female,Nightingale,3,secondary,0,1,1.4,0,0,0,0,1,24.9,104,0,0,0,0,0,1,0,4.9
86978,50,male,Nightingale,1,secondary,0,0,0.0,0,0,1,0,0,27.7,110,0,0,1,0,0,0,1,8.5
59517,60,male,Rose,4,secondary,1,0,0.0,0,0,1,0,0,24.2,114,0,0,0,0,0,0,0,5.9
87034,37,female,Doll,3,secondary,1,0,0.0,0,0,0,0,0,24.4,108,0,0,0,0,0,0,1,5.0
86216,77,female,Nightingale,1,primary,0,0,0.0,0,1,1,1,0,34.0,139,0,0,0,0,0,0,0,4.3
33697,29,male,Doll,5,secondary,0,0,0.0,0,0,0,1,0,23.3,101,0,0,0,0,0,0,0,5.8
45224,68,female,Doll,5,tertiary,1,0,0.0,0,0,0,0,1,31.2,110,0,0,1,0,0,0,1,9.1
54562,65,male,Nightingale,5,tertiary,1,1,18.2,1,1,0,0,0,29.8,134,0,0,0,1,0,0,1,9.4
31109,76,female,Nightingale,5,tertiary,0,0,0.0,0,0,0,0,0,24.1,131,0,0,0,1,1,0,1,6.6
49257,19,female,Hill,4,secondary,1,0,0.0,1,0,0,0,0,26.3,91,0,0,0,0,0,0,0,8.2
99649,54,female,Doll,3,secondary,0,0,0.0,1,0,0,1,0,24.8,121,1,0,0,0,0,0,0,7.2
90518,31,male,Hill,4,tertiary,1,0,0.0,0,1,1,1,1,30.0,103,0,0,0,0,0,0,0,6.9
47154,56,male,Rose,4,tertiary,1,0,0.0,1,0,0,0,0,24.7,110,0,0,0,0,0,0,1,7.1
20923,53,female,Snow,1,primary,0,1,16.4,0,1,1,0,1,36.2,124,0,0,0,0,1,1,1,9.1
49768,49,female,Rose,3,secondary,0,0,0.0,0,1,0,1,1,30.8,117,0,0,0,0,0,0,0,9.1
14912,55,male,Doll,2,primary,0,0,0.0,0,0,0,0,1,26.6,126,1,0,1,0,0,0,0,9.1
63680,72,male,Snow,2,secondary,1,0,0.0,1,0,0,0,0,27.3,120,0,0,0,0,0,0,0,5.0
89336,55,male,Hill,4,secondary,1,0,0.0,0,1,0,0,0,27.6,125,0,0,0,0,0,0,1,7.6
75269,19,female,Snow,3,secondary,1,1,0.4,0,0,1,0,1,31.8,106,0,0,0,0,0,1,0,9.0
67799,28,male,Doll,5,tertiary,1,0,0.0,0,1,1,1,0,28.2,114,0,0,0,0,0,0,0,8.3
92800,19,female,Snow,4,secondary,1,0,0.0,0,0,0,0,0,22.7,97,0,0,0,0,0,0,0,8.3
72758,52,female,Rose,3,secondary,1,1,16.7,1,1,0,0,0,25.2,137,0,0,0,1,0,0,1,9.9
28949,76,female,Snow,1,primary,0,1,24.2,1,1,0,0,0,27.8,151,0,1,0,0,0,0,0,4.8
48288,67,female,Hill,4,primary,1,0,0.0,0,1,0,0,0,26.5,133,0,0,0,0,0,0,1,9.8
80652,45,male,Snow,2,secondary,0,1,4.8,1,1,1,1,0,29.4,132,0,0,0,0,0,0,0,8.4
39780,42,male,Snow,1,primary,0,0,0.0,1,0,0,0,0,27.0,127,0,0,1,0,0,0,0,7.5
42322,70,female,Snow,4,tertiary,1,0,0.0,1,0,1,0,0,31.8,121,0,1,0,1,0,0,1,6.0
41615,40,male,Snow,3,secondary,1,0,0.0,1,0,0,0,0,23.7,94,1,0,0,0,0,0,1,6.9
28239,45,male,Rose,5,tertiary,1,0,0.0,0,0,0,1,0,25.1,124,0,0,1,0,0,1,1,9.6
69775,66,female,Snow,3,secondary,1,0,0.0,0,0,1,0,0,29.3,112,1,0,0,0,0,1,1,5.7
25543,64,male,Snow,1,secondary,0,0,0.0,1,0,1,1,0,26.6,127,0,0,0,0,0,1,0,6.5
91754,23,female,Nightingale,5,tertiary,1,1,2.3,1,0,1,0,0,23.6,98,0,0,0,0,0,0,1,5.1
10103,79,male,Doll,5,tertiary,1,0,0.0,1,0,0,0,0,24.1,138,0,0,0,0,1,1,1,8.6
73397,54,female,Nightingale,3,secondary,1,1,17.9,0,0,1,1,0,26.9,114,0,0,0,0,0,0,0,5.9
51338,44,male,Nightingale,3,secondary,0,0,0.0,1,1,1,0,0,31.9,117,0,0,0,1,0,0,0,7.7
50155,78,female,Nightingale,2,tertiary,0,1,18.1,0,1,0,0,1,27.9,137,0,0,0,0,0,0,1,8.8
94783,67,male,Hill,4,secondary,1,0,0.0,1,1,1,0,0,26.7,110,0,0,0,0,0,0,0,6.9
17886,61,female,Nightingale,5,tertiary,0,0,0.0,1,0,0,0,0,20.4,99,0,0,0,1,0,0,1,6.0
15308,42,male,Nightingale,4,tertiary,1,0,0.0,0,0,1,0,0,27.2,108,1,0,0,0,0,0,1,7.7
98694,49,female,Doll,5,tertiary,0,1,13.0,1,0,0,0,0,27.5,115,0,0,0,0,0,0,0,9.1
66948,77,female,Rose,3,secondary,0,0,0.0,1,0,0,0,0,27.2,131,1,0,0,1,0,0,1,7.0
88313,34,male,Nightingale,1,secondary,0,0,0.0,0,0,1,0,0,29.0,125,0,0,0,0,0,0,0,5.5
10925,54,female,Doll,5,tertiary,1,0,0.0,0,0,1,0,0,21.4,125,0,0,0,1,0,0,1,7.3
63233,75,male,Snow,1,primary,0,0,0.0,1,0,0,0,1,28.9,129,0,0,0,0,0,0,1,4.6
14782,77,male,Hill,2,secondary,1,1,10.4,1,0,0,0,0,29.4,141,0,0,0,0,0,0,1,6.3
67433,28,male,Snow,4,tertiary,1,0,0.0,0,0,0,1,1,22.5,107,0,0,0,0,0,1,1,8.9
67999,21,male,Rose,4,primary,1,1,1.4,0,0,0,1,0,23.9,107,0,0,1,0,0,0,1,6.8
61545,29,female,Rose,5,secondary,0,0,0.0,0,0,0,0,1,24.1,100,0,0,1,0,0,0,1,9.4
81005,44,female,Nightingale,3,tertiary,1,0,0.0,0,0,0,0,1,31.1,107,0,0,0,0,0,0,0,5.6
87720,42,female,Doll,5,tertiary,1,0,0.0,1,1,0,0,0,29.0,116,1,0,0,0,1,0,1,7.0
16532,53,male,Hill,3,secondary,0,0,0.0,0,0,0,0,0,29.7,124,0,0,0,0,0,0,0,4.6
11527,54,male,Doll,2,secondary,1,0,0.0,1,1,0,0,1,22.7,112,0,0,0,0,0,0,1,5.7
48954,35,male,Doll,4,secondary,1,1,6.2,0,0,0,0,0,23.6,114,0,0,0,0,0,0,0,7.0
66568,54,female,Nightingale,2,secondary,0,0,0.0,1,0,0,0,0,29.1,132,1,0,0,0,1,0,0,7.8
53063,24,male,Rose,5,tertiary,1,0,0.0,0,1,0,1,0,22.9,105,1,0,0,0,0,0,0,4.5
83064,25,male,Doll,3,secondary,0,1,2.7,0,1,0,1,0,26.7,118,0,1,1,0,0,0,1,8.6
68959,70,female,Nightingale,2,tertiary,1,1,14.4,0,1,1,0,0,30.5,150,1,0,0,0,0,0,0,9.3
32814,65,female,Rose,2,secondary,0,1,12.4,1,1,0,0,0,26.3,129,0,0,0,1,0,0,1,8.7
36198,79,male,Nightingale,2,primary,0,1,22.8,1,0,0,0,1,31.6,147,0,0,0,0,0,0,0,7.6
74710,61,male,Nightingale,3,secondary,0,0,0.0,1,0,1,0,0,31.3,119,0,0,0,0,0,0,0,8.3
24011,55,male,Nightingale,5,tertiary,1,0,0.0,0,0,0,0,0,25.2,132,0,0,0,0,0,0,0,4.8
71504,29,female,Doll,4,tertiary,1,0,0.0,0,1,1,0,1,28.4,113,0,0,1,0,0,0,1,5.5
37842,25,male,Rose,3,secondary,1,0,0.0,0,0,1,1,0,31.7,125,1,0,0,0,0,0,0,4.2
85517,72,male,Rose,5,secondary,1,0,0.0,0,0,1,0,1,28.9,136,0,0,0,0,1,0,1,9.9
18774,63,male,Hill,3,secondary,1,1,17.2,0,0,1,0,0,28.8,123,0,0,0,0,0,0,1,4.9
32334,69,female,Doll,4,tertiary,0,0,0.0,0,0,1,0,0,32.2,140,0,0,1,0,1,0,1,5.5
62285,74,male,Hill,4,primary,1,1,21.3,0,0,0,0,0,27.2,129,0,1,0,1,0,0,1,9.6
91278,71,female,Nightingale,1,secondary,0,0,0.0,1,1,1,0,1,32.0,139,0,1,0,0,1,0,0,4.1
50582,56,male,Snow,2,secondary,0,1,11.8,1,1,1,0,0,32.7,122,1,0,0,0,0,0,0,6.2
48035,62,male,Snow,2,primary,0,1,20.4,1,1,1,0,0,33.1,138,0,1,0,1,0,0,1,7.3
12205,55,male,Rose,5,secondary,1,0,0.0,0,0,0,0,1,29.9,134,0,0,0,0,0,1,1,4.5
72990,27,female,Snow,3,primary,1,1,4.0,0,1,1,1,0,30.8,109,1,0,0,0,0,0,0,6.6
64264,41,male,Hill,4,tertiary,1,0,0.0,1,0,0,0,0,27.8,120,0,0,0,0,0,0,0,6.6
33485,43,male,Nightingale,4,tertiary,0,0,0.0,0,0,0,0,0,23.0,96,0,0,0,0,0,0,0,4.2
58675,37,male,Nightingale,2,secondary,0,0,0.0,0,0,0,1,0,22.6,119,0,0,0,0,0,0,0,7.5
51853,25,female,Doll,2,secondary,0,1,2.4,1,0,0,1,0,26.2,113,0,0,0,0,0,1,0,8.2
58359,75,female,Snow,4,tertiary,1,0,0.0,0,0,0,0,0,28.7,129,0,0,0,0,0,0,0,8.4
97488,56,male,Nightingale,5,tertiary,1,0,0.0,1,0,1,0,0,30.5,140,0,0,0,0,0,1,1,5.7
47208,21,female,Doll,5,tertiary,1,0,0.0,1,1,0,1,0,26.2,104,0,0,0,0,0,0,1,6.8
91652,18,male,Rose,3,tertiary,1,1,0.0,0,0,0,0,0,26.2,102,0,0,0,0,0,0,0,4.9
34029,66,male,Snow,4,secondary,1,1,25.0,1,0,1,0,0,28.3,136,0,0,0,0,0,0,0,9.8
23293,65,male,Doll,3,secondary,1,1,14.3,1,1,1,0,0,37.8,120,0,0,0,0,1,0,1,8.8
46907,33,male,Doll,3,primary,1,0,0.0,1,1,1,1,0,31.6,112,0,0,0,0,0,0,0,5.6
27918,57,female,Doll,4,secondary,1,1,17.8,1,0,0,0,0,21.0,122,0,0,0,0,0,0,0,4.1
34187,71,female,Nightingale,1,secondary,0,0,0.0,0,1,0,0,0,31.0,107,0,1,0,0,0,0,0,8.7
99297,34,male,Nightingale,3,tertiary,1,0,0.0,0,1,0,1,1,31.2,107,0,0,0,0,0,0,1,9.8
41499,22,female,Nightingale,3,primary,1,1,2.1,1,0,0,0,1,26.3,98,1,0,1,0,0,0,1,9.9
55760,71,female,Snow,3,secondary,1,0,0.0,0,0,0,0,0,28.5,125,0,0,0,0,0,0,0,9.8
60789,42,male,Hill,1,secondary,0,0,0.0,1,0,0,1,0,29.4,105,0,0,1,0,0,0,0,8.7
79287,37,male,Nightingale,3,tertiary,1,0,0.0,1,0,1,0,0,35.3,119,1,0,1,0,0,0,0,9.0
14447,28,male,Snow,4,tertiary,1,0,0.0,1,0,1,1,0,21.9,107,0,0,0,0,0,0,0,5.6
70153,26,male,Doll,2,primary,0,0,0.0,0,1,0,0,1,30.8,106,0,0,1,0,0,0,0,5.9
40240,43,female,Doll,2,primary,1,1,9.2,0,0,0,0,0,25.1,102,0,0,0,0,0,0,0,6.4
71878,20,female,Doll,5,tertiary,1,0,0.0,0,0,0,0,0,26.6,98,0,0,0,0,0,0,0,5.2
14861,28,male,Doll,3,tertiary,1,0,0.0,1,0,1,0,0,24.5,90,0,0,0,0,0,0,0,6.0
25071,45,male,Rose,2,primary,1,0,0.0,0,0,1,0,0,19.0,106,0,0,0,0,0,0,0,8.1
36247,32,male,Doll,2,tertiary,1,0,0.0,0,0,1,1,0,29.0,110,0,0,1,0,0,0,1,4.2
14822,31,male,Rose,5,secondary,0,0,0.0,0,0,0,1,0,25.5,112,0,0,1,0,0,0,1,5.0
37211,65,female,Doll,3,tertiary,0,0,0.0,1,0,0,0,1,29.3,128,1,0,0,0,0,0,0,4.8
75897,59,male,Hill,3,secondary,0,1,13.4,1,0,0,0,0,26.1,126,1,1,0,1,0,1,1,5.2
77513,72,female,Hill,4,secondary,0,0,0.0,0,0,1,0,0,27.1,100,0,0,0,0,0,0,0,9.8
73609,51,male,Hill,4,secondary,1,0,0.0,1,1,0,0,0,31.0,128,1,0,0,0,0,0,0,7.8
84399,52,male,Rose,4,tertiary,0,0,0.0,0,1,1,0,0,25.1,121,0,0,0,0,0,0,0,4.6
38760,70,female,Nightingale,1,tertiary,0,0,0.0,0,0,0,1,0,30.8,138,0,0,0,0,0,0,0,6.0
38388,27,male,Rose,3,secondary,0,0,0.0,0,0,0,1,0,22.7,109,0,0,0,0,0,1,0,8.5
95268,18,male,Snow,4,tertiary,1,0,0.0,0,1,1,1,0,27.3,105,0,0,0,0,0,0,1,6.7
31821,60,male,Rose,2,tertiary,0,0,0.0,1,0,0,0,0,27.0,119,0,0,0,0,0,0,0,9.9
98881,40,female,Hill,4,tertiary,0,1,5.1,1,1,0,0,0,25.9,106,1,0,0,0,0,0,0,4.6
22893,32,male,Hill,3,secondary,1,0,0.0,1,0,1,0,0,22.8,103,0,0,0,0,0,1,0,6.0
20187,32,male,Hill,1,primary,1,0,0.0,0,0,1,1,0,24.3,110,0,0,1,0,0,0,1,9.7
16605,63,female,Rose,5,tertiary,1,0,0.0,0,0,0,0,0,28.9,135,1,0,0,0,0,0,0,4.2
73221,68,male,Hill,3,tertiary,1,0,0.0,1,0,1,1,1,30.7,138,0,0,0,0,0,0,0,7.9
36516,56,male,Snow,4,tertiary,1,0,0.0,0,0,0,0,1,23.4,130,0,0,0,0,0,0,0,4.1
21134,71,female,Nightingale,5,secondary,0,0,0.0,0,0,1,0,0,31.9,132,0,0,0,0,0,1,0,6.3
59254,61,female,Rose,3,primary,0,1,12.4,1,1,1,0,0,26.7,106,1,0,0,0,0,0,0,7.8
37074,33,male,Nightingale,3,primary,1,0,0.0,0,1,0,1,0,26.7,106,0,0,0,0,0,0,0,6.9
16347,54,male,Snow,4,secondary,1,0,0.0,0,0,0,0,0,28.1,128,1,1,0,0,0,0,1,10.0
43646,47,female,Hill,3,secondary,1,0,0.0,0,1,0,1,0,38.1,141,0,0,0,0,0,0,0,4.7
37142,36,male,Doll,4,tertiary,1,0,0.0,0,0,1,1,0,31.6,123,0,0,0,0,0,0,1,6.7
13512,48,female,Rose,2,primary,0,0,0.0,0,0,0,0,0,25.6,113,0,0,0,0,0,0,0,8.1
54763,72,female,Rose,3,secondary,1,0,0.0,0,1,0,0,1,33.7,145,0,0,0,0,0,0,1,6.7
21846,25,male,Nightingale,4,secondary,1,0,0.0,0,0,0,1,1,27.5,97,1,0,0,0,0,0,1,5.0
45785,44,male,Rose,2,secondary,0,1,8.2,0,1,0,0,0,32.6,119,0,0,0,0,0,0,0,4.6
52197,76,female,Doll,4,secondary,0,0,0.0,0,0,0,0,1,27.8,130,1,0,0,0,0,0,1,9.8
78974,76,female,Nightingale,4,secondary,1,0,0.0,1,0,0,0,0,24.0,126,0,0,0,0,0,0,0,6.4
50122,32,female,Rose,4,tertiary,1,0,0.0,1,0,1,0,0,26.8,112,0,0,0,0,0,0,0,4.4
70116,52,female,Doll,4,tertiary,1,1,15.0,1,0,0,1,0,25.6,123,0,0,0,0,0,0,0,5.6
96291,19,male,Nightingale,2,secondary,0,0,0.0,1,0,0,1,1,25.7,117,0,0,0,0,0,0,0,5.0
85926,60,female,Rose,3,secondary,0,0,0.0,1,1,0,1,0,28.9,114,0,0,0,0,0,0,0,4.1
30170,40,female,Snow,4,secondary,1,0,0.0,0,1,0,0,0,35.8,131,0,0,0,0,0,0,0,5.7
22760,35,male,Rose,3,secondary,0,1,4.4,1,0,1,0,0,28.0,117,0,0,0,0,0,0,0,5.6
34794,52,female,Snow,1,secondary,0,1,13.7,1,1,1,0,0,29.5,122,0,0,0,1,0,0,0,6.0
80090,76,male,Snow,4,tertiary,1,0,0.0,1,0,0,0,1,28.8,114,0,1,0,0,1,0,1,5.9
83552,78,female,Hill,4,secondary,1,0,0.0,0,1,0,0,0,31.0,141,1,0,0,0,0,0,0,8.6
11301,65,female,Hill,4,secondary,1,0,0.0,1,0,1,0,0,26.1,111,0,0,0,0,0,0,0,7.6
58226,35,male,Rose,5,secondary,1,0,0.0,1,1,0,0,0,24.0,107,0,0,0,0,0,0,1,7.1
51491,76,male,Doll,3,secondary,1,0,0.0,0,1,0,0,0,37.3,138,0,0,0,0,0,0,0,9.9
26883,30,male,Hill,1,secondary,1,0,0.0,1,1,1,1,1,32.2,105,0,0,1,0,0,0,1,9.4
92876,51,female,Hill,1,primary,1,1,11.7,1,0,0,0,0,24.9,131,1,0,1,0,0,0,0,7.4
27313,59,male,Rose,3,primary,1,0,0.0,0,1,1,0,0,36.1,121,0,0,0,0,1,0,0,9.1
92677,20,female,Snow,1,secondary,0,0,0.0,1,0,0,0,0,30.6,121,0,0,0,0,0,0,0,8.0
63366,59,female,Rose,5,tertiary,1,0,0.0,1,0,0,1,0,31.2,106,0,0,0,0,0,0,0,9.8
29646,59,male,Snow,2,secondary,0,1,10.2,1,1,1,0,0,33.5,122,1,0,0,1,0,0,0,9.5
57498,44,male,Nightingale,2,secondary,0,1,10.7,0,0,1,0,0,27.3,116,0,0,0,0,0,0,0,8.9
87717,19,female,Rose,4,tertiary,1,0,0.0,1,1,0,0,0,25.9,103,0,0,1,0,0,0,0,4.6
78559,52,female,Snow,4,tertiary,1,0,0.0,0,0,0,0,0,27.4,117,0,0,0,0,0,0,1,6.9
98982,61,male,Nightingale,4,secondary,0,0,0.0,1,0,1,0,1,24.7,118,0,0,0,0,0,0,1,7.2
17478,23,female,Doll,4,primary,1,0,0.0,0,1,1,1,0,29.1,117,0,0,0,0,0,1,1,4.1
11223,29,male,Nightingale,4,tertiary,1,0,0.0,0,1,0,0,1,24.0,116,0,0,0,0,0,1,0,5.8
36283,40,male,Rose,4,secondary,1,0,0.0,0,0,0,0,0,24.1,119,0,0,0,0,0,0,0,6.1
87310,27,male,Rose,3,secondary,0,0,0.0,1,1,0,0,0,26.7,133,0,0,0,0,0,0,0,9.1
30529,50,male,Hill,5,tertiary,1,1,11.5,0,0,1,0,0,27.7,113,0,0,0,0,0,0,0,7.9
73056,70,male,Hill,2,secondary,0,0,0.0,0,1,0,0,0,34.8,120,0,0,0,0,0,0,0,8.4
32551,20,male,Snow,2,tertiary,1,0,0.0,0,0,1,0,0,25.7,96,0,0,0,0,0,0,1,5.9
96346,30,male,Nightingale,3,secondary,1,0,0.0,0,0,0,0,0,26.8,104,0,0,0,0,0,0,1,8.2
53124,48,male,Snow,2,secondary,1,0,0.0,1,0,1,0,0,26.2,133,0,0,0,0,0,1,0,5.6
82692,78,female,Snow,2,primary,0,0,0.0,1,1,1,0,1,27.5,124,0,1,1,0,0,0,1,5.3
40991,53,female,Hill,3,secondary,1,0,0.0,0,0,1,1,0,28.2,125,0,1,0,0,0,0,1,7.4
98096,36,female,Rose,3,secondary,1,1,6.8,0,1,1,0,0,36.1,116,0,0,0,0,0,0,0,4.1
97186,65,male,Nightingale,3,secondary,0,1,21.3,0,0,1,0,0,28.0,128,0,1,0,1,0,1,0,4.8
46079,48,female,Nightingale,3,secondary,0,0,0.0,1,0,0,0,0,22.9,114,0,0,1,0,0,0,1,4.1
22217,32,male,Snow,3,primary,0,0,0.0,1,0,1,0,0,34.8,114,0,0,0,0,0,0,0,8.7
22191,33,male,Snow,1,primary,0,1,5.2,1,0,0,1,0,28.5,99,0,1,0,0,0,0,1,10.0
89406,52,male,Snow,2,secondary,1,1,6.0,1,1,1,0,1,30.5,101,0,0,1,0,1,0,1,4.8
47278,55,female,Hill,2,secondary,0,0,0.0,1,1,0,0,0,33.6,112,0,0,0,0,1,0,0,4.7
38323,66,female,Snow,2,secondary,0,0,0.0,1,0,1,0,0,36.9,136,1,0,0,0,0,0,1,5.6
87321,33,male,Snow,3,secondary,0,0,0.0,0,0,0,1,0,21.6,107,0,0,0,0,0,0,0,8.8
68823,77,male,Rose,4,secondary,1,0,0.0,1,0,0,0,0,33.9,129,0,0,0,0,0,1,0,9.1
40402,74,male,Doll,5,secondary,1,0,0.0,0,0,1,0,0,37.6,114,0,0,0,0,0,0,1,7.7
78156,57,female,Nightingale,2,primary,1,1,18.4,0,1,0,0,1,29.7,120,0,0,0,0,1,0,0,9.7
22838,27,female,Rose,3,secondary,0,0,0.0,0,1,0,0,0,35.4,98,0,0,0,0,0,0,0,7.8
40696,56,male,Rose,2,secondary,0,0,0.0,0,1,1,0,0,31.9,121,1,0,0,0,0,1,0,4.5
19749,61,female,Hill,4,secondary,1,1,19.9,1,0,0,0,0,23.0,127,0,0,0,0,0,0,0,6.8
15963,45,female,Doll,5,tertiary,1,0,0.0,0,0,0,1,0,27.3,133,1,0,0,0,0,0,0,5.8
70795,77,female,Rose,4,secondary,1,0,0.0,1,0,1,0,1,30.5,117,1,1,0,0,0,0,1,5.7
93246,70,female,Doll,3,primary,0,0,0.0,1,0,0,0,0,27.3,130,0,0,0,0,0,0,0,6.6
84940,30,male,Snow,2,secondary,0,0,0.0,0,1,0,1,1,26.3,116,0,0,0,0,0,0,0,6.6
81470,23,female,Nightingale,4,secondary,1,0,0.0,0,1,0,0,0,25.0,111,0,0,0,0,0,0,0,8.6
19331,77,female,Doll,5,secondary,1,0,0.0,0,0,1,0,0,30.0,135,0,0,0,0,0,0,0,8.2
38545,62,male,Rose,5,secondary,1,0,0.0,1,0,0,0,0,31.6,132,0,0,0,0,0,0,1,7.2
51454,50,male,Snow,3,tertiary,0,0,0.0,0,0,0,1,0,26.8,125,0,0,0,0,0,0,0,8.0
45940,45,male,Nightingale,4,secondary,1,0,0.0,0,1,0,0,0,30.9,114,0,0,0,0,0,0,1,5.8
18955,29,male,Rose,2,secondary,0,0,0.0,0,1,0,1,1,30.1,104,0,0,1,0,0,0,1,8.6
56528,54,male,Snow,3,secondary,1,0,0.0,0,0,0,1,1,29.9,114,1,0,0,0,0,0,0,8.1
78761,51,male,Doll,2,secondary,1,1,6.3,0,1,1,0,0,25.3,128,0,0,0,0,0,0,0,7.0
88724,47,female,Doll,2,primary,0,1,10.6,0,0,1,1,0,26.5,123,0,0,0,0,0,0,0,7.5
35024,77,female,Doll,3,tertiary,1,0,0.0,0,0,0,0,1,25.6,141,0,0,1,0,0,0,1,7.4
73047,66,female,Nightingale,4,primary,1,0,0.0,1,0,0,0,1,27.8,135,0,0,1,0,0,0,1,6.1
25837,50,male,Snow,1,primary,0,1,8.4,0,0,0,0,0,26.8,120,0,1,0,0,0,0,0,6.0
98755,27,female,Rose,5,tertiary,0,0,0.0,1,1,1,0,0,21.0,90,0,0,0,0,0,1,0,7.7
85610,78,female,Nightingale,2,secondary,0,1,17.2,0,0,1,0,1,29.3,114,0,0,1,0,0,0,1,7.1
85670,78,female,Rose,4,tertiary,1,0,0.0,1,1,0,0,0,32.8,135,0,0,0,0,0,0,1,7.8
57098,57,male,Hill,3,secondary,1,0,0.0,0,0,0,0,0,27.6,134,1,0,0,0,0,0,0,4.9
89685,21,female,Nightingale,4,tertiary,1,0,0.0,1,0,0,0,0,22.1,90,0,0,0,0,0,0,1,8.9
26411,55,male,Nightingale,4,tertiary,1,0,0.0,0,0,1,1,0,31.3,142,1,0,0,0,0,1,1,6.1
23771,27,male,Snow,4,tertiary,1,1,2.9,0,0,0,0,0,23.5,111,0,0,0,0,0,1,1,7.3
98864,22,male,Snow,2,secondary,1,0,0.0,1,1,1,0,0,31.7,113,0,0,0,0,0,0,0,4.7
15082,34,female,Hill,4,primary,1,0,0.0,1,0,1,0,0,25.2,116,0,0,0,0,1,0,0,8.3
15316,57,female,Nightingale,4,secondary,1,0,0.0,0,0,0,0,0,21.1,106,1,0,0,0,0,0,0,7.2
81987,58,male,Rose,3,secondary,0,0,0.0,1,1,0,0,0,25.7,109,0,0,0,0,0,0,1,8.2
49083,44,male,Nightingale,5,secondary,1,0,0.0,1,0,1,0,0,22.6,120,0,0,0,0,0,0,0,8.6
72156,43,female,Snow,3,secondary,0,0,0.0,1,1,0,0,0,34.3,116,0,0,0,0,0,0,0,4.2
91778,18,male,Nightingale,1,secondary,1,0,0.0,1,1,1,0,0,26.7,125,0,0,1,0,0,1,1,8.5
54663,56,female,Nightingale,2,primary,0,1,18.5,0,1,1,0,1,30.5,137,0,0,1,0,0,0,1,4.4
32225,79,male,Snow,4,primary,1,0,0.0,0,0,0,1,0,26.7,139,0,0,0,0,0,0,1,7.5
70175,55,male,Nightingale,4,secondary,1,0,0.0,0,1,0,0,0,21.6,113,0,0,0,0,0,0,1,8.9
18554,71,female,Hill,2,secondary,1,1,27.0,1,0,1,0,0,31.4,108,0,0,0,0,1,1,1,5.1
99029,18,male,Rose,3,secondary,1,0,0.0,0,0,0,0,0,19.9,93,1,0,0,0,0,0,0,9.3
19628,56,female,Doll,5,secondary,1,0,0.0,1,1,1,0,0,29.1,127,0,0,0,0,1,0,1,7.1
51544,37,male,Rose,4,secondary,1,1,3.6,1,1,1,1,1,26.2,122,0,0,0,0,0,0,0,5.5
87799,26,male,Hill,4,secondary,0,0,0.0,1,0,1,0,0,22.5,100,0,0,0,0,0,0,0,5.1
94310,43,female,Nightingale,2,secondary,0,1,9.9,0,0,1,0,0,29.0,121,0,0,0,0,0,1,0,7.2
27928,71,male,Hill,5,secondary,0,1,16.5,0,0,0,0,0,28.8,125,0,1,0,0,0,1,1,9.7
79491,22,male,Snow,2,secondary,0,1,1.0,0,0,1,0,0,31.3,106,0,0,0,0,0,0,0,6.3
43000,38,female,Snow,4,tertiary,0,0,0.0,0,0,0,0,0,24.5,117,1,0,0,0,0,0,1,9.3
84622,63,female,Snow,4,secondary,0,0,0.0,1,0,1,0,0,24.0,114,0,0,0,1,0,0,0,5.7
79749,59,female,Snow,2,secondary,1,1,13.3,1,1,0,0,0,30.2,123,0,0,0,0,0,1,1,4.5
54430,40,male,Hill,3,secondary,0,0,0.0,0,0,0,0,0,27.8,107,0,0,0,0,0,0,0,8.2
66546,47,female,Nightingale,1,primary,0,1,13.8,0,0,1,0,0,31.5,113,0,0,1,0,0,0,1,9.3
17090,75,female,Hill,4,primary,1,1,27.4,0,0,0,0,0,32.6,131,0,0,0,0,0,0,1,9.3
87523,50,male,Snow,2,primary,1,1,9.9,1,1,0,0,0,36.8,133,0,0,0,0,1,0,1,6.9
52836,57,female,Snow,3,secondary,1,0,0.0,0,0,1,0,0,30.7,124,1,0,0,0,0,0,0,7.3
19211,35,male,Doll,5,tertiary,1,0,0.0,0,0,0,1,0,24.8,114,1,0,0,0,0,1,0,7.2
50698,20,male,Nightingale,1,secondary,0,0,0.0,0,0,1,0,0,30.2,96,1,0,1,0,0,0,0,9.2
83999,74,male,Snow,1,secondary,1,0,0.0,1,0,0,0,0,24.7,130,1,1,0,0,0,0,1,9.8
61095,72,female,Rose,4,tertiary,1,0,0.0,0,0,0,0,0,22.0,123,0,0,0,0,0,1,0,8.0
75689,41,female,Snow,1,primary,0,1,4.7,0,1,0,1,1,25.4,131,0,0,0,0,0,0,0,5.7
56234,60,male,Snow,4,secondary,0,1,9.2,1,0,0,0,1,25.4,117,0,0,0,0,0,0,0,7.0
90409,68,male,Hill,4,tertiary,1,0,0.0,1,0,0,0,0,29.0,124,0,0,1,0,0,0,1,6.6
36030,23,male,Doll,2,secondary,1,1,1.7,0,1,1,0,0,28.9,103,0,0,0,0,0,0,0,8.3
35046,50,female,Doll,4,secondary,0,0,0.0,0,1,0,0,1,29.3,131,0,0,0,0,0,0,0,9.3
20158,41,female,Doll,3,tertiary,1,0,0.0,0,1,1,0,0,36.9,124,0,0,0,0,0,0,0,6.3
76202,20,female,Hill,4,secondary,1,0,0.0,1,0,0,0,1,26.0,105,1,0,1,0,0,0,1,4.4
94150,57,male,Hill,5,primary,0,0,0.0,1,0,1,0,1,28.1,115,0,0,0,0,0,1,0,6.7
43174,62,male,Doll,4,tertiary,0,0,0.0,0,1,1,0,1,25.9,106,0,0,0,0,0,0,0,5.8
17763,37,male,Nightingale,1,secondary,0,1,4.2,1,0,1,1,0,28.6,111,0,0,0,0,0,0,0,5.5
87567,31,male,Hill,1,primary,1,0,0.0,1,1,1,1,0,27.8,110,0,0,0,0,0,0,0,8.8
78520,33,male,Hill,2,primary,0,0,0.0,1,1,0,0,1,28.6,115,1,0,0,0,0,0,0,4.4
38200,57,male,Rose,4,secondary,1,1,8.0,0,1,0,0,1,31.4,122,0,0,0,0,0,0,0,6.0
36287,30,male,Doll,2,secondary,1,0,0.0,0,0,1,1,0,29.8,109,1,0,0,0,0,0,0,4.0
78777,25,male,Snow,4,secondary,1,0,0.0,1,1,1,0,0,31.8,107,0,1,0,0,1,0,1,9.1
46590,27,female,Hill,4,secondary,0,0,0.0,0,1,0,0,0,30.9,115,0,0,0,0,0,1,0,9.5
56621,21,female,Snow,4,secondary,1,0,0.0,0,0,0,1,0,27.3,103,0,0,1,0,0,0,1,9.8
68223,33,male,Snow,3,tertiary,0,0,0.0,1,0,0,0,1,26.0,97,0,0,1,0,0,0,0,7.5
49152,70,female,Snow,4,tertiary,1,1,10.4,1,0,1,0,1,36.9,132,0,0,0,0,0,0,0,5.1
26498,30,female,Snow,2,secondary,0,0,0.0,0,1,1,0,0,30.9,101,1,0,0,0,0,0,0,6.9
22925,79,male,Rose,3,secondary,1,1,31.2,0,0,1,0,0,30.9,145,0,0,0,1,1,0,0,5.6
99526,64,female,Snow,1,primary,0,1,16.1,0,0,1,0,1,31.7,114,0,0,0,0,0,0,0,4.3
28141,27,male,Doll,5,tertiary,1,1,1.9,1,1,0,0,0,21.8,93,0,0,0,0,0,0,0,4.1
76351,54,male,Nightingale,3,secondary,1,1,13.5,0,0,0,1,0,24.0,137,1,0,0,0,0,0,0,4.1
75064,33,female,Rose,5,secondary,0,0,0.0,1,1,0,0,0,30.2,109,0,0,0,0,0,0,0,9.9
29639,57,male,Snow,1,secondary,1,0,0.0,1,0,1,0,0,29.4,130,1,0,0,0,0,0,0,4.6
14488,37,male,Snow,3,secondary,1,0,0.0,1,0,1,1,0,24.9,112,1,0,0,0,0,1,1,5.9
69286,45,male,Hill,4,secondary,1,0,0.0,0,1,0,0,0,29.0,114,0,0,0,0,1,0,1,9.2
69808,35,female,Doll,3,secondary,0,0,0.0,0,1,1,0,0,34.4,105,1,0,0,0,0,0,0,6.0
10568,50,male,Hill,5,secondary,1,0,0.0,0,0,0,0,0,23.9,110,0,0,0,0,0,0,1,9.0
34251,71,male,Rose,5,tertiary,1,0,0.0,0,0,0,0,0,35.3,129,0,0,0,0,0,0,0,7.0
79659,31,male,Hill,2,secondary,0,0,0.0,1,0,0,1,0,25.1,122,0,0,0,0,0,0,0,7.2
54032,50,male,Hill,2,secondary,1,0,0.0,1,0,1,0,0,22.8,114,0,0,1,0,0,0,0,6.8
70120,67,male,Hill,1,secondary,0,0,0.0,1,0,0,1,1,28.7,123,0,0,1,0,0,1,0,6.9
18025,24,male,Rose,4,secondary,0,0,0.0,1,0,1,0,0,21.4,90,1,0,0,0,0,0,1,9.8
59164,79,female,Snow,4,tertiary,1,0,0.0,0,0,0,0,0,30.3,134,0,0,0,0,0,0,1,5.1
77901,54,male,Rose,4,tertiary,0,0,0.0,0,1,0,0,0,34.6,139,0,0,0,0,0,0,0,4.7
13323,48,female,Nightingale,3,tertiary,0,0,0.0,0,0,0,1,0,33.2,114,0,0,0,0,0,0,0,4.3
42425,76,female,Hill,3,secondary,0,1,11.8,0,0,0,0,0,31.5,134,0,1,1,0,0,0,1,5.2
17378,71,male,Rose,4,secondary,0,0,0.0,0,1,1,0,0,32.4,128,0,0,0,0,1,0,1,4.2
83948,32,female,Hill,5,tertiary,1,0,0.0,0,1,0,0,0,24.6,124,0,0,0,0,0,0,0,5.7
26227,44,female,Doll,2,secondary,0,0,0.0,1,1,0,0,0,27.5,124,0,0,0,0,0,0,0,6.1
90367,71,female,Rose,4,secondary,1,0,0.0,0,0,1,0,1,30.5,115,0,0,0,0,1,0,1,7.4
40660,51,female,Snow,1,primary,1,1,6.6,1,0,1,0,0,30.9,126,0,0,0,1,0,0,0,8.1
39140,76,female,Snow,1,secondary,0,0,0.0,1,1,1,0,1,34.2,132,0,0,0,0,0,0,0,8.4
79145,64,male,Hill,4,tertiary,1,1,23.1,0,0,1,0,0,22.7,123,1,0,0,0,1,0,1,9.0
48869,65,female,Rose,2,tertiary,0,0,0.0,0,0,1,0,0,27.4,128,1,0,0,0,0,0,0,7.4
16721,22,female,Doll,2,secondary,1,0,0.0,0,0,1,0,0,26.3,95,1,0,1,0,0,0,1,9.4
57074,37,female,Snow,4,secondary,0,1,8.0,0,0,1,0,1,29.5,125,1,1,0,0,1,0,0,4.3
42060,39,female,Rose,2,secondary,0,0,0.0,0,0,1,1,0,36.3,122,0,0,0,0,1,0,0,5.9
99455,33,male,Doll,4,tertiary,0,0,0.0,0,0,0,1,1,26.8,114,0,0,0,0,0,0,0,4.1
63214,20,female,Hill,4,primary,1,1,0.4,0,1,0,0,0,23.0,95,0,1,0,0,0,0,0,7.1
25101,78,female,Nightingale,1,primary,0,0,0.0,0,0,0,0,0,29.6,136,0,0,0,0,0,0,0,7.5
54946,27,male,Nightingale,4,secondary,1,1,3.3,1,0,0,0,0,21.6,107,0,0,0,0,0,0,0,5.0
52170,33,female,Snow,2,secondary,1,1,2.8,1,0,1,1,0,31.4,111,0,0,0,0,0,0,0,9.7
32867,43,female,Doll,2,tertiary,0,0,0.0,0,0,1,0,0,31.5,118,1,0,0,0,0,1,0,7.2
67448,72,female,Rose,4,tertiary,1,1,24.4,0,0,0,0,0,29.5,146,0,0,0,0,0,1,1,7.6
33281,21,female,Snow,4,secondary,1,0,0.0,0,0,0,0,0,23.1,107,0,0,0,0,0,0,0,6.7
14471,52,male,Rose,2,tertiary,1,0,0.0,0,1,0,0,0,23.7,124,0,0,0,0,0,0,0,4.2
76654,62,female,Rose,4,tertiary,1,0,0.0,0,0,0,0,1,29.2,134,0,0,1,0,1,0,1,8.3
61451,60,female,Hill,1,secondary,1,0,0.0,0,0,0,1,0,30.9,138,0,0,0,0,0,1,1,8.9
24189,28,female,Doll,3,tertiary,0,0,0.0,0,0,0,0,0,22.6,98,0,0,0,0,0,0,1,6.7
41405,18,female,Snow,3,secondary,0,0,0.0,1,1,0,0,1,28.1,109,0,0,0,0,0,0,0,6.9
86025,31,male,Doll,3,secondary,1,0,0.0,0,0,0,1,1,25.5,117,0,0,0,0,0,0,1,8.5
32864,76,male,Doll,3,secondary,0,0,0.0,0,1,0,0,1,31.8,132,0,0,0,0,0,0,0,7.7
11306,50,male,Nightingale,3,secondary,1,0,0.0,0,1,0,0,0,35.1,104,0,0,0,0,0,0,0,8.3
21209,51,female,Hill,2,primary,0,1,8.4,0,1,0,0,0,28.6,133,0,0,0,0,0,0,0,7.8
33949,31,female,Nightingale,1,primary,0,0,0.0,1,0,0,0,0,22.6,106,0,0,0,0,0,0,0,8.7
95108,77,female,Snow,4,tertiary,0,0,0.0,0,0,0,0,0,22.8,147,0,0,0,0,0,0,1,6.3
29544,40,male,Snow,3,tertiary,1,0,0.0,0,0,1,1,0,26.7,110,0,0,0,0,0,0,0,8.9
88068,31,female,Hill,4,tertiary,1,0,0.0,1,0,0,1,1,24.5,112,1,0,1,0,0,0,1,4.6
73080,55,female,Nightingale,4,tertiary,1,0,0.0,0,0,1,0,0,32.5,113,0,0,0,0,0,0,0,4.5
14063,56,female,Snow,4,secondary,1,0,0.0,1,1,1,0,0,28.0,129,0,0,0,0,0,0,1,4.9
64556,76,female,Rose,5,tertiary,1,0,0.0,1,0,1,0,1,33.9,121,0,1,0,0,0,0,1,8.7
88367,57,male,Nightingale,4,tertiary,0,0,0.0,0,0,0,0,0,23.3,114,0,0,0,0,0,0,0,6.2
52899,47,female,Snow,4,secondary,1,0,0.0,1,0,0,0,0,19.2,115,0,0,0,0,0,0,0,4.6
87633,60,male,Snow,2,secondary,0,1,10.7,1,0,0,1,0,30.5,140,0,0,0,0,0,0,0,6.4
63735,60,female,Rose,5,secondary,1,0,0.0,0,0,0,0,0,30.8,119,1,0,0,0,0,0,0,9.0
59613,25,female,Snow,3,tertiary,1,0,0.0,0,0,0,0,0,32.8,103,0,0,0,0,0,0,0,8.4
82184,18,female,Snow,3,secondary,0,0,0.0,0,0,0,0,0,27.4,102,0,0,1,0,0,1,0,7.7
71422,37,male,Rose,5,tertiary,1,0,0.0,1,0,1,0,0,23.8,90,0,0,0,0,0,0,0,7.1
46727,39,female,Doll,2,secondary,0,0,0.0,1,0,0,0,0,30.2,110,0,0,0,0,0,0,0,8.1
24278,77,female,Doll,5,secondary,0,0,0.0,0,0,0,0,0,33.2,124,0,1,0,0,0,1,1,4.5
37191,69,male,Hill,2,secondary,0,1,15.1,1,1,1,0,1,35.0,147,0,0,0,0,0,0,0,8.8
86143,64,male,Nightingale,4,tertiary,1,0,0.0,0,1,1,0,1,33.3,110,0,0,1,0,1,0,1,4.1
74850,60,male,Hill,1,secondary,1,0,0.0,0,0,1,0,0,26.8,117,1,0,0,0,0,0,0,5.9
86816,55,female,Hill,2,secondary,0,0,0.0,0,1,0,0,1,32.8,114,0,0,0,0,0,1,0,4.2
66771,35,female,Snow,3,secondary,0,0,0.0,1,0,0,1,0,27.8,104,0,0,0,0,0,0,0,7.5
21072,55,male,Snow,4,tertiary,0,0,0.0,0,1,1,0,0,29.1,125,1,0,0,0,1,0,1,8.0
98471,23,male,Nightingale,2,secondary,0,0,0.0,1,0,0,0,1,25.6,104,0,0,0,0,0,0,0,6.9
99289,19,female,Hill,4,tertiary,1,0,0.0,0,0,0,0,0,22.1,120,1,0,0,0,0,0,1,9.9
31851,65,male,Rose,2,tertiary,1,0,0.0,1,0,0,0,0,24.7,112,0,0,0,0,0,0,0,6.2
12468,56,female,Rose,4,secondary,1,0,0.0,0,0,1,0,0,30.3,121,0,0,0,0,0,0,0,5.9
94755,48,male,Snow,3,secondary,0,0,0.0,0,0,0,0,0,29.1,121,0,0,0,0,0,0,0,8.5
74052,75,female,Rose,3,secondary,0,0,0.0,0,1,1,0,0,36.5,135,0,0,0,0,0,0,1,7.1
20961,25,female,Nightingale,2,primary,1,0,0.0,0,0,0,0,0,21.1,100,0,0,0,0,0,0,1,5.8
94151,49,female,Rose,3,secondary,1,0,0.0,1,1,0,1,0,32.2,117,0,0,0,0,0,0,0,6.4
41404,64,female,Nightingale,2,secondary,0,1,24.1,0,1,1,0,0,33.0,120,0,0,1,1,0,0,1,8.8
30928,39,female,Rose,2,secondary,1,0,0.0,0,0,1,0,0,28.2,100,0,0,0,0,0,0,1,6.0
85657,45,female,Doll,4,secondary,1,0,0.0,0,0,1,1,0,29.4,118,0,0,0,0,0,0,0,8.6
10676,25,female,Nightingale,1,secondary,1,1,2.2,0,0,0,0,0,19.7,117,0,0,0,0,0,0,1,4.3
66838,43,male,Hill,3,tertiary,1,0,0.0,1,0,0,1,0,22.8,128,0,0,0,0,0,0,0,5.0
51476,74,male,Nightingale,2,primary,1,1,19.1,0,0,1,0,0,25.9,125,0,0,0,0,0,0,0,7.5
48367,54,female,Nightingale,3,secondary,0,0,0.0,0,0,0,0,0,32.2,123,0,0,0,0,0,0,0,6.7
24516,38,female,Rose,2,tertiary,0,1,4.4,0,0,1,1,0,30.1,133,1,0,0,0,0,0,0,8.7
41999,18,female,Snow,4,tertiary,1,0,0.0,0,0,0,0,0,26.0,115,0,0,0,0,0,0,0,4.9
38647,19,female,Nightingale,3,primary,1,0,0.0,0,0,0,1,0,21.1,105,0,0,0,0,0,0,0,4.8
93310,67,female,Rose,4,secondary,1,1,12.7,0,0,0,0,1,28.8,132,0,0,0,0,0,0,0,5.9
59121,46,female,Hill,1,primary,0,1,11.3,1,1,0,0,1,26.2,105,0,0,0,0,0,0,0,7.5
90632,26,female,Nightingale,4,tertiary,1,0,0.0,0,0,0,0,0,24.6,90,0,0,0,0,0,0,0,4.8
33250,28,female,Snow,2,secondary,0,0,0.0,1,1,1,1,0,33.0,116,0,0,0,0,0,1,0,4.0
41346,54,female,Nightingale,3,secondary,0,1,18.6,0,0,1,0,0,28.9,108,0,0,0,0,0,0,0,4.7
62287,66,male,Rose,2,secondary,0,0,0.0,1,0,1,1,0,31.6,131,0,0,0,0,1,0,1,4.0
20981,32,male,Nightingale,2,secondary,0,0,0.0,0,0,0,1,1,23.3,98,0,0,0,0,0,0,0,5.9
17988,25,female,Nightingale,4,tertiary,1,0,0.0,0,0,1,1,0,30.7,104,0,0,0,0,0,1,1,9.7
73775,28,male,Nightingale,4,secondary,0,1,2.4,0,0,1,1,0,24.5,108,0,0,0,0,0,1,1,5.5
67331,34,male,Rose,2,secondary,1,0,0.0,0,0,1,0,1,27.3,107,0,0,0,0,0,0,0,5.0
50187,35,female,Snow,4,secondary,0,0,0.0,1,1,0,0,1,26.8,111,0,0,0,0,0,0,0,8.7
86781,31,female,Rose,4,tertiary,1,0,0.0,0,0,1,0,0,22.4,108,1,0,0,0,0,0,1,6.1
55616,34,male,Hill,5,tertiary,1,0,0.0,0,1,1,1,0,23.9,109,0,0,0,0,0,1,0,7.9
51039,64,female,Nightingale,5,secondary,1,0,0.0,0,0,1,0,0,26.2,121,0,0,0,0,0,1,0,6.9
40198,58,male,Snow,2,secondary,1,1,18.4,1,0,0,1,1,28.9,134,0,0,0,0,0,0,0,8.2
20198,67,male,Snow,2,primary,0,0,0.0,1,0,1,0,0,18.9,112,0,0,0,0,0,0,0,5.9
31746,76,male,Snow,1,primary,0,0,0.0,0,0,0,0,0,29.9,140,0,0,0,0,0,0,0,5.3
89328,69,female,Hill,4,tertiary,1,0,0.0,0,1,0,0,0,31.9,117,0,0,0,0,0,0,0,4.0
74646,64,male,Rose,5,tertiary,1,0,0.0,0,0,1,0,1,29.2,121,0,0,0,0,1,0,1,9.0
16479,19,female,Snow,1,secondary,0,1,0.4,0,0,0,0,0,26.1,110,0,0,0,0,0,0,0,7.5
34064,25,female,Nightingale,5,tertiary,1,0,0.0,0,0,0,0,0,25.6,115,0,0,0,0,0,0,0,9.1
89740,24,female,Rose,3,tertiary,1,0,0.0,0,0,1,0,0,31.9,117,0,0,0,0,0,1,1,4.9
58533,46,female,Snow,3,tertiary,1,0,0.0,1,0,0,0,0,25.1,115,0,0,0,0,0,0,0,6.1
26984,76,male,Nightingale,4,secondary,0,0,0.0,1,0,0,0,1,25.6,129,0,0,0,0,0,0,0,6.3
10685,59,male,Nightingale,1,secondary,1,1,11.9,0,1,0,0,0,32.5,134,0,0,0,0,0,0,0,6.3
49018,39,female,Doll,5,secondary,1,0,0.0,0,1,1,0,0,31.4,108,0,0,0,0,0,0,0,5.9
20508,42,female,Doll,2,tertiary,0,0,0.0,1,0,1,0,0,25.7,120,1,0,0,0,0,0,0,5.4
57099,19,female,Hill,4,tertiary,1,0,0.0,0,0,0,1,1,18.8,102,0,0,0,0,0,1,0,5.3
85203,48,male,Doll,2,primary,0,0,0.0,1,0,1,0,0,29.3,115,0,0,0,0,0,0,0,4.8
55055,35,male,Doll,4,tertiary,1,0,0.0,0,1,0,0,0,27.0,98,0,0,0,0,0,0,0,4.6
13378,52,female,Snow,3,primary,1,1,6.7,0,0,0,0,1,29.8,128,1,0,0,1,0,1,1,5.1
39689,50,male,Snow,3,secondary,0,0,0.0,1,1,0,0,0,29.4,130,0,0,0,0,0,0,0,9.0
89683,20,female,Nightingale,1,secondary,0,1,0.6,0,0,1,0,0,27.8,120,0,0,0,0,0,0,0,8.4
37447,51,female,Nightingale,1,tertiary,0,1,16.1,0,0,1,0,0,23.8,128,0,0,0,0,0,0,1,9.1
55217,61,female,Rose,2,secondary,0,0,0.0,1,1,1,1,1,34.0,128,0,0,0,1,0,1,1,9.3
66436,61,male,Nightingale,2,secondary,1,1,14.6,0,0,0,0,1,25.6,139,1,0,0,0,0,0,0,6.6
86207,44,female,Nightingale,2,primary,0,0,0.0,1,0,1,0,0,27.2,125,0,0,0,0,0,0,1,5.3
18664,45,female,Rose,5,primary,1,0,0.0,0,0,0,0,1,20.9,99,0,0,0,0,0,0,0,4.3
11909,29,female,Hill,5,secondary,1,1,2.7,1,0,0,0,0,24.6,103,1,0,0,0,0,1,0,5.2
71569,44,male,Snow,2,primary,0,0,0.0,1,1,0,0,0,25.8,108,0,0,0,0,0,0,0,6.9
49183,64,male,Hill,5,tertiary,1,0,0.0,1,0,1,0,0,34.2,109,0,0,0,1,1,0,1,5.6
74147,28,female,Nightingale,4,primary,1,0,0.0,0,0,1,0,0,26.6,114,1,0,0,0,0,0,1,8.9
57961,67,male,Snow,4,secondary,1,1,15.3,1,0,0,0,0,22.1,123,0,0,0,0,0,0,0,5.7
43529,40,male,Doll,3,secondary,1,1,4.3,0,1,0,1,0,32.1,131,0,0,0,0,0,0,0,9.5
80906,67,male,Rose,3,tertiary,1,0,0.0,0,0,1,0,0,33.2,102,0,0,0,0,1,0,1,8.4
51880,72,male,Doll,4,tertiary,1,0,0.0,1,1,0,1,1,27.0,140,0,1,1,0,1,1,1,4.3
50530,29,female,Snow,2,secondary,1,1,3.4,0,0,0,0,0,30.2,119,0,0,0,0,0,0,0,4.8
58041,52,female,Doll,2,primary,1,1,11.9,0,0,1,0,1,26.6,112,0,0,0,0,0,0,0,5.7
36327,41,male,Snow,1,secondary,1,0,0.0,0,1,0,0,0,30.1,112,1,0,0,0,0,0,0,9.6
97121,71,female,Nightingale,1,secondary,0,1,9.8,0,0,1,0,0,35.2,130,0,0,0,0,0,0,0,6.8
32636,36,male,Snow,2,secondary,0,0,0.0,0,1,1,0,0,24.8,123,0,0,0,0,0,0,0,4.5
18600,71,male,Snow,3,tertiary,0,0,0.0,1,0,0,0,0,24.8,109,1,0,0,0,0,0,1,6.3
58682,67,male,Rose,5,primary,1,1,9.4,0,0,0,0,0,31.4,130,1,0,0,0,0,1,1,5.1
34888,42,male,Doll,4,primary,1,0,0.0,0,0,0,0,0,23.2,117,0,0,0,0,0,0,0,4.6
48479,72,male,Snow,3,tertiary,1,1,16.4,1,0,0,0,0,33.1,137,0,1,0,0,0,0,1,8.1
32955,73,female,Nightingale,4,secondary,0,0,0.0,1,0,1,0,0,29.6,140,0,0,0,0,0,1,1,5.1
52640,69,male,Hill,2,primary,0,1,19.5,0,0,0,0,0,31.0,138,1,1,0,0,0,0,1,9.5
91312,68,female,Snow,4,tertiary,1,0,0.0,1,0,0,0,0,25.7,120,1,0,1,0,0,0,1,5.9
25486,52,female,Hill,5,secondary,1,0,0.0,0,1,0,1,1,26.0,116,1,0,0,0,0,0,1,9.6
30895,70,male,Snow,3,secondary,0,0,0.0,0,0,0,0,0,24.2,132,1,0,0,0,1,0,1,9.9
84561,70,male,Nightingale,3,secondary,1,0,0.0,0,0,1,0,0,29.6,132,0,0,0,0,0,0,0,8.2
62461,36,female,Doll,4,secondary,0,0,0.0,0,0,1,0,0,26.5,100,0,0,0,0,0,0,0,6.1
80418,74,male,Rose,5,secondary,1,1,21.6,0,0,1,0,0,30.9,154,0,1,0,0,0,0,0,6.1
89369,76,male,Nightingale,1,primary,0,1,18.6,0,0,1,0,0,31.1,132,0,0,0,0,0,0,0,9.3
13365,76,female,Doll,5,tertiary,0,0,0.0,0,1,1,0,1,28.2,133,0,0,0,0,0,0,0,7.5
38927,25,female,Doll,2,secondary,1,0,0.0,1,1,0,0,0,27.6,107,0,0,1,0,0,0,1,7.9
62364,41,female,Hill,2,secondary,1,0,0.0,0,1,1,0,1,33.1,121,0,0,0,0,0,0,1,5.1
63771,21,male,Snow,1,primary,0,0,0.0,1,1,1,0,1,28.2,93,1,0,0,0,0,1,0,7.5
73981,53,male,Doll,5,primary,1,0,0.0,1,0,0,1,0,24.8,120,0,0,0,0,0,0,1,5.4
47088,54,male,Hill,2,secondary,1,0,0.0,0,1,0,0,0,29.5,123,0,0,0,0,0,0,0,7.6
20833,48,female,Doll,3,tertiary,0,1,11.9,0,0,1,0,0,25.3,122,0,0,0,0,0,0,0,7.5
36822,69,female,Snow,3,secondary,0,0,0.0,1,0,1,0,0,30.4,132,0,0,0,0,0,0,0,4.1
73507,54,male,Snow,4,tertiary,0,0,0.0,0,0,0,0,0,23.3,111,1,0,0,0,0,0,0,10.0
57941,24,female,Doll,5,secondary,1,0,0.0,1,0,1,1,0,26.3,105,0,0,0,0,0,0,1,9.5
11680,21,female,Snow,4,secondary,1,0,0.0,1,0,0,1,0,27.9,113,0,0,0,0,0,0,0,5.9
45276,38,male,Doll,5,secondary,1,0,0.0,0,0,0,1,0,30.3,106,0,0,0,0,0,0,0,6.5
38989,35,male,Rose,4,secondary,1,0,0.0,0,0,1,0,0,26.3,104,0,0,0,0,0,0,0,7.8
76860,41,male,Nightingale,5,secondary,0,0,0.0,0,0,1,0,0,27.0,114,1,0,0,0,0,0,0,5.9
69698,37,male,Snow,3,secondary,1,0,0.0,0,0,0,0,0,22.9,111,1,0,0,0,0,0,0,8.1
38231,53,female,Nightingale,3,secondary,1,1,11.6,1,0,0,0,1,26.4,123,0,0,0,0,0,0,0,5.4
14766,41,male,Hill,5,tertiary,1,1,4.5,0,0,0,0,1,25.1,104,0,0,0,0,0,0,0,8.9
33279,52,female,Nightingale,4,secondary,1,0,0.0,0,0,0,0,0,31.2,136,0,0,0,0,0,0,0,6.8
76809,38,female,Rose,5,tertiary,1,1,7.4,0,0,1,0,0,25.7,113,0,0,0,0,0,0,0,9.2
23161,68,female,Rose,3,primary,1,0,0.0,0,0,1,0,0,31.9,126,1,0,0,0,0,0,0,7.6
15714,49,male,Snow,3,tertiary,1,0,0.0,0,0,1,1,0,22.5,127,0,0,0,0,0,0,0,7.2
54369,47,male,Nightingale,3,tertiary,1,0,0.0,0,0,0,0,0,28.0,114,0,0,0,0,1,0,1,9.5
53322,35,male,Nightingale,4,tertiary,0,0,0.0,0,1,0,1,0,27.9,109,0,0,1,0,0,0,0,5.8
87736,23,male,Nightingale,5,secondary,1,1,1.5,1,0,0,0,1,24.9,104,0,0,0,0,0,0,0,4.6
40156,73,female,Nightingale,5,secondary,1,0,0.0,0,0,1,0,0,33.1,127,1,1,0,0,1,0,1,9.5
78261,23,female,Hill,2,secondary,1,1,2.1,0,1,0,0,0,27.2,111,0,0,0,0,0,1,0,8.3
46993,45,male,Nightingale,2,secondary,0,1,10.7,1,0,1,1,1,21.6,114,0,0,1,0,0,1,1,5.3
90878,67,female,Nightingale,4,tertiary,1,0,0.0,0,0,1,0,0,26.4,120,0,0,0,0,0,0,0,7.3
48099,47,female,Hill,5,tertiary,1,1,13.1,0,0,1,0,0,29.6,122,0,0,0,0,0,0,0,9.9
57952,69,female,Hill,2,primary,1,1,22.4,0,0,1,0,1,28.8,121,0,0,0,0,0,1,0,9.2
66619,58,female,Rose,3,secondary,0,1,13.9,0,0,1,0,0,29.2,142,0,0,0,0,0,0,0,4.2
55625,34,female,Doll,5,secondary,1,1,5.3,0,1,1,1,1,31.7,112,1,0,0,0,0,0,0,8.5
19741,30,male,Snow,4,tertiary,0,0,0.0,1,1,0,0,0,28.7,101,0,0,0,0,0,0,0,5.9
59911,38,female,Snow,2,primary,1,0,0.0,0,1,0,0,0,25.5,118,0,1,0,0,0,0,1,4.6
17888,35,male,Hill,4,secondary,1,0,0.0,1,0,0,1,0,31.5,129,0,0,0,0,0,1,0,6.3
47175,24,female,Hill,3,secondary,0,0,0.0,0,0,1,1,1,29.6,106,0,0,0,0,0,1,0,5.3
96441,60,male,Nightingale,3,tertiary,0,0,0.0,0,0,1,0,0,30.2,129,0,0,0,0,0,1,1,4.8
60609,74,male,Snow,4,secondary,0,0,0.0,0,0,0,0,0,31.0,132,0,0,0,0,0,1,0,9.0
34829,31,female,Rose,4,tertiary,1,0,0.0,0,0,1,0,0,23.5,115,0,0,0,0,0,0,0,5.8
43161,54,female,Rose,5,primary,1,0,0.0,0,1,1,0,0,31.1,110,0,0,0,0,0,0,0,5.1
68882,32,male,Doll,5,secondary,1,0,0.0,1,0,0,1,0,19.9,92,0,0,0,0,0,0,0,6.1
39375,25,male,Doll,4,primary,1,0,0.0,0,1,0,0,0,22.8,107,0,0,0,0,0,0,1,9.1
90791,57,male,Hill,4,secondary,1,1,10.2,0,0,1,0,0,30.1,126,0,0,0,0,0,0,0,8.2
45706,70,male,Rose,5,tertiary,1,1,20.7,0,0,1,0,0,32.2,128,1,0,0,0,0,0,1,6.3
62168,59,female,Snow,4,secondary,0,0,0.0,0,0,1,1,0,27.6,109,0,0,0,0,0,0,0,7.5
58539,40,male,Hill,3,secondary,0,0,0.0,1,1,0,0,0,22.5,122,0,0,0,0,0,1,0,9.3
67067,26,male,Hill,4,secondary,0,0,0.0,0,0,1,1,0,27.5,121,0,0,1,0,0,0,0,6.2
38930,79,female,Rose,4,secondary,1,0,0.0,0,0,0,0,0,28.1,136,0,0,0,0,0,1,0,6.9
11068,67,male,Nightingale,3,secondary,1,0,0.0,0,0,0,1,1,29.8,138,0,0,0,0,0,0,1,8.2
33912,68,female,Hill,1,primary,0,0,0.0,1,0,1,0,1,29.5,122,0,0,0,0,0,0,1,6.1
74094,76,male,Doll,3,secondary,0,0,0.0,0,1,1,0,0,33.4,126,0,0,0,0,1,0,1,7.6
71636,75,male,Snow,2,primary,1,1,27.5,0,0,1,0,0,32.6,149,0,0,0,0,0,0,1,4.8
51228,63,male,Nightingale,2,primary,0,0,0.0,0,1,1,0,0,28.0,110,0,0,0,0,0,0,0,9.2
59488,46,male,Rose,2,secondary,0,1,9.8,1,1,0,1,0,27.9,124,0,0,0,0,0,0,0,4.6
20752,77,male,Hill,2,secondary,0,1,23.3,1,1,0,0,0,32.9,120,0,0,0,0,0,0,0,6.9
83776,48,female,Doll,4,tertiary,0,0,0.0,0,0,0,1,0,27.6,117,0,0,0,0,0,0,0,5.6
50901,61,male,Rose,4,secondary,1,0,0.0,1,1,1,0,0,25.5,124,0,1,0,0,1,0,1,8.2
15696,61,female,Nightingale,1,secondary,1,0,0.0,0,1,0,0,0,33.1,119,1,0,0,0,0,0,0,8.5
58409,56,male,Nightingale,1,primary,1,0,0.0,1,1,1,1,0,26.1,126,0,0,0,0,1,0,0,6.3
53378,23,male,Rose,3,secondary,0,0,0.0,0,0,1,1,0,28.7,106,0,0,0,0,0,0,0,7.0
86791,41,female,Doll,3,primary,1,0,0.0,0,1,0,0,0,29.4,105,0,0,0,0,0,0,0,8.1
74783,26,female,Nightingale,3,secondary,1,0,0.0,0,0,1,1,0,23.7,95,0,0,1,0,0,1,1,7.0
21910,77,male,Rose,3,secondary,1,0,0.0,0,1,1,0,0,29.7,130,0,0,0,0,0,0,0,7.0
59219,55,male,Nightingale,2,secondary,0,1,7.1,0,0,0,0,1,23.9,115,0,0,0,0,0,0,0,7.4
47526,30,male,Nightingale,4,secondary,1,0,0.0,0,1,0,0,0,32.3,117,0,0,0,0,0,1,0,7.1
83370,39,male,Doll,2,secondary,0,1,9.4,1,1,0,0,1,28.5,120,0,0,1,0,0,0,1,6.3
98719,51,male,Nightingale,3,secondary,1,0,0.0,0,1,1,0,0,29.1,115,0,0,0,0,0,1,0,7.3
65454,24,female,Nightingale,1,primary,0,1,2.9,0,0,0,1,0,27.1,122,1,0,0,0,0,0,0,4.8
46955,59,male,Hill,2,secondary,0,0,0.0,1,1,1,0,0,27.4,123,0,0,1,0,1,0,0,9.4
81393,35,female,Doll,2,secondary,1,0,0.0,0,0,0,0,0,22.0,121,0,0,0,0,0,0,0,5.2
69217,31,female,Nightingale,5,primary,1,1,6.3,0,1,0,1,1,26.0,106,1,0,0,0,0,0,1,4.2
80612,28,male,Nightingale,4,tertiary,1,1,2.6,0,0,0,1,0,24.9,120,1,0,0,0,0,0,0,5.1
36899,67,female,Hill,1,secondary,0,0,0.0,0,0,1,0,0,23.9,146,0,0,0,0,0,0,0,6.6
50787,38,female,Nightingale,3,secondary,1,0,0.0,1,1,0,1,0,33.5,113,0,0,0,0,0,0,1,5.5
40593,38,male,Nightingale,1,primary,0,1,4.8,1,0,1,1,1,19.6,115,0,0,0,0,1,0,1,4.4
60443,34,female,Doll,4,primary,1,1,4.1,1,0,0,0,0,23.8,103,0,0,0,0,0,0,1,6.0
35822,31,female,Snow,1,secondary,0,0,0.0,0,0,0,1,1,27.2,115,0,0,0,0,0,0,0,9.1
83228,21,female,Doll,5,primary,0,0,0.0,0,1,1,0,0,28.8,119,0,0,0,0,0,0,0,6.6
22948,35,female,Hill,3,tertiary,0,0,0.0,1,0,0,1,0,24.9,125,0,0,0,0,0,0,0,7.8
65970,42,male,Snow,2,secondary,0,1,5.4,0,0,1,1,0,27.0,109,0,0,1,0,1,0,1,8.0
70858,59,male,Doll,5,secondary,1,0,0.0,0,0,1,0,1,25.4,125,0,0,1,0,0,0,1,9.1
63907,38,male,Doll,4,secondary,1,0,0.0,0,1,0,0,0,26.9,102,0,0,0,0,0,0,0,7.1
47700,64,male,Hill,4,secondary,1,0,0.0,1,0,0,0,0,25.5,136,0,0,0,0,0,0,0,8.6
56927,28,male,Rose,2,secondary,1,1,4.2,0,1,1,1,0,24.6,107,0,0,0,0,0,0,0,4.1
79876,74,male,Hill,2,primary,1,1,17.6,0,1,1,0,0,32.8,145,0,0,0,0,0,0,0,8.6
42053,42,female,Snow,4,secondary,1,0,0.0,1,1,0,0,0,31.4,130,0,0,0,0,0,0,0,6.7
67051,45,male,Snow,3,secondary,1,0,0.0,0,1,1,0,1,29.3,127,0,0,0,0,0,0,0,8.2
88604,69,female,Snow,3,primary,1,0,0.0,0,0,0,0,0,27.2,128,0,0,0,0,0,0,0,7.2
25441,47,female,Doll,3,primary,0,0,0.0,0,0,1,0,0,24.4,113,0,0,0,0,0,0,0,10.0
99205,61,female,Snow,1,secondary,0,1,18.8,1,1,0,0,1,33.6,138,0,1,1,0,1,0,1,5.2
79833,76,female,Doll,2,secondary,0,0,0.0,0,0,1,0,0,31.8,130,0,0,0,0,0,0,0,8.2
44210,34,male,Doll,4,tertiary,1,0,0.0,0,0,0,1,0,30.8,119,1,0,0,0,0,1,0,4.3
56264,19,male,Nightingale,5,tertiary,1,1,0.3,0,1,0,0,0,23.0,104,0,0,0,0,0,0,0,5.2
75650,63,male,Nightingale,1,secondary,1,1,14.0,1,0,1,0,0,28.3,122,0,0,0,1,0,0,1,5.4
88783,38,male,Nightingale,2,secondary,0,0,0.0,1,0,0,1,0,25.5,119,1,0,0,0,0,0,0,4.7
17723,76,female,Snow,4,tertiary,1,0,0.0,1,0,1,0,0,23.7,133,0,0,0,0,0,0,1,5.5
60648,30,male,Rose,4,secondary,0,0,0.0,0,0,0,0,1,28.3,97,0,0,0,0,0,0,0,4.1
65540,62,male,Doll,4,secondary,0,0,0.0,0,1,0,0,0,31.8,120,0,0,0,0,0,0,0,5.6
80828,48,male,Nightingale,5,tertiary,1,1,11.4,0,1,1,0,0,32.0,133,0,1,0,0,0,0,1,7.7
94178,51,male,Snow,4,tertiary,1,0,0.0,1,0,0,0,0,20.1,119,0,0,0,0,0,1,0,6.4
41961,19,female,Nightingale,3,secondary,0,0,0.0,0,1,0,1,0,34.6,123,0,0,0,0,0,0,0,8.4
59222,34,female,Hill,3,tertiary,1,0,0.0,0,0,0,1,1,23.8,98,0,0,1,0,0,0,0,4.3
72486,41,male,Snow,1,primary,0,1,10.8,0,0,1,0,0,28.6,113,0,1,0,0,0,0,1,7.1
21528,66,female,Doll,5,tertiary,1,0,0.0,0,1,1,0,0,30.9,130,0,0,0,0,0,1,0,6.9
28041,63,male,Doll,2,secondary,1,0,0.0,0,1,0,0,0,25.4,121,0,0,0,0,0,0,0,4.3
34463,76,male,Snow,4,tertiary,1,0,0.0,0,0,0,0,0,31.4,135,0,0,1,0,0,0,1,6.7
49625,21,female,Doll,4,secondary,1,0,0.0,1,0,0,1,0,25.3,114,0,0,0,0,0,0,0,4.3
19196,70,female,Snow,4,tertiary,1,1,27.0,0,1,1,0,0,29.0,141,1,0,0,0,0,1,0,5.6
21045,39,female,Hill,4,secondary,1,0,0.0,0,1,0,0,0,29.1,106,0,0,0,0,0,0,0,8.2
15947,78,male,Doll,4,tertiary,0,0,0.0,0,0,1,0,1,29.0,139,0,0,0,0,0,0,0,8.0
79633,65,female,Rose,3,secondary,1,0,0.0,1,0,0,0,0,26.2,111,0,0,0,0,0,0,1,4.4
93464,56,female,Rose,5,secondary,1,0,0.0,1,0,0,0,0,24.9,102,0,0,0,0,0,0,1,7.4
41718,72,male,Hill,2,secondary,1,0,0.0,0,0,0,0,1,27.5,117,0,1,0,0,0,0,1,4.2
68980,44,female,Rose,4,secondary,0,0,0.0,1,1,1,0,0,26.1,120,0,0,0,0,0,0,0,9.7
86057,22,male,Nightingale,3,secondary,0,0,0.0,0,0,0,1,0,27.4,115,0,0,0,0,0,1,0,9.9
91301,23,female,Snow,1,secondary,0,1,0.9,0,1,1,1,0,31.0,107,0,0,1,0,0,0,1,7.4
72862,72,female,Nightingale,3,secondary,1,0,0.0,0,0,0,0,0,26.8,116,0,0,0,0,0,0,0,5.3
79296,25,male,Snow,3,secondary,1,1,3.3,1,1,0,0,1,31.6,108,0,0,0,1,0,0,1,8.0
79691,79,female,Rose,4,tertiary,0,0,0.0,0,0,0,0,1,24.1,132,0,0,0,0,0,0,0,8.7
37216,48,male,Rose,3,secondary,1,0,0.0,0,0,1,0,0,26.2,126,1,0,0,0,0,0,0,9.7
21980,70,male,Doll,3,tertiary,1,0,0.0,0,0,0,0,0,23.0,140,0,0,0,0,0,0,0,6.9
81249,43,female,Rose,4,tertiary,1,0,0.0,0,0,1,0,0,28.3,100,0,0,0,0,0,0,0,6.1
54632,38,male,Snow,5,secondary,1,1,7.8,0,0,0,0,0,32.9,105,0,0,0,0,0,0,1,6.3
55271,52,female,Snow,4,secondary,0,0,0.0,0,0,0,0,0,26.1,116,0,0,0,0,0,0,1,9.4
27276,66,male,Doll,3,primary,1,0,0.0,0,0,0,0,1,30.1,131,0,0,0,0,0,0,1,6.8
29697,63,female,Snow,1,primary,0,1,18.7,0,0,0,0,0,34.0,114,0,0,0,0,0,0,0,9.5
83508,75,male,Nightingale,5,secondary,0,0,0.0,0,0,0,0,1,23.4,129,0,0,0,0,0,0,0,8.0
90541,60,male,Hill,1,secondary,0,1,9.8,1,1,1,0,0,31.0,124,0,0,0,0,0,0,1,7.1
12322,25,female,Snow,1,secondary,1,1,2.1,1,0,0,0,0,27.8,112,0,0,0,0,0,1,1,7.4
56894,66,male,Rose,4,secondary,1,0,0.0,0,0,0,0,1,30.8,116,0,0,0,0,0,0,0,7.0
47129,30,male,Doll,4,primary,1,0,0.0,0,0,0,0,0,23.9,108,0,0,0,0,0,0,0,4.2
86714,56,male,Rose,5,primary,1,0,0.0,0,0,0,0,0,27.9,130,0,0,0,0,0,0,0,4.5
81417,44,female,Doll,2,primary,0,0,0.0,1,1,1,0,0,28.0,106,0,0,0,0,0,0,0,9.5
34246,54,male,Snow,1,primary,0,1,7.5,0,0,1,0,0,26.3,110,0,0,0,0,0,1,0,4.4
68042,20,female,Nightingale,1,secondary,1,0,0.0,0,1,1,1,0,27.8,120,0,0,0,0,0,0,0,6.3
98858,22,male,Snow,3,tertiary,0,0,0.0,1,0,0,0,0,28.6,107,0,0,0,0,0,0,1,4.5
15398,45,female,Hill,4,secondary,1,0,0.0,0,1,0,0,0,27.0,116,1,0,0,0,0,0,1,6.7
45296,23,female,Nightingale,3,secondary,0,1,0.9,0,0,0,0,0,26.7,98,0,0,0,0,0,0,1,8.0
57227,48,female,Snow,1,primary,0,0,0.0,1,1,0,0,0,30.4,127,0,0,0,0,1,0,1,6.1
15882,56,male,Snow,3,tertiary,1,0,0.0,0,0,1,0,0,29.4,123,0,0,0,0,0,0,0,4.3
94509,46,male,Rose,5,secondary,1,0,0.0,0,0,0,0,0,32.7,133,0,0,0,0,0,0,0,7.5
59063,75,female,Nightingale,2,secondary,1,0,0.0,0,1,0,0,0,34.4,131,0,1,0,0,0,0,1,9.7
44163,68,female,Nightingale,5,tertiary,1,0,0.0,0,1,0,0,0,29.2,136,0,0,0,0,0,0,0,7.2
86815,70,female,Doll,4,secondary,1,0,0.0,1,0,0,0,0,28.0,129,0,0,0,0,0,1,0,5.2
82000,29,female,Snow,3,secondary,0,0,0.0,1,1,0,1,0,27.7,113,0,0,0,0,0,0,0,4.2
28342,44,male,Snow,3,tertiary,1,0,0.0,1,0,0,1,1,26.0,118,0,0,0,0,0,0,0,7.7
85110,77,male,Nightingale,2,secondary,1,1,17.4,1,0,1,0,1,28.4,123,0,0,0,0,0,0,0,7.3
33505,26,female,Hill,5,secondary,1,0,0.0,1,0,1,0,0,31.4,131,0,0,0,0,0,0,0,9.0
81262,28,male,Rose,4,secondary,1,0,0.0,0,0,1,0,0,24.5,105,0,0,0,0,0,0,0,5.0
33015,46,female,Doll,4,tertiary,1,0,0.0,0,0,0,0,0,21.0,104,0,0,0,0,0,0,0,8.9
48110,45,male,Rose,4,tertiary,0,0,0.0,1,0,1,1,0,27.1,119,0,0,0,0,0,0,0,6.8
13465,64,male,Nightingale,1,secondary,1,0,0.0,0,0,0,0,1,31.3,134,0,0,0,0,0,0,0,9.2
88475,44,female,Snow,3,primary,0,1,6.7,0,0,1,0,0,24.9,124,0,0,0,0,0,0,0,7.4
93502,68,male,Hill,5,tertiary,1,0,0.0,1,0,0,0,0,29.8,113,0,0,0,0,0,0,1,8.2
64599,26,male,Nightingale,4,primary,0,0,0.0,0,0,0,1,1,27.7,117,0,0,0,0,0,0,0,5.1
58654,63,female,Hill,3,tertiary,0,0,0.0,0,1,0,0,0,32.1,119,0,0,0,0,1,0,1,6.5
78941,71,male,Snow,1,secondary,1,0,0.0,0,0,0,0,0,27.8,146,0,0,0,0,0,1,0,5.6
62386,71,female,Rose,5,secondary,1,0,0.0,0,0,1,0,0,33.7,145,0,0,0,0,0,0,1,5.0
13188,73,male,Doll,5,secondary,1,0,0.0,0,0,0,0,1,20.9,118,0,0,0,0,0,0,1,8.4
27438,29,male,Nightingale,2,secondary,0,0,0.0,0,1,0,0,0,31.5,93,0,0,0,0,0,0,0,6.9
32626,25,male,Hill,2,secondary,1,0,0.0,1,0,0,1,0,21.8,113,0,0,0,0,0,0,0,9.5
83923,71,female,Snow,2,secondary,0,1,18.1,0,1,0,0,1,29.0,152,0,0,1,0,0,0,0,8.8
70647,60,female,Hill,2,secondary,0,0,0.0,0,0,0,0,0,33.0,134,0,0,0,0,1,0,1,5.0
93356,25,female,Snow,2,secondary,1,0,0.0,1,1,0,0,0,29.5,96,0,0,0,0,0,0,0,5.7
99385,41,male,Rose,3,tertiary,1,0,0.0,1,0,0,0,1,22.8,106,0,1,0,0,0,1,0,5.5
61955,20,female,Snow,3,tertiary,1,0,0.0,1,0,0,0,0,29.5,90,0,0,0,0,0,0,0,9.2
57596,65,female,Doll,3,secondary,1,0,0.0,0,0,1,0,0,31.6,110,0,0,0,0,1,0,0,5.8
96832,70,female,Doll,5,tertiary,1,1,22.8,1,0,0,0,1,23.7,136,0,0,0,0,0,0,0,5.4
82617,68,male,Snow,2,secondary,0,0,0.0,0,0,1,0,0,29.9,119,0,0,0,0,0,0,0,5.1
19935,32,male,Doll,3,tertiary,0,0,0.0,0,0,0,1,0,31.6,116,0,0,0,0,0,0,0,6.5
83027,72,female,Doll,4,secondary,0,0,0.0,0,0,0,0,0,27.9,128,0,0,0,0,0,0,1,8.2
13925,43,male,Nightingale,1,secondary,1,0,0.0,0,1,0,0,1,23.1,100,0,0,0,0,0,0,1,8.2
22494,69,male,Rose,5,secondary,0,0,0.0,0,0,1,0,1,31.4,127,0,0,0,0,0,0,0,6.2
35571,27,female,Snow,4,primary,0,0,0.0,0,0,0,0,0,30.7,115,0,0,0,0,0,0,0,5.1
77597,64,female,Hill,4,secondary,1,1,18.0,0,0,1,0,0,25.6,124,1,0,0,0,0,0,0,8.0
78060,50,male,Nightingale,4,secondary,1,0,0.0,0,0,0,0,1,25.5,118,0,0,0,0,0,0,0,8.8
30270,70,female,Doll,3,primary,0,1,15.1,0,0,1,0,1,31.7,138,1,1,0,0,0,0,1,5.9
39444,48,male,Hill,2,secondary,1,0,0.0,0,1,1,0,1,30.6,114,1,0,0,0,1,0,1,6.2
52774,79,female,Nightingale,1,secondary,0,0,0.0,1,1,0,0,1,28.3,135,0,0,1,0,0,0,0,7.1
72829,38,female,Rose,5,tertiary,0,0,0.0,0,0,1,0,0,31.4,104,0,0,0,0,0,0,0,6.0
84234,51,female,Snow,2,secondary,0,0,0.0,1,0,1,0,0,25.8,101,0,0,0,0,0,0,0,5.5
73358,31,male,Hill,5,secondary,1,0,0.0,1,0,0,0,0,24.5,90,0,0,0,0,0,0,0,6.0
35269,66,female,Nightingale,2,secondary,0,1,22.9,1,0,1,0,1,27.0,125,0,0,0,0,0,0,0,4.5
16266,60,male,Hill,3,primary,1,0,0.0,0,0,1,1,0,32.7,140,0,0,0,0,0,0,0,8.6
77235,24,female,Hill,5,tertiary,0,0,0.0,1,0,0,0,0,18.9,101,0,0,0,0,0,0,0,4.1
33844,35,female,Rose,4,secondary,0,0,0.0,0,1,0,1,0,30.1,109,0,0,0,0,0,0,0,7.5
12938,36,male,Rose,3,secondary,0,0,0.0,0,1,1,0,0,30.5,114,1,0,0,0,0,0,0,9.1
36919,69,female,Snow,2,primary,1,1,11.9,1,1,1,0,1,31.4,141,1,0,0,1,0,0,1,5.7
54830,70,female,Nightingale,1,primary,0,1,25.1,0,0,1,0,1,31.3,135,0,0,0,0,0,0,0,8.3
68983,70,female,Hill,2,secondary,1,0,0.0,0,1,1,0,0,33.1,130,0,0,0,0,0,0,0,7.7
31422,69,male,Doll,4,tertiary,1,0,0.0,1,0,1,0,0,24.4,127,0,0,0,0,0,0,0,6.5
60737,61,female,Rose,4,secondary,0,1,13.0,0,0,0,0,0,23.7,137,0,0,0,0,0,0,0,9.6
95451,41,female,Hill,1,primary,0,1,10.0,1,1,0,0,1,31.5,115,0,0,1,0,0,0,0,9.4
21509,31,female,Rose,3,tertiary,1,0,0.0,1,0,0,1,0,29.4,125,0,0,0,0,0,1,0,7.3
63911,77,female,Hill,2,secondary,0,0,0.0,0,0,1,0,0,29.0,122,0,0,1,0,0,0,1,6.2
76956,41,female,Rose,5,primary,1,0,0.0,0,0,0,0,0,23.3,106,1,0,0,0,0,0,0,6.8
55244,20,female,Nightingale,2,primary,0,0,0.0,0,0,0,0,0,25.7,117,0,0,0,0,0,0,0,5.0
85127,62,male,Rose,4,secondary,0,0,0.0,0,0,1,0,0,22.7,120,0,0,0,0,0,0,1,9.1
72967,68,female,Hill,1,secondary,1,0,0.0,1,1,1,0,0,33.9,124,0,0,0,0,1,0,1,6.7
56051,64,female,Nightingale,1,primary,1,1,9.6,1,1,0,0,0,25.8,112,0,0,0,1,1,0,1,6.1
76864,24,female,Doll,3,tertiary,1,0,0.0,1,1,0,1,0,24.8,90,0,0,0,0,0,1,0,6.5
23223,54,male,Nightingale,4,tertiary,0,0,0.0,1,0,0,0,0,24.5,115,1,0,0,0,0,0,0,7.4
61987,65,male,Snow,1,secondary,0,0,0.0,0,0,0,1,0,27.5,126,0,0,0,0,0,0,0,7.2
67865,74,female,Nightingale,5,secondary,0,0,0.0,1,0,1,0,0,28.8,124,0,0,0,0,0,0,0,6.3
96721,20,female,Snow,3,secondary,0,0,0.0,1,0,0,0,1,30.4,111,0,0,0,0,0,0,0,5.7
29684,77,male,Snow,4,tertiary,1,1,18.8,0,1,1,0,0,37.4,147,0,0,0,0,0,0,0,4.2
68186,47,male,Hill,3,primary,1,0,0.0,0,0,1,0,0,30.9,115,0,0,0,0,0,0,0,4.8
24230,33,female,Snow,3,secondary,1,0,0.0,0,0,0,0,0,26.4,102,0,0,0,0,0,0,0,9.6
47732,48,male,Nightingale,3,tertiary,1,1,11.1,0,1,1,1,0,36.2,132,0,0,0,0,0,0,0,9.2
15930,76,male,Snow,2,secondary,1,1,21.6,1,0,0,0,0,32.1,143,1,1,0,0,0,0,1,9.6
75407,39,female,Snow,1,secondary,1,0,0.0,1,1,1,0,0,28.2,106,0,1,0,0,0,1,1,5.2
49681,77,female,Rose,5,tertiary,0,1,12.4,1,0,1,0,0,26.5,124,1,0,0,0,0,0,0,9.2
91510,22,male,Hill,3,secondary,0,0,0.0,0,0,1,0,0,30.8,95,0,0,1,0,0,0,1,4.6
18467,36,female,Snow,1,primary,0,0,0.0,1,1,1,0,0,27.1,105,0,0,0,0,0,0,0,5.3
80694,76,female,Hill,2,secondary,1,1,15.3,0,0,1,0,1,29.8,155,0,0,0,0,0,0,1,8.1
34504,79,female,Doll,3,secondary,1,0,0.0,0,1,1,0,1,26.9,141,0,0,0,0,1,0,1,4.5
57580,61,male,Rose,5,tertiary,0,0,0.0,0,1,1,0,0,38.5,134,0,0,0,0,1,0,1,8.9
44639,63,female,Hill,5,secondary,1,1,18.2,0,0,0,0,0,28.1,131,0,0,0,0,0,0,0,6.4
91524,45,male,Snow,4,secondary,0,0,0.0,1,0,0,1,0,29.1,128,0,0,0,0,0,0,0,4.5
21825,72,female,Hill,2,secondary,0,0,0.0,0,0,1,0,0,35.9,120,0,0,0,0,0,0,0,9.1
79247,54,male,Snow,4,secondary,0,0,0.0,1,1,0,0,0,26.6,116,0,0,0,0,0,0,0,9.0
39688,50,male,Rose,2,secondary,1,1,8.6,0,1,1,0,0,29.8,118,0,0,0,0,0,0,0,7.5
25701,51,male,Hill,3,secondary,0,0,0.0,0,0,0,0,1,25.7,123,0,0,0,0,0,0,0,8.1
53697,29,male,Snow,3,secondary,1,1,3.2,0,0,1,0,0,27.7,111,0,0,0,0,0,0,0,5.9
51788,26,female,Nightingale,1,secondary,0,1,2.1,0,0,1,1,0,28.9,122,0,0,0,0,0,1,0,4.3
47560,43,male,Doll,2,secondary,0,0,0.0,0,0,1,1,1,30.6,117,0,0,0,0,0,1,0,9.7
74576,72,male,Doll,3,primary,1,0,0.0,0,0,0,0,0,25.2,120,0,0,0,0,0,1,0,5.8
14883,52,female,Doll,4,secondary,0,1,7.5,1,1,0,0,0,30.2,139,0,0,0,0,0,0,0,7.9
19408,26,male,Hill,3,secondary,1,0,0.0,1,0,1,0,0,28.9,118,0,0,0,0,0,0,0,6.9
31211,64,male,Rose,3,tertiary,1,1,9.9,0,0,0,0,0,31.1,133,0,1,0,0,0,0,0,10.0
32739,76,female,Nightingale,4,secondary,1,0,0.0,1,0,1,0,0,32.3,122,0,0,0,0,0,0,1,9.3
43294,48,female,Snow,3,secondary,1,1,6.9,1,0,0,0,0,26.8,129,0,0,0,0,0,0,1,9.3
85188,51,male,Snow,1,primary,1,1,6.2,0,1,0,1,0,28.9,113,0,0,0,0,0,1,0,7.7
60173,59,male,Doll,5,tertiary,1,0,0.0,1,0,0,0,0,30.8,127,0,0,0,0,0,0,1,5.2
97088,48,female,Nightingale,2,secondary,1,1,8.2,0,1,0,0,0,26.2,109,1,0,0,0,0,0,0,7.0
37281,36,female,Rose,2,secondary,0,0,0.0,1,0,1,0,0,24.0,111,0,0,0,0,0,0,0,9.9
40322,30,female,Doll,5,secondary,1,0,0.0,0,1,1,1,0,31.2,113,0,0,0,0,0,0,0,9.2
73148,51,male,Rose,4,secondary,1,1,16.1,0,1,0,0,0,28.1,116,0,0,0,1,0,0,1,4.8
40089,73,female,Hill,4,tertiary,1,0,0.0,1,0,1,0,0,26.6,110,1,0,0,0,0,0,0,5.7
36645,35,female,Doll,5,secondary,1,0,0.0,0,1,0,0,0,33.5,102,0,1,0,0,0,0,1,9.0
93776,77,male,Snow,1,tertiary,0,0,0.0,0,0,1,0,0,36.0,135,0,0,0,0,1,1,0,8.5
96800,59,female,Nightingale,1,secondary,0,1,14.6,1,1,0,0,1,23.1,133,0,1,0,0,0,0,0,8.6
73813,51,male,Doll,3,primary,1,0,0.0,0,0,1,0,0,30.0,119,0,0,0,0,1,0,1,4.5
18875,75,male,Nightingale,3,secondary,0,0,0.0,1,1,1,0,0,30.7,141,1,1,0,0,1,0,0,9.2
90525,31,male,Nightingale,3,secondary,1,0,0.0,0,1,0,1,0,26.4,110,0,0,0,0,0,0,1,6.4
88283,72,male,Nightingale,2,secondary,0,0,0.0,0,1,1,0,0,27.1,115,0,0,0,0,0,0,0,6.4
24623,44,male,Hill,1,primary,0,1,7.2,1,0,0,0,1,25.8,122,0,0,0,0,0,0,0,8.7
99739,25,female,Rose,2,tertiary,1,0,0.0,0,1,1,0,1,29.4,100,0,0,1,0,0,0,1,8.2
14179,66,male,Rose,4,secondary,1,1,12.6,0,0,1,0,1,36.1,122,0,0,0,0,0,0,0,9.6
22958,55,male,Hill,4,tertiary,1,0,0.0,0,1,0,1,0,26.8,119,0,0,0,0,0,0,0,9.6
71169,50,female,Snow,3,secondary,1,0,0.0,1,0,0,0,0,26.7,123,1,0,0,0,0,0,0,5.0
24776,25,female,Snow,4,primary,1,0,0.0,1,1,1,0,0,24.8,103,0,0,0,0,0,0,0,4.4
41124,25,male,Snow,4,secondary,1,0,0.0,0,0,0,0,0,23.7,107,1,0,0,0,0,0,0,9.4
16850,34,male,Nightingale,4,secondary,1,0,0.0,0,1,1,1,0,25.7,115,0,0,0,0,0,0,0,9.3
74787,45,male,Doll,5,tertiary,0,0,0.0,0,0,0,0,1,28.0,115,0,0,0,0,0,0,0,8.4
41872,23,female,Doll,2,secondary,0,1,1.9,1,1,0,0,0,26.9,94,0,0,1,0,0,0,0,6.5
82789,34,female,Rose,3,primary,1,0,0.0,1,1,1,0,0,33.3,122,1,0,0,0,0,0,0,8.3
62660,45,female,Doll,5,secondary,1,0,0.0,1,0,0,0,0,30.0,112,0,0,0,0,0,0,0,8.9
75982,59,male,Hill,2,secondary,1,0,0.0,1,0,1,1,0,31.7,123,0,1,0,0,0,0,0,7.8
92852,49,male,Hill,2,tertiary,1,1,10.5,1,0,1,0,0,28.2,120,0,0,1,0,0,0,1,6.3
98923,41,male,Hill,3,secondary,1,0,0.0,0,0,1,1,0,27.4,114,0,0,0,0,0,0,0,5.2
36677,43,male,Snow,2,secondary,1,1,12.3,0,1,0,0,1,31.3,109,0,1,0,0,0,1,0,9.6
71633,74,male,Rose,3,secondary,0,0,0.0,0,0,0,0,0,28.5,133,0,0,0,0,0,0,0,8.7
27881,70,female,Rose,3,secondary,0,0,0.0,1,0,0,0,0,24.1,132,0,0,0,0,0,0,0,6.6
88854,76,male,Nightingale,5,tertiary,1,1,12.7,1,0,0,0,1,20.8,138,0,1,0,1,0,0,1,9.4
63732,40,male,Doll,5,tertiary,1,1,10.9,1,0,1,0,0,26.1,104,0,0,0,0,0,0,1,6.1
62279,78,male,Nightingale,2,secondary,1,0,0.0,0,1,1,0,1,31.0,129,0,0,0,0,0,0,0,6.2
25904,49,male,Snow,1,primary,0,1,9.7,0,0,0,0,1,24.7,126,0,0,0,0,0,0,0,9.0
23845,20,female,Hill,2,secondary,1,0,0.0,1,0,1,0,1,25.2,119,0,0,1,0,0,0,0,8.7
33840,37,male,Hill,4,secondary,1,1,3.4,0,1,1,1,0,30.5,109,0,0,0,0,0,0,0,7.4
24962,77,female,Snow,4,secondary,1,0,0.0,0,1,1,0,0,26.4,132,1,0,0,0,0,0,0,7.1
61999,34,male,Snow,1,secondary,0,0,0.0,0,0,0,1,0,31.7,96,0,0,0,0,0,1,0,7.6
43913,34,male,Hill,2,primary,0,0,0.0,1,1,0,0,0,26.9,124,0,0,0,0,0,0,0,4.9
52232,25,female,Doll,4,secondary,1,0,0.0,0,0,0,1,1,26.6,107,0,0,1,0,0,0,1,7.5
26371,35,female,Doll,4,secondary,1,0,0.0,1,1,0,1,1,32.2,117,0,1,1,0,0,0,1,4.9
26437,54,male,Doll,2,secondary,0,1,17.3,0,1,1,1,0,29.4,123,0,0,0,0,0,0,0,6.8
70278,78,female,Snow,2,primary,0,1,10.7,0,0,0,0,0,28.9,140,0,0,0,0,0,0,0,6.7
36165,28,female,Hill,2,primary,0,1,2.1,0,0,0,0,0,31.0,115,0,0,0,0,0,0,0,5.7
49115,53,male,Hill,4,secondary,1,0,0.0,0,0,0,0,0,30.1,114,0,0,0,0,0,0,0,6.9
20806,35,female,Hill,3,primary,0,0,0.0,1,1,0,1,0,29.6,103,0,0,0,0,0,0,0,9.0
93230,65,male,Hill,2,primary,1,1,13.9,0,0,1,0,1,33.0,126,0,0,0,0,0,0,0,9.8
73253,54,female,Snow,1,primary,0,0,0.0,1,0,1,0,0,38.5,123,1,1,1,0,0,0,1,9.7
85436,30,female,Doll,3,secondary,1,0,0.0,1,0,0,0,0,29.4,128,0,0,0,0,0,0,0,8.9
24766,52,male,Hill,3,tertiary,1,0,0.0,1,0,0,0,1,30.3,119,0,0,1,0,0,0,0,6.1
79141,38,female,Snow,2,secondary,1,0,0.0,0,1,0,0,0,32.1,125,0,0,0,0,0,0,1,9.2
42614,35,male,Rose,5,secondary,1,0,0.0,0,0,1,1,0,26.9,119,1,0,0,0,0,0,0,8.8
51224,71,female,Rose,2,secondary,1,0,0.0,1,0,0,0,1,31.3,133,0,0,0,0,0,0,0,4.3
81543,70,female,Rose,4,tertiary,0,0,0.0,0,0,1,0,0,30.1,110,0,0,0,0,0,0,0,4.1
92637,36,female,Hill,3,secondary,0,1,5.5,1,0,1,1,0,30.6,118,0,0,0,0,0,0,0,4.3
14265,18,female,Doll,5,tertiary,1,0,0.0,0,0,0,0,1,22.6,101,0,0,0,0,0,0,0,8.7
20299,44,female,Rose,3,secondary,1,1,7.4,1,1,0,0,0,26.7,111,0,0,1,0,0,0,1,6.2
95554,22,male,Doll,2,secondary,0,1,1.3,0,0,0,1,0,26.7,110,0,0,0,0,0,0,0,9.9
88819,44,female,Rose,2,primary,1,0,0.0,0,1,0,0,0,30.2,114,0,0,0,0,0,0,1,6.1
40484,61,female,Rose,2,secondary,1,0,0.0,0,0,1,0,0,27.5,123,0,0,0,0,0,0,0,6.5
20242,54,male,Rose,2,secondary,0,1,15.7,1,1,1,0,0,39.5,131,0,0,0,0,0,0,0,7.9
70380,45,male,Doll,3,secondary,0,0,0.0,1,0,0,0,0,26.2,124,0,0,0,0,0,1,0,6.4
40304,24,male,Doll,2,secondary,0,0,0.0,0,0,0,0,0,30.7,105,0,0,0,0,0,0,0,7.1
20850,77,female,Snow,2,tertiary,0,1,22.4,1,0,0,0,1,32.8,143,0,1,0,0,0,0,0,6.0
96716,43,male,Rose,3,secondary,1,0,0.0,0,0,1,0,0,24.9,104,0,0,0,0,0,1,1,10.0
48705,77,female,Snow,3,secondary,0,0,0.0,1,1,0,1,0,29.4,127,0,0,0,0,0,0,0,6.1
32304,61,female,Hill,5,secondary,1,0,0.0,0,0,0,0,0,27.2,126,1,0,0,0,0,0,1,6.7
88376,35,male,Nightingale,4,secondary,1,0,0.0,1,0,0,0,0,26.5,100,0,0,1,0,0,0,1,7.9
87065,75,female,Nightingale,3,tertiary,1,0,0.0,0,0,1,0,0,33.7,127,1,0,0,0,0,1,0,4.0
45943,22,female,Doll,2,secondary,1,0,0.0,0,0,1,0,0,24.7,104,0,0,0,0,0,0,0,6.3
32236,47,female,Rose,3,primary,1,0,0.0,0,1,1,0,1,23.8,119,0,0,0,0,0,0,0,4.4
73476,63,female,Rose,5,primary,0,0,0.0,1,0,1,0,0,27.2,121,0,1,0,0,0,0,0,9.5
64367,79,female,Doll,5,secondary,1,1,13.5,0,0,1,0,0,33.4,129,0,0,0,0,1,0,1,5.7
82142,79,male,Snow,3,secondary,1,0,0.0,0,1,0,0,0,33.1,138,1,0,0,0,0,1,1,8.8
10413,32,male,Rose,4,tertiary,1,0,0.0,0,1,1,0,0,22.4,106,0,0,0,0,0,0,0,6.5
64895,59,female,Nightingale,4,secondary,0,1,17.1,0,0,1,0,0,28.9,128,0,0,0,0,0,0,0,7.4
63518,40,female,Rose,5,tertiary,1,0,0.0,0,0,0,1,1,22.5,101,0,0,0,0,0,0,0,9.2
81619,27,female,Nightingale,2,secondary,0,1,2.3,1,1,0,0,0,29.5,99,0,0,0,0,0,0,0,9.5
50134,36,female,Nightingale,4,primary,1,0,0.0,1,0,1,0,0,32.3,102,1,0,0,0,0,0,1,5.6
86750,25,male,Snow,1,primary,1,0,0.0,0,0,0,0,0,25.9,98,0,0,1,0,0,0,0,7.7
11520,61,male,Nightingale,4,tertiary,0,0,0.0,0,0,0,0,0,19.8,123,0,0,1,0,0,1,0,8.2
79033,22,female,Hill,5,primary,1,0,0.0,0,1,0,1,0,25.4,110,0,0,1,0,0,1,1,4.8
84929,73,male,Doll,5,secondary,1,0,0.0,1,1,0,0,0,30.2,119,0,0,0,0,0,0,0,6.2
52825,24,female,Snow,1,secondary,0,1,2.8,1,1,1,0,0,28.0,91,0,0,0,0,0,0,0,4.1
21778,23,female,Doll,3,secondary,1,0,0.0,0,1,0,0,0,22.9,99,0,1,0,0,0,0,1,6.0
24536,56,male,Snow,2,secondary,1,1,8.2,0,1,0,0,0,32.9,131,0,0,0,0,0,0,0,7.4
57958,56,female,Nightingale,1,primary,1,0,0.0,1,1,1,0,0,27.1,120,0,0,0,0,0,1,1,7.1
16869,33,female,Snow,2,secondary,0,0,0.0,0,0,0,1,0,28.0,106,0,0,0,0,1,0,1,5.4
37473,22,female,Nightingale,5,tertiary,1,0,0.0,0,1,1,0,0,31.4,109,0,0,0,0,0,0,1,4.6
19141,59,female,Snow,4,tertiary,0,1,14.3,0,0,1,0,0,25.9,124,1,1,0,1,0,0,0,6.3
25636,58,female,Hill,1,primary,0,1,9.4,0,0,1,0,1,31.7,141,1,0,0,0,1,0,0,7.3
29782,26,female,Doll,3,tertiary,0,0,0.0,0,0,0,1,0,19.3,108,0,0,0,0,0,0,0,9.7
81944,26,female,Nightingale,5,secondary,0,1,2.8,0,0,1,1,0,27.8,124,0,0,0,0,0,0,0,6.8
24409,32,male,Rose,5,tertiary,1,0,0.0,0,0,0,1,0,22.5,97,0,0,0,0,0,0,0,4.5
36061,62,male,Nightingale,4,tertiary,1,0,0.0,0,1,1,0,0,33.8,133,0,0,0,0,1,0,1,7.9
36776,65,female,Doll,3,tertiary,0,0,0.0,0,0,0,0,1,18.0,122,0,0,0,0,0,0,0,7.1
89980,26,male,Nightingale,5,tertiary,1,0,0.0,0,0,1,1,0,27.0,124,0,0,0,0,0,0,1,5.6
91013,18,female,Rose,2,primary,1,0,0.0,1,0,1,0,0,27.4,103,0,0,1,0,0,0,1,5.2
47432,78,male,Nightingale,3,tertiary,1,0,0.0,0,0,0,0,0,28.1,135,0,0,0,0,0,0,0,6.1
98428,20,female,Nightingale,2,tertiary,0,1,0.6,1,0,1,0,1,23.5,121,0,0,1,0,0,0,1,5.4
77939,40,female,Rose,2,primary,0,0,0.0,0,0,1,0,1,23.7,124,0,0,0,0,1,0,0,9.9
35595,78,female,Snow,2,tertiary,0,0,0.0,0,1,1,0,0,37.1,128,0,1,0,0,1,0,0,7.3
92443,19,female,Nightingale,2,secondary,0,0,0.0,1,1,1,0,0,30.5,90,0,0,0,0,0,0,1,9.0
69376,54,female,Nightingale,1,secondary,1,1,9.1,0,0,0,0,0,27.4,129,0,0,0,0,0,0,0,9.0
39521,55,male,Hill,4,tertiary,1,0,0.0,1,0,1,0,0,20.4,119,0,0,0,0,0,0,0,5.6
11268,53,male,Rose,5,tertiary,1,0,0.0,0,1,1,0,1,32.8,114,1,0,0,0,0,0,0,6.0
96102,25,male,Rose,5,secondary,1,0,0.0,0,0,0,1,0,23.2,101,1,0,1,0,0,0,1,8.7
78323,44,male,Doll,2,secondary,0,0,0.0,0,1,0,1,0,32.3,125,0,0,0,0,0,0,0,5.6
19424,36,female,Rose,3,secondary,1,0,0.0,0,1,0,1,0,32.6,131,0,0,0,0,0,1,1,4.3
18571,46,female,Nightingale,2,primary,1,0,0.0,0,0,1,0,0,29.1,105,0,0,0,0,0,0,0,6.4
51581,33,male,Nightingale,4,primary,1,1,3.3,0,0,1,0,0,26.2,107,0,0,0,0,0,0,0,9.3
54111,57,male,Hill,5,secondary,0,0,0.0,1,1,0,0,0,26.1,126,0,0,0,0,0,0,0,5.3
31399,20,male,Rose,2,primary,0,1,0.5,1,1,0,1,0,31.5,101,0,0,0,0,0,0,1,6.0
65063,54,female,Hill,3,secondary,1,1,12.4,1,0,0,0,0,25.4,142,0,0,0,1,0,0,1,9.2
50941,40,female,Rose,3,primary,1,0,0.0,0,1,1,0,0,30.8,112,0,0,0,0,0,0,0,9.9
87841,70,male,Rose,3,tertiary,1,0,0.0,1,0,0,0,0,28.7,143,0,1,0,0,0,0,0,6.8
95807,55,female,Doll,5,tertiary,1,0,0.0,0,1,0,0,0,29.4,118,1,0,0,0,0,0,0,7.2
78827,68,female,Snow,2,secondary,0,0,0.0,0,0,0,0,0,26.9,146,0,0,0,0,0,0,0,8.9
84346,18,female,Nightingale,1,primary,1,0,0.0,1,1,1,1,0,23.7,113,0,0,0,0,0,0,0,5.8
35535,21,female,Nightingale,3,tertiary,1,1,0.8,0,1,1,0,0,35.3,111,1,0,0,0,0,0,0,4.1
58849,23,male,Rose,3,secondary,1,0,0.0,1,0,0,0,0,28.5,110,0,0,0,0,0,0,1,7.3
82017,60,male,Snow,3,tertiary,1,0,0.0,0,0,1,1,1,37.2,132,0,0,1,0,0,0,1,5.3
27661,41,female,Doll,5,secondary,1,0,0.0,1,0,1,0,0,24.5,122,0,0,0,0,0,0,0,8.1
90150,55,female,Rose,5,tertiary,1,0,0.0,1,0,1,0,0,27.6,118,0,0,1,0,0,0,1,6.9
68678,54,male,Hill,2,secondary,1,1,7.2,1,0,0,1,0,24.1,136,1,0,0,0,0,0,0,5.4
93598,55,female,Hill,4,secondary,1,0,0.0,0,0,0,0,0,28.2,118,0,0,0,0,0,0,0,7.0
39342,34,female,Rose,5,secondary,1,0,0.0,0,0,0,1,1,24.2,123,0,0,0,0,0,0,0,4.6
42253,31,male,Doll,4,tertiary,1,0,0.0,0,0,1,0,0,25.4,111,0,0,0,0,0,0,0,6.1
40729,49,female,Snow,1,secondary,0,0,0.0,0,1,0,0,0,24.7,112,1,0,0,0,0,0,0,7.9
60009,70,female,Nightingale,2,tertiary,0,1,13.2,1,1,0,0,0,27.6,114,0,0,0,0,0,0,0,9.9
38335,43,male,Doll,4,tertiary,1,0,0.0,1,1,0,0,0,33.4,130,0,0,1,0,0,0,0,6.9
55457,42,female,Snow,2,secondary,0,1,8.7,0,0,0,0,0,21.9,114,0,0,0,0,0,0,0,8.1
47171,36,male,Hill,3,primary,0,0,0.0,0,0,0,0,0,19.5,103,0,0,0,0,0,0,0,8.1
22798,75,female,Nightingale,1,secondary,0,1,17.6,1,0,1,0,1,28.3,134,0,0,1,1,0,0,1,9.4
64582,25,female,Hill,2,primary,0,0,0.0,1,0,1,1,1,32.3,108,0,0,0,0,0,0,0,7.4
68505,55,male,Hill,3,tertiary,1,0,0.0,1,1,1,0,0,29.8,123,1,0,0,0,0,0,0,9.1
58913,32,female,Doll,4,secondary,1,0,0.0,1,0,0,0,0,20.7,111,0,0,0,0,0,0,0,7.6
82417,44,female,Doll,5,tertiary,1,0,0.0,0,0,1,0,0,26.3,107,0,0,0,0,0,0,0,6.5
33644,61,female,Snow,3,primary,1,0,0.0,1,0,1,1,0,31.7,149,0,0,0,0,0,0,1,5.5
22738,24,female,Hill,5,tertiary,1,0,0.0,0,0,1,0,0,29.1,119,0,0,0,0,1,0,1,8.1
72745,23,female,Nightingale,3,tertiary,0,0,0.0,0,1,0,0,0,25.0,125,0,0,0,0,0,0,0,8.3
33304,77,female,Rose,2,primary,0,1,10.4,1,0,1,0,0,27.1,122,0,0,0,1,0,0,1,7.1
87395,18,male,Snow,2,secondary,1,1,0.0,1,0,0,0,0,24.8,99,0,0,1,0,0,0,1,5.0
31475,70,male,Nightingale,2,secondary,1,0,0.0,0,1,0,0,1,27.1,139,0,0,0,0,0,0,0,5.6
83904,69,male,Snow,2,secondary,1,0,0.0,1,0,0,0,1,37.7,134,0,0,0,0,0,1,0,6.8
10641,40,male,Nightingale,3,secondary,1,0,0.0,0,0,1,0,0,24.9,105,1,0,0,0,0,0,0,6.6
50958,33,male,Nightingale,4,primary,1,0,0.0,1,1,1,1,0,28.4,119,0,0,0,0,0,0,1,8.2
24926,74,female,Doll,5,tertiary,1,0,0.0,0,0,0,0,0,25.1,123,0,0,0,0,0,0,0,6.2
38450,24,female,Snow,3,secondary,1,0,0.0,0,0,1,0,1,34.1,102,0,0,0,0,0,0,0,9.4
85405,26,male,Doll,3,secondary,0,0,0.0,1,0,1,0,0,30.4,103,0,0,0,0,0,1,0,4.9
87658,33,male,Nightingale,3,secondary,1,0,0.0,0,0,1,1,0,27.2,117,0,0,0,0,0,1,0,5.1
89484,37,female,Nightingale,5,tertiary,1,0,0.0,0,0,0,0,0,25.8,101,0,0,0,0,0,0,1,6.2
94447,41,female,Doll,3,secondary,1,0,0.0,0,1,1,0,0,32.2,110,0,1,0,0,0,0,0,4.1
56764,53,female,Nightingale,3,tertiary,0,1,6.3,1,0,0,1,1,27.6,122,0,0,0,0,0,1,0,5.0
77044,22,male,Nightingale,3,primary,0,0,0.0,1,0,0,0,0,30.4,103,0,0,0,0,0,0,0,8.9
52890,24,female,Hill,2,secondary,0,0,0.0,1,1,0,1,0,27.9,99,0,0,1,0,0,0,1,8.2
86066,58,male,Hill,4,secondary,0,1,11.9,1,0,1,0,1,28.2,119,0,0,0,0,0,0,0,6.9
12481,75,female,Rose,4,secondary,1,0,0.0,0,0,0,0,0,26.8,108,1,0,0,0,0,0,1,5.2
37292,78,female,Nightingale,5,tertiary,1,0,0.0,1,1,1,0,0,33.1,132,0,0,0,0,1,1,1,7.1
57939,44,male,Nightingale,4,primary,1,0,0.0,0,0,1,1,0,23.8,102,1,0,0,0,0,0,0,4.0
80993,73,female,Doll,2,secondary,0,0,0.0,0,0,1,0,0,29.6,141,0,0,0,0,0,0,0,7.4
97616,21,male,Hill,1,primary,0,1,1.1,1,0,0,0,0,21.8,112,0,0,0,0,0,0,0,4.7
60109,28,male,Rose,3,primary,0,0,0.0,1,0,0,0,0,26.0,101,0,0,0,0,0,0,0,7.4
19042,29,female,Rose,5,tertiary,1,0,0.0,0,0,0,0,0,23.3,103,0,0,0,0,0,0,1,9.8
43191,70,male,Doll,5,secondary,1,0,0.0,1,0,0,0,0,28.8,128,0,0,0,0,0,0,0,8.9
75673,34,female,Snow,1,secondary,0,0,0.0,0,1,0,0,0,25.1,90,0,0,0,0,0,0,0,8.6
98647,78,female,Rose,4,secondary,1,0,0.0,1,0,0,0,0,30.3,118,0,0,0,0,0,0,0,9.7
95645,19,female,Doll,4,secondary,1,0,0.0,0,0,1,0,0,22.3,107,0,0,0,0,0,0,0,5.0
34650,57,female,Nightingale,1,secondary,1,0,0.0,0,1,1,0,0,26.1,128,0,0,1,0,0,0,1,9.6
10747,22,female,Snow,2,primary,0,1,2.1,0,1,1,0,0,27.7,90,0,0,0,0,0,1,0,5.4
63756,77,male,Rose,5,tertiary,0,0,0.0,0,0,1,0,0,31.4,130,1,0,0,0,1,0,0,8.6
42593,31,female,Nightingale,5,secondary,1,0,0.0,0,1,0,0,0,28.5,105,0,0,0,0,0,0,0,5.5
72336,68,female,Nightingale,2,secondary,0,0,0.0,0,1,1,0,0,40.7,137,0,0,0,0,1,1,1,6.7
60093,77,female,Hill,5,secondary,0,0,0.0,1,0,0,0,1,24.2,127,0,0,0,0,1,0,1,9.4
57815,61,male,Doll,4,secondary,1,0,0.0,0,0,1,0,1,29.1,129,0,1,0,0,0,0,0,7.9
92399,21,female,Nightingale,2,secondary,1,0,0.0,1,0,0,0,0,21.5,109,0,0,0,0,0,0,1,8.8
94397,43,female,Snow,2,tertiary,0,1,7.8,1,1,0,0,0,20.8,102,0,0,0,0,0,0,0,8.0
10399,36,male,Hill,5,tertiary,1,0,0.0,0,1,0,1,1,25.5,107,1,0,0,0,0,0,0,5.6
66869,66,female,Hill,5,primary,1,0,0.0,0,0,0,0,1,19.1,125,0,0,0,0,0,0,0,9.4
23282,79,female,Hill,5,tertiary,1,0,0.0,1,0,1,0,0,25.2,128,1,0,0,0,0,0,0,4.0
47663,22,male,Nightingale,4,primary,1,0,0.0,1,1,0,0,0,28.0,98,0,0,0,0,0,0,0,9.2
39886,27,male,Doll,4,tertiary,1,0,0.0,0,0,0,0,0,20.4,107,0,0,0,0,0,0,1,9.0
66676,57,female,Nightingale,1,primary,1,0,0.0,0,1,0,0,0,26.5,104,0,0,0,0,0,0,0,7.3
99788,40,male,Snow,4,tertiary,1,0,0.0,0,0,0,0,0,25.2,104,0,0,0,0,0,0,0,9.9
90867,50,female,Hill,5,secondary,1,0,0.0,0,1,0,0,0,25.5,110,0,0,0,0,0,0,0,4.5
97457,73,female,Doll,4,tertiary,1,1,10.1,0,1,0,0,0,31.0,132,0,0,0,1,1,0,1,7.0
19355,63,female,Snow,1,secondary,0,0,0.0,0,0,0,0,0,28.9,135,0,0,0,0,0,0,0,5.4
34412,66,male,Nightingale,3,secondary,1,0,0.0,1,0,0,1,0,26.8,112,0,0,0,0,0,0,0,6.5
72375,30,female,Hill,5,secondary,1,0,0.0,0,1,1,1,0,29.1,95,0,0,0,0,0,0,1,8.0
89954,67,female,Nightingale,4,secondary,1,0,0.0,0,1,0,0,0,31.8,131,0,0,0,0,1,0,1,4.3
20039,78,male,Rose,3,primary,0,0,0.0,0,0,0,0,1,33.4,142,0,0,0,0,1,0,0,4.8
92574,62,female,Nightingale,5,tertiary,0,1,7.7,0,1,1,0,0,36.6,138,0,0,1,0,0,0,0,8.5
62757,73,male,Doll,2,tertiary,1,0,0.0,1,1,0,0,1,36.4,120,0,0,0,0,1,0,1,5.3
49040,62,male,Rose,5,secondary,0,1,15.7,0,1,1,0,0,37.3,141,0,0,0,0,0,0,0,9.0
49180,63,female,Nightingale,3,primary,0,1,11.1,0,1,0,0,0,31.3,128,0,0,0,0,0,0,0,9.2
17683,48,female,Snow,2,secondary,0,1,11.9,1,1,0,0,0,29.0,139,1,1,0,0,0,0,0,4.4
48311,35,male,Nightingale,5,tertiary,1,0,0.0,0,0,1,1,0,26.4,119,0,0,0,0,0,0,0,8.1
70412,37,female,Nightingale,2,secondary,0,0,0.0,0,1,0,1,1,31.5,113,0,0,0,0,0,0,0,4.5
96665,22,male,Doll,3,secondary,1,1,1.9,1,1,1,0,0,26.6,114,1,0,0,0,0,0,0,9.4
19157,33,male,Hill,4,secondary,1,0,0.0,0,0,0,0,0,27.3,94,0,0,0,0,0,0,0,7.0
39756,65,male,Rose,4,secondary,0,0,0.0,0,0,1,0,0,30.0,135,1,0,0,0,0,0,0,4.6
13795,42,female,Hill,5,secondary,1,0,0.0,0,1,0,0,0,25.9,113,0,0,0,0,0,0,1,5.9
39561,74,female,Doll,2,secondary,0,0,0.0,0,0,1,0,1,28.4,126,0,0,0,0,0,0,0,8.4
36757,79,male,Hill,2,secondary,0,0,0.0,0,1,0,0,0,30.6,128,0,1,0,0,1,1,1,4.6
71586,71,female,Doll,2,primary,1,0,0.0,0,1,1,0,0,31.8,126,0,0,0,0,0,0,0,9.9
42061,66,female,Snow,1,secondary,0,1,12.2,1,0,0,0,1,23.7,130,0,1,1,0,0,0,1,9.9
17573,67,male,Rose,4,tertiary,1,0,0.0,1,1,1,0,0,29.9,112,0,0,0,0,1,1,1,6.2
83964,61,female,Snow,3,tertiary,1,0,0.0,1,0,0,0,0,27.5,121,0,0,0,0,0,0,0,8.3
57149,46,male,Snow,3,primary,1,0,0.0,0,0,0,0,1,26.3,117,0,0,0,0,0,1,1,4.8
55350,24,female,Doll,5,primary,1,0,0.0,0,0,0,1,0,18.7,103,0,0,0,0,0,0,0,7.9
23925,63,male,Snow,2,secondary,0,0,0.0,0,0,1,0,1,28.7,120,1,0,0,0,0,0,0,8.6
12503,69,female,Rose,4,tertiary,1,0,0.0,1,1,0,0,0,29.6,131,0,0,0,0,0,0,1,7.4
26409,46,male,Nightingale,5,tertiary,1,0,0.0,0,0,0,1,0,26.0,134,1,0,0,0,0,1,0,5.8
89147,63,male,Doll,4,secondary,0,0,0.0,0,0,0,0,0,22.0,102,0,0,0,0,0,0,0,6.0
21437,31,female,Snow,3,secondary,0,0,0.0,0,1,0,0,0,31.6,106,0,0,0,0,0,0,0,7.4
13761,38,female,Snow,4,tertiary,1,1,4.0,0,0,1,1,0,23.2,113,1,0,0,0,0,0,0,5.9
30295,20,female,Rose,3,primary,1,0,0.0,0,0,0,0,0,28.3,116,0,0,0,0,0,0,1,4.2
21183,34,male,Snow,3,tertiary,0,1,6.4,1,0,1,1,0,27.9,112,0,0,0,0,0,0,0,4.1
86596,25,female,Nightingale,3,secondary,1,0,0.0,1,0,1,0,0,26.4,101,0,0,0,0,0,0,0,6.8
48888,19,female,Snow,2,secondary,0,0,0.0,1,1,0,1,0,24.7,109,0,0,0,0,0,0,1,9.1
93033,46,male,Doll,5,secondary,1,0,0.0,0,0,0,0,0,25.7,112,0,0,0,0,0,0,0,7.9
33356,66,male,Nightingale,2,primary,0,1,11.3,0,0,1,0,0,29.8,130,0,0,0,0,0,0,0,9.7
85235,41,male,Doll,3,primary,1,0,0.0,0,0,1,0,0,30.3,119,0,0,0,0,0,0,0,6.4
81511,44,male,Hill,2,primary,0,0,0.0,1,0,0,0,0,29.7,129,1,1,0,0,0,0,1,9.5
84073,49,male,Hill,5,tertiary,1,1,13.7,0,1,1,0,0,32.3,131,0,0,0,0,0,0,0,8.7
52312,37,male,Nightingale,3,secondary,0,1,5.8,0,0,0,1,0,25.0,117,0,0,0,0,1,0,1,7.8
52085,36,male,Rose,5,secondary,1,0,0.0,0,1,0,0,0,22.1,107,0,0,0,0,0,0,0,4.0
91165,43,male,Hill,3,primary,0,0,0.0,0,0,0,0,0,22.2,125,0,0,0,0,0,1,0,4.7
49977,36,male,Doll,5,tertiary,1,0,0.0,1,0,0,1,0,30.4,111,0,0,0,0,0,0,0,5.0
95026,36,female,Doll,4,secondary,1,0,0.0,1,0,1,1,0,28.1,134,1,0,0,0,0,0,0,9.9
85555,34,female,Nightingale,1,secondary,0,0,0.0,0,0,0,0,0,28.9,127,0,0,0,0,0,0,0,5.1
47124,26,female,Snow,4,secondary,1,0,0.0,1,1,0,0,0,29.7,106,0,0,0,0,0,0,0,8.1
45764,21,female,Rose,5,secondary,1,1,0.8,0,1,0,0,0,24.2,95,1,0,0,0,0,0,1,7.2
41283,52,male,Nightingale,1,secondary,1,1,11.9,1,1,0,0,0,22.8,113,1,0,0,0,0,0,0,6.8
89834,19,male,Nightingale,2,secondary,0,1,0.3,0,1,1,0,0,30.0,117,0,0,1,0,0,0,0,4.6
78869,48,male,Hill,4,primary,1,1,14.6,1,0,1,0,1,27.9,120,0,0,1,0,0,0,1,7.0
86684,48,female,Hill,1,primary,1,1,11.0,0,0,1,0,0,28.4,114,1,0,0,0,0,0,0,6.0
13112,55,female,Nightingale,3,secondary,0,1,9.3,0,0,0,0,0,27.5,123,0,0,1,0,0,1,1,5.9
91541,50,female,Doll,4,tertiary,1,1,9.6,0,0,1,1,0,25.8,118,0,1,1,0,0,0,1,7.8
46950,58,male,Nightingale,4,secondary,1,1,17.2,0,0,1,1,0,22.6,134,0,0,0,0,1,0,1,9.7
99865,73,female,Hill,5,tertiary,1,0,0.0,1,0,1,0,0,29.1,119,0,0,0,0,0,0,0,6.1
45829,64,male,Snow,1,primary,0,0,0.0,1,1,0,0,1,28.6,139,0,0,0,0,0,0,0,4.6
86283,68,female,Hill,2,secondary,0,1,13.4,1,0,0,0,0,32.9,123,0,0,1,0,0,1,1,4.1
57869,69,male,Doll,2,secondary,0,0,0.0,1,1,1,0,0,30.6,124,0,0,0,0,0,0,0,9.6
46771,43,male,Doll,3,secondary,0,0,0.0,1,0,1,0,0,31.8,119,0,0,0,0,1,1,0,9.4
85559,25,female,Doll,4,secondary,0,1,3.3,0,0,1,0,0,28.8,117,0,0,1,0,0,0,1,6.9
94185,59,female,Snow,2,primary,0,0,0.0,0,0,1,1,0,35.9,136,0,0,0,0,1,0,0,9.8
35317,55,female,Hill,2,primary,0,0,0.0,0,1,1,0,0,29.4,111,1,0,0,0,0,0,1,4.4
50718,73,female,Hill,4,tertiary,1,0,0.0,1,0,0,0,0,31.5,126,0,0,0,0,0,0,0,4.1
65981,59,female,Rose,3,secondary,1,0,0.0,0,0,1,0,0,28.5,113,0,0,0,0,0,0,0,4.8
17823,38,male,Rose,3,primary,1,1,9.4,1,0,1,0,0,27.5,106,0,0,0,0,0,0,0,8.7
68319,73,female,Snow,2,secondary,1,0,0.0,0,1,0,0,0,27.1,131,0,0,0,0,0,0,0,6.0
55870,39,male,Doll,5,tertiary,1,0,0.0,0,1,1,0,1,30.0,107,0,0,0,0,0,0,0,8.8
29980,40,male,Rose,3,secondary,1,0,0.0,0,0,0,0,1,28.9,126,0,0,0,0,0,1,1,4.4
30980,40,male,Doll,3,secondary,0,0,0.0,0,0,0,0,1,22.2,116,0,0,0,0,0,0,0,4.5
77814,64,female,Snow,3,secondary,1,0,0.0,1,0,0,0,0,27.5,120,0,0,0,0,0,0,0,6.1
10184,29,female,Nightingale,4,secondary,1,0,0.0,0,0,0,0,0,29.5,97,0,0,0,0,0,0,1,5.2
13736,68,female,Rose,2,tertiary,1,1,20.8,0,0,1,0,0,31.1,120,0,0,0,0,0,0,0,8.3
50394,60,male,Snow,1,primary,1,0,0.0,1,1,0,0,0,23.3,119,0,0,0,0,0,0,0,7.2
92079,28,female,Hill,4,secondary,1,0,0.0,0,0,0,1,0,23.5,103,0,0,0,0,0,1,0,7.3
94239,38,female,Snow,3,secondary,1,0,0.0,0,1,0,0,0,27.2,101,0,0,0,0,0,0,0,6.6
11168,72,female,Nightingale,4,tertiary,1,0,0.0,0,1,0,0,0,26.7,147,1,0,0,0,0,0,1,5.8
85979,44,female,Rose,5,tertiary,1,0,0.0,0,1,0,0,0,30.0,107,0,0,0,0,0,0,0,6.3
36735,41,female,Hill,5,tertiary,1,0,0.0,1,0,0,0,0,22.2,112,0,0,0,0,0,0,1,8.8
54749,61,female,Rose,3,tertiary,1,0,0.0,1,1,1,0,1,31.7,127,0,0,1,0,0,0,1,4.2
23177,33,male,Rose,3,tertiary,0,0,0.0,0,1,0,1,1,28.4,132,0,0,1,0,0,0,1,9.4
44274,70,female,Nightingale,3,secondary,1,0,0.0,0,1,0,0,0,32.4,124,0,0,0,0,0,0,0,9.6
60044,52,male,Snow,4,secondary,0,0,0.0,1,0,0,0,0,22.7,106,0,0,0,0,0,0,0,9.4
39879,74,male,Rose,3,secondary,0,1,26.3,1,0,0,1,0,28.0,134,0,0,0,0,1,1,1,4.1
53370,29,female,Nightingale,3,secondary,1,0,0.0,1,0,1,1,0,30.4,106,1,0,0,0,0,0,1,4.8
74926,49,female,Hill,3,secondary,1,0,0.0,0,1,0,1,0,27.7,109,0,1,0,0,0,0,1,7.1
80997,31,female,Rose,4,secondary,1,0,0.0,0,1,1,1,1,25.9,109,0,0,0,0,0,0,0,4.0
96850,68,female,Rose,4,secondary,1,1,9.5,1,0,0,0,0,24.5,121,1,0,0,0,0,0,0,5.0
95385,24,male,Rose,4,tertiary,1,0,0.0,0,1,1,0,0,33.6,114,0,0,0,0,0,0,0,9.2
23697,49,female,Doll,5,tertiary,0,1,10.0,0,0,1,0,0,25.4,121,0,0,0,0,0,0,0,5.2
75015,32,female,Snow,1,primary,0,0,0.0,1,1,1,1,0,32.1,119,0,0,0,0,0,0,0,5.9
88893,76,male,Hill,5,tertiary,1,1,17.1,0,0,0,0,0,24.8,143,0,0,0,0,0,0,0,4.0
74978,76,male,Nightingale,5,tertiary,1,0,0.0,0,0,0,0,1,26.5,132,1,0,0,0,0,0,0,9.2
55080,47,male,Doll,5,tertiary,1,0,0.0,0,1,0,1,0,25.2,121,0,0,0,0,0,0,0,7.7
42078,70,female,Hill,3,secondary,1,0,0.0,0,1,1,0,0,32.9,121,0,0,0,0,1,0,1,8.8
28978,31,female,Nightingale,4,tertiary,1,0,0.0,0,0,0,1,0,32.5,107,0,0,0,0,0,1,0,7.8
20391,60,female,Hill,4,secondary,1,0,0.0,0,0,0,0,0,27.8,106,0,0,0,0,0,0,0,7.4
66516,40,male,Snow,2,tertiary,0,0,0.0,0,0,0,0,0,29.5,113,0,0,0,0,0,0,0,4.0
91970,27,female,Snow,3,secondary,0,1,4.0,1,0,1,1,0,29.6,110,0,0,0,1,0,0,0,9.0
83615,60,male,Rose,3,tertiary,0,0,0.0,0,0,1,0,0,31.7,111,0,0,0,0,1,1,1,7.9
13214,61,female,Rose,4,secondary,0,1,8.0,0,0,0,0,0,25.5,121,0,0,0,0,0,0,0,6.7
37729,40,male,Nightingale,4,primary,1,0,0.0,0,0,1,0,0,26.6,106,0,0,0,0,0,0,0,5.8
95930,75,male,Rose,5,secondary,1,0,0.0,0,0,1,0,0,27.8,121,1,0,1,0,0,0,1,8.9
86566,25,male,Doll,2,secondary,1,0,0.0,0,0,0,1,1,30.7,103,1,0,0,0,0,1,0,7.1
78859,75,female,Doll,3,primary,0,1,16.7,0,0,1,0,0,30.1,148,0,0,0,0,0,0,0,8.2
14537,26,male,Rose,5,tertiary,1,0,0.0,0,0,1,1,0,27.3,104,0,0,0,0,0,0,0,8.4
41855,74,female,Snow,4,tertiary,1,0,0.0,1,0,0,1,0,25.8,119,0,0,0,0,0,1,0,8.8
75472,35,male,Rose,5,secondary,1,0,0.0,1,0,1,0,0,23.9,112,0,0,0,0,0,0,0,5.3
29205,68,male,Rose,3,secondary,1,0,0.0,0,1,0,0,0,30.2,138,0,0,0,0,1,0,1,7.6
34630,22,female,Hill,3,tertiary,1,0,0.0,0,0,0,1,0,20.3,122,0,0,1,0,0,0,0,5.0
37807,68,male,Rose,4,primary,1,1,22.0,0,1,0,0,1,35.4,141,0,0,0,0,0,0,0,9.6
24704,56,male,Hill,2,secondary,1,0,0.0,1,0,0,1,0,24.2,123,0,0,0,0,0,1,0,8.0
37288,79,female,Rose,2,secondary,1,0,0.0,1,0,1,0,0,38.8,143,1,1,0,0,0,0,1,4.3
64291,38,female,Doll,5,tertiary,1,0,0.0,0,1,0,0,0,28.1,107,0,0,0,0,0,0,0,4.8
53988,64,female,Hill,5,secondary,1,1,12.6,0,1,0,0,0,33.3,114,1,1,0,0,0,0,1,8.3
56744,36,male,Rose,5,tertiary,1,0,0.0,0,0,0,0,0,20.6,110,0,0,0,0,0,0,0,6.4
90498,31,female,Snow,2,secondary,1,0,0.0,0,0,1,1,0,30.7,113,0,0,0,0,0,0,0,9.8
33472,67,male,Rose,2,secondary,0,1,11.6,0,1,1,0,0,38.0,139,0,0,0,0,0,0,0,7.8
75577,44,male,Nightingale,2,secondary,0,1,11.1,0,0,0,0,0,28.2,118,0,0,0,0,0,0,1,5.1
78116,45,female,Nightingale,4,secondary,1,0,0.0,0,0,1,0,0,28.1,133,0,0,0,0,1,0,0,8.0
66041,18,female,Doll,3,primary,1,0,0.0,1,1,0,0,1,28.1,111,0,0,0,0,0,0,1,4.3
81185,63,male,Hill,3,secondary,1,0,0.0,0,0,1,0,0,24.8,113,1,0,0,0,0,0,0,6.3
71170,60,male,Rose,4,tertiary,1,0,0.0,0,1,0,0,0,28.0,113,0,0,0,0,0,0,0,7.2
64771,42,female,Snow,3,tertiary,0,0,0.0,1,1,0,0,1,25.5,115,0,1,1,0,0,0,1,4.2
36866,28,male,Rose,5,tertiary,1,1,3.6,1,0,0,0,0,25.1,106,0,0,0,0,0,0,0,7.0
40221,75,male,Snow,3,secondary,0,0,0.0,0,0,0,0,0,30.0,125,0,1,0,0,0,0,0,10.0
84608,57,female,Hill,2,secondary,1,0,0.0,1,0,1,0,0,28.3,129,0,0,1,0,0,1,1,7.7
18791,37,female,Rose,3,primary,1,0,0.0,0,0,0,0,0,29.1,119,0,0,0,0,0,0,0,6.7
81303,72,female,Rose,4,secondary,1,0,0.0,1,1,1,0,1,31.2,134,0,0,0,0,0,0,0,8.0
35500,73,female,Doll,4,tertiary,1,0,0.0,0,0,0,0,0,27.0,160,0,0,0,0,0,0,1,7.1
51384,30,female,Doll,5,tertiary,1,0,0.0,0,0,0,0,0,22.5,108,0,0,0,0,0,0,0,6.7
50656,24,male,Hill,3,secondary,0,0,0.0,1,0,1,1,0,30.5,98,0,0,0,0,0,1,1,5.5
81191,36,male,Doll,5,tertiary,1,0,0.0,0,0,1,0,1,22.0,106,0,0,0,0,0,0,0,5.4
75077,49,female,Snow,3,secondary,0,0,0.0,0,1,0,1,0,30.3,98,0,0,0,0,0,0,0,5.0
50247,22,male,Nightingale,4,tertiary,1,0,0.0,0,0,0,0,0,26.5,105,0,0,0,0,0,0,0,6.7
65992,43,female,Nightingale,5,primary,1,1,11.3,1,0,0,0,0,24.3,121,0,0,0,0,0,0,0,5.6
36390,51,male,Nightingale,4,secondary,0,0,0.0,0,1,0,0,0,30.1,115,0,0,0,0,0,0,0,9.4
24664,28,male,Doll,5,primary,1,0,0.0,0,0,1,0,0,26.9,113,0,0,0,0,0,0,0,7.9
51250,31,male,Snow,4,secondary,0,0,0.0,0,0,0,1,0,30.8,115,1,0,0,0,1,0,0,7.7
22442,52,male,Hill,3,tertiary,0,0,0.0,0,0,1,1,0,26.4,116,0,0,0,0,0,0,0,4.1
25415,54,male,Hill,2,tertiary,0,1,18.0,0,1,1,0,0,26.1,108,1,0,0,0,0,0,0,6.5
95441,31,female,Doll,4,secondary,1,0,0.0,0,1,0,0,0,30.4,90,0,0,0,0,0,0,1,5.1
60184,59,male,Rose,2,secondary,0,1,14.8,0,0,0,0,0,25.8,140,1,0,1,0,0,0,1,4.2
12757,58,male,Doll,5,tertiary,1,0,0.0,0,0,0,1,0,21.9,134,0,0,0,0,0,1,1,9.2
42097,61,male,Hill,2,primary,1,1,16.0,1,1,0,0,0,27.1,125,0,0,0,0,0,0,0,7.5
26592,76,male,Hill,4,tertiary,1,0,0.0,1,1,1,0,0,35.1,140,0,0,0,0,0,0,0,4.9
18513,55,male,Rose,4,secondary,1,0,0.0,1,0,0,0,0,21.4,121,0,0,0,0,0,0,1,6.5
67059,46,male,Nightingale,4,tertiary,1,0,0.0,0,0,0,0,0,21.5,131,0,0,0,0,0,0,0,6.8
34932,61,female,Snow,1,primary,1,0,0.0,1,0,1,0,1,32.1,123,0,0,0,0,0,0,1,8.0
30397,54,female,Doll,4,primary,1,0,0.0,0,0,0,1,0,28.6,129,0,0,0,0,0,0,1,6.2
80680,52,male,Hill,2,primary,0,0,0.0,0,0,0,1,0,30.7,118,0,0,0,0,0,0,0,6.3
79917,51,female,Doll,5,tertiary,1,0,0.0,0,0,0,1,0,27.5,106,0,0,0,0,0,0,0,5.1
38345,60,female,Hill,2,secondary,1,0,0.0,0,0,1,0,0,27.0,119,0,0,0,0,0,0,0,9.4
63890,25,male,Doll,3,secondary,1,0,0.0,1,0,0,1,1,22.0,110,0,0,0,0,0,0,0,7.1
70117,74,female,Snow,1,secondary,0,1,14.9,0,0,1,0,0,24.7,126,0,0,0,0,1,0,0,9.4
91672,45,male,Snow,1,primary,1,1,10.9,1,1,1,0,1,32.7,136,0,0,0,0,0,1,0,5.3
42768,49,female,Hill,4,primary,0,0,0.0,1,0,1,0,0,24.1,96,0,0,0,0,0,1,0,5.6
75510,52,female,Doll,5,tertiary,1,0,0.0,0,0,0,0,0,20.8,120,0,0,1,0,0,0,0,9.7
45592,24,male,Snow,1,secondary,1,1,2.0,0,0,1,1,0,24.2,108,0,0,0,0,0,1,0,8.0
42260,57,male,Rose,3,tertiary,0,0,0.0,0,0,0,0,0,29.3,122,0,0,0,0,0,0,0,7.6
54958,54,male,Nightingale,5,secondary,1,0,0.0,1,1,0,0,1,27.6,109,0,0,0,0,1,0,0,9.5
97522,50,female,Rose,3,tertiary,1,0,0.0,0,1,0,0,0,28.9,118,0,0,0,0,0,0,1,4.8
70371,39,male,Doll,3,secondary,1,1,4.3,0,0,0,1,0,25.6,132,0,0,0,0,0,0,0,6.1
23007,54,male,Rose,2,primary,0,1,8.8,1,0,0,0,1,25.8,113,0,1,0,0,1,0,0,9.1
49377,19,female,Rose,3,secondary,1,1,0.4,0,1,1,1,0,31.5,118,0,0,0,0,0,0,0,6.4
46779,68,female,Nightingale,2,secondary,0,1,19.2,0,1,0,0,0,25.4,117,0,0,1,0,0,0,1,7.2
63812,38,male,Rose,3,secondary,1,1,6.1,0,0,0,1,1,25.9,124,1,0,0,0,0,0,0,6.6
55806,58,female,Rose,4,secondary,0,0,0.0,0,1,0,0,0,28.1,115,0,0,0,0,0,0,0,5.9
90893,33,male,Doll,4,secondary,1,0,0.0,0,1,1,1,0,30.1,111,0,0,0,0,0,0,1,9.7
99640,69,male,Nightingale,4,secondary,1,1,20.0,0,0,1,0,1,25.9,115,0,0,0,0,1,0,1,9.2
31239,23,female,Nightingale,3,primary,0,0,0.0,0,0,0,0,0,29.4,91,0,0,0,0,0,0,0,8.7
35217,42,female,Rose,3,secondary,0,0,0.0,0,0,1,0,0,28.3,116,0,0,0,0,0,0,1,5.0
30939,60,female,Snow,3,tertiary,1,0,0.0,1,1,1,0,0,27.8,111,0,0,1,0,0,0,1,7.7
23664,42,male,Snow,4,secondary,0,0,0.0,1,0,0,1,0,25.2,117,1,0,0,0,0,1,0,9.5
46455,75,male,Hill,4,tertiary,1,0,0.0,0,0,1,0,0,32.2,140,0,1,0,0,1,0,1,5.6
30010,22,female,Doll,5,tertiary,1,0,0.0,0,0,0,0,0,23.9,102,0,0,0,0,0,0,0,6.7
66732,44,female,Nightingale,2,primary,1,1,8.8,0,0,0,0,0,26.5,100,0,0,0,0,0,0,0,6.9
49922,76,male,Doll,4,secondary,1,0,0.0,0,1,0,0,0,33.2,139,0,1,0,0,1,0,1,7.8
47104,34,male,Hill,1,tertiary,1,0,0.0,1,1,0,0,1,27.6,109,0,0,0,0,1,0,1,6.5
52436,71,female,Nightingale,4,secondary,0,0,0.0,0,0,1,0,0,28.1,137,0,0,0,0,0,0,0,5.0
85566,47,female,Rose,2,secondary,0,0,0.0,1,1,0,0,1,27.4,118,0,0,0,0,0,0,0,10.0
64430,38,male,Snow,1,secondary,0,1,5.2,1,0,0,1,0,29.6,112,0,0,0,0,0,1,0,7.5
24493,42,male,Nightingale,2,secondary,1,0,0.0,1,1,1,0,0,37.5,108,0,0,0,0,0,1,1,7.1
97249,72,male,Snow,3,secondary,1,0,0.0,1,0,0,0,0,23.4,127,0,0,0,0,0,0,0,8.7
42756,55,female,Doll,5,secondary,1,0,0.0,0,1,0,0,0,27.1,106,0,0,0,0,0,0,0,5.8
52778,47,female,Rose,3,secondary,1,0,0.0,1,0,0,1,0,24.3,114,0,0,0,0,0,0,1,4.6
71559,21,female,Hill,4,secondary,0,0,0.0,0,0,0,0,1,17.6,90,0,0,0,0,0,1,1,9.0
73057,63,female,Nightingale,1,primary,1,1,18.4,0,0,0,0,0,23.5,111,0,0,0,0,0,1,0,7.9
18525,35,male,Rose,2,primary,0,0,0.0,0,0,1,0,0,28.6,116,0,0,0,0,0,1,0,5.4
62200,53,male,Doll,3,secondary,0,0,0.0,0,0,0,1,0,28.1,116,0,0,0,0,0,0,0,4.4
62311,19,male,Nightingale,2,secondary,1,0,0.0,0,1,1,1,0,25.1,106,0,0,0,0,0,0,0,6.6
65824,51,male,Doll,4,secondary,1,1,10.5,0,0,1,0,0,21.2,119,0,0,0,0,0,0,1,4.6
10624,48,male,Doll,3,secondary,0,0,0.0,0,0,0,0,0,29.2,102,1,0,0,0,0,0,1,5.5
87399,39,male,Snow,1,secondary,1,1,3.8,0,0,0,0,0,30.1,105,0,0,0,0,0,0,0,6.3
56292,54,female,Snow,2,secondary,0,1,8.7,1,1,1,0,0,30.4,119,0,0,1,0,1,0,1,4.6
43396,62,male,Rose,3,secondary,0,0,0.0,1,0,0,0,0,24.2,125,1,1,0,0,0,1,1,4.6
27517,64,male,Hill,2,primary,0,1,10.9,0,0,0,0,0,25.7,125,1,0,1,0,0,0,0,7.8
74695,28,female,Nightingale,5,tertiary,1,1,2.5,0,1,0,1,0,32.8,91,0,0,0,0,0,0,1,6.8
87909,59,male,Hill,5,tertiary,1,1,15.1,0,0,0,0,0,25.4,128,0,0,0,1,0,0,1,7.2
42623,33,male,Nightingale,2,primary,0,0,0.0,0,0,1,1,0,27.3,108,0,0,0,0,0,0,0,9.2
11413,31,female,Nightingale,5,tertiary,1,0,0.0,1,0,1,0,0,23.1,97,0,0,0,0,0,0,0,9.7
38077,33,male,Doll,4,secondary,0,1,4.8,0,0,1,0,0,36.7,110,0,0,0,0,0,0,0,4.8
26341,23,female,Rose,4,secondary,1,0,0.0,1,0,0,1,0,25.3,111,0,0,0,0,0,0,0,8.5
65368,66,female,Rose,4,secondary,1,0,0.0,1,0,1,0,0,26.5,127,1,0,0,0,0,0,0,6.3
38655,63,female,Nightingale,5,tertiary,1,1,19.6,0,1,0,1,0,27.8,133,0,0,0,0,0,0,0,4.8
72331,23,female,Nightingale,3,secondary,1,1,1.2,0,1,1,1,1,31.9,98,0,0,0,0,0,0,1,10.0
57228,56,female,Hill,5,tertiary,0,0,0.0,0,0,1,1,0,28.8,121,0,0,0,0,0,0,0,8.9
99291,70,female,Doll,4,secondary,1,1,25.4,0,0,0,0,0,26.1,124,0,0,0,0,0,0,0,5.9
24374,47,male,Snow,2,secondary,0,1,7.8,1,1,0,0,0,33.0,134,1,1,0,0,0,0,1,5.2
86807,33,male,Rose,2,primary,0,1,3.6,0,1,0,0,0,28.2,103,0,0,0,0,0,0,0,9.9
10490,21,male,Rose,5,tertiary,1,1,0.8,1,1,1,1,0,26.0,110,0,0,0,0,0,0,0,4.1
47941,45,male,Rose,5,tertiary,1,0,0.0,0,1,0,1,0,30.5,117,0,0,0,0,0,0,0,4.1
57412,22,male,Rose,3,tertiary,1,0,0.0,0,0,0,1,1,23.2,111,1,1,0,0,0,0,0,7.5
24813,20,male,Hill,2,secondary,0,1,0.8,1,0,1,0,0,26.8,105,0,0,0,0,0,1,0,7.9
77983,18,female,Hill,4,secondary,1,0,0.0,1,1,0,0,0,25.2,107,1,0,0,0,0,0,0,8.5
20617,38,male,Hill,2,tertiary,1,0,0.0,0,1,1,0,0,33.8,97,1,0,0,0,0,0,1,7.1
93688,43,female,Rose,4,tertiary,1,0,0.0,0,0,1,0,0,27.2,101,1,0,0,0,0,0,0,8.3
15715,18,male,Rose,5,secondary,1,0,0.0,0,0,0,0,0,23.8,104,0,0,0,0,0,0,0,9.0
91079,79,female,Rose,5,secondary,1,0,0.0,0,0,1,0,1,33.8,131,1,0,0,0,0,0,0,5.1
65436,48,female,Doll,4,secondary,1,0,0.0,1,0,1,0,0,25.7,121,0,0,0,0,0,0,1,10.0
30150,50,female,Snow,4,tertiary,1,0,0.0,1,0,0,0,1,22.3,121,1,0,0,0,1,1,1,5.0
49004,49,male,Snow,1,primary,0,0,0.0,1,0,0,0,0,27.5,113,0,0,0,0,0,1,0,5.4
83603,21,male,Nightingale,1,secondary,1,0,0.0,0,0,0,1,0,23.6,101,0,0,0,0,0,1,1,9.8
37101,57,female,Hill,5,tertiary,1,1,7.3,0,0,1,1,0,28.7,131,0,0,0,0,1,1,1,7.0
91120,41,female,Doll,4,secondary,0,0,0.0,1,0,0,0,0,23.8,99,0,0,0,0,0,0,0,4.3
62915,32,male,Rose,4,tertiary,0,1,5.0,0,0,0,1,1,23.7,97,0,0,0,0,0,0,0,9.3
78178,47,female,Doll,5,secondary,1,0,0.0,0,0,0,0,0,20.8,111,0,0,0,0,0,1,0,5.3
51521,26,male,Hill,1,secondary,1,0,0.0,0,1,1,1,0,34.9,116,1,0,0,0,0,0,1,8.5
74653,18,female,Rose,4,tertiary,0,0,0.0,0,0,0,0,1,20.4,90,0,0,0,0,0,0,0,7.9
35158,78,female,Snow,4,tertiary,1,0,0.0,1,0,0,0,0,23.8,127,0,0,0,0,0,1,0,5.8
83982,26,male,Doll,4,secondary,0,0,0.0,0,0,0,0,1,28.0,111,1,0,0,0,0,1,0,7.6
83061,66,male,Snow,4,tertiary,1,0,0.0,1,0,1,0,0,29.8,129,1,0,0,0,0,1,1,4.2
94309,43,male,Rose,5,tertiary,1,1,11.0,1,0,0,0,0,27.3,112,0,0,0,0,0,0,0,7.5
17209,52,male,Nightingale,5,tertiary,1,0,0.0,0,0,0,0,0,28.2,109,0,0,0,0,0,0,0,7.2
28691,27,female,Nightingale,4,tertiary,1,0,0.0,0,0,1,0,0,24.3,100,0,0,0,0,0,0,0,6.8
43587,38,male,Nightingale,3,tertiary,1,0,0.0,1,1,1,1,0,31.7,124,0,0,0,0,0,0,0,7.5
25606,35,male,Nightingale,2,primary,0,0,0.0,1,0,1,1,0,26.4,119,1,1,1,0,0,0,1,6.4
72414,69,male,Hill,3,secondary,1,1,24.8,1,0,0,0,1,26.7,138,0,0,0,0,0,0,0,9.3
45821,64,female,Rose,2,primary,0,1,11.1,0,0,1,0,1,22.7,120,0,0,0,0,0,0,0,8.4
57564,35,female,Hill,1,secondary,0,0,0.0,1,0,0,1,0,22.5,111,0,0,0,0,0,0,0,8.3
69180,56,female,Doll,2,tertiary,1,0,0.0,1,0,1,1,0,34.2,125,0,0,0,0,0,1,0,6.6
26893,36,male,Doll,5,tertiary,1,1,4.7,0,0,0,1,0,24.3,112,0,0,0,0,0,0,1,7.1
54047,74,male,Doll,3,secondary,1,0,0.0,0,0,0,0,1,31.5,137,1,0,0,0,1,0,1,7.4
17364,41,female,Hill,4,tertiary,0,0,0.0,0,0,0,0,0,25.8,118,0,0,0,0,0,0,1,7.6
33704,31,male,Rose,3,secondary,1,0,0.0,0,1,1,1,0,28.3,110,0,0,0,0,0,1,0,9.9
12695,73,male,Nightingale,4,secondary,1,0,0.0,0,0,0,0,0,23.2,131,0,0,0,0,0,0,0,9.8
16926,47,male,Doll,4,tertiary,1,0,0.0,1,0,0,1,0,24.0,103,0,0,0,0,0,0,0,7.0
68846,44,male,Nightingale,3,secondary,1,0,0.0,1,0,0,1,0,26.0,114,0,0,0,0,0,1,0,6.8
42287,74,male,Hill,2,primary,1,0,0.0,1,0,1,0,1,29.5,131,0,0,0,0,0,0,0,6.2
60333,29,female,Doll,4,tertiary,0,0,0.0,0,1,1,1,0,26.7,104,0,0,0,0,0,1,0,8.1
20782,74,male,Nightingale,4,secondary,1,0,0.0,0,1,0,0,0,31.2,144,0,0,0,0,0,0,0,6.0
27638,77,male,Rose,3,secondary,1,1,10.5,0,1,0,0,1,34.2,133,0,0,0,0,1,0,0,7.6
33812,69,male,Nightingale,3,secondary,0,1,20.7,0,1,0,1,0,30.6,141,0,0,0,0,0,0,0,8.9
79525,33,female,Doll,4,secondary,1,0,0.0,0,0,1,0,1,18.7,96,0,0,1,0,0,0,1,8.9
27239,43,male,Nightingale,5,tertiary,1,0,0.0,1,0,1,0,0,26.0,111,0,0,0,0,0,1,1,4.6
10388,29,female,Hill,2,secondary,1,0,0.0,0,0,0,1,0,25.8,115,1,0,0,0,0,0,0,7.4
32845,57,male,Hill,4,primary,0,1,12.9,1,1,1,0,0,26.7,121,0,1,0,0,0,0,0,7.9
54024,42,male,Nightingale,3,secondary,0,1,6.2,1,1,1,1,0,26.7,119,0,0,0,0,0,0,0,6.2
84300,54,female,Rose,3,secondary,0,0,0.0,0,0,1,0,0,33.9,121,0,0,0,0,0,0,0,5.4
49851,79,male,Nightingale,1,secondary,1,1,18.0,0,1,1,0,1,30.0,135,0,0,0,0,0,0,1,7.1
31956,41,male,Rose,3,secondary,0,0,0.0,1,0,0,0,0,22.4,119,0,0,0,0,0,0,0,9.6
74820,22,female,Nightingale,1,secondary,0,0,0.0,0,0,1,0,0,30.7,97,0,0,1,0,1,0,1,4.5
30534,67,female,Hill,3,secondary,0,1,19.4,0,1,1,0,0,31.5,137,0,0,0,0,0,0,0,9.8
45266,39,female,Rose,2,secondary,1,0,0.0,0,0,1,0,0,23.2,103,0,0,1,0,0,0,1,4.4
62326,18,female,Nightingale,5,tertiary,0,1,0.0,0,0,0,0,0,21.8,100,1,0,0,0,0,1,0,6.9
88164,64,female,Snow,3,secondary,0,0,0.0,1,1,0,0,1,22.6,115,0,0,0,0,0,0,0,6.0
67491,26,male,Snow,4,tertiary,1,0,0.0,1,0,0,0,0,24.0,115,0,0,0,0,0,1,0,5.4
15365,45,male,Rose,5,tertiary,1,0,0.0,0,1,1,0,0,32.7,117,0,0,0,0,1,0,1,8.7
41221,51,male,Hill,4,tertiary,0,0,0.0,0,0,0,0,0,27.8,128,0,0,0,0,0,0,0,9.4
74858,48,male,Nightingale,4,secondary,0,0,0.0,0,0,0,0,1,22.2,120,1,0,0,0,0,0,0,9.3
97031,51,female,Rose,2,primary,1,0,0.0,1,0,0,0,0,28.6,121,0,0,0,0,0,1,0,5.4
89961,57,male,Rose,4,secondary,1,0,0.0,0,1,0,1,0,26.9,133,0,0,0,0,1,0,0,4.3
48850,41,female,Nightingale,2,secondary,1,1,10.6,1,1,1,0,0,34.6,111,0,0,0,0,0,0,0,6.4
61919,49,female,Hill,5,secondary,0,0,0.0,1,1,0,1,1,25.5,108,0,0,0,0,0,1,0,8.4
97580,28,male,Snow,3,secondary,1,0,0.0,1,0,1,0,0,29.1,104,0,0,0,0,0,0,0,6.6
48820,76,male,Hill,4,tertiary,1,0,0.0,1,1,1,0,0,34.9,140,0,0,0,0,0,0,0,9.3
41759,63,female,Snow,2,secondary,0,0,0.0,0,0,1,0,0,25.9,133,0,0,0,0,0,0,0,7.4
55052,65,male,Rose,5,tertiary,1,0,0.0,0,0,0,0,0,26.4,140,0,1,0,0,1,0,1,6.1
98687,42,male,Doll,3,secondary,1,1,5.3,0,0,0,0,0,24.9,121,0,0,0,0,0,1,0,4.0
89480,20,female,Doll,5,tertiary,1,1,0.5,0,1,0,0,0,22.9,95,0,0,0,0,0,0,0,6.3
79603,41,male,Snow,1,secondary,0,0,0.0,0,1,1,1,0,31.4,132,0,0,0,0,0,0,0,5.4
95937,36,male,Hill,5,secondary,1,0,0.0,0,1,1,1,0,34.9,115,0,0,0,0,0,0,1,5.2
93829,21,male,Hill,4,secondary,1,0,0.0,1,0,0,1,0,19.6,96,1,0,0,0,0,0,0,7.2
27082,34,female,Rose,3,primary,0,1,7.5,0,0,0,0,1,24.8,111,1,0,1,0,0,0,1,9.6
10212,35,female,Doll,4,secondary,0,1,3.7,0,1,1,0,0,32.8,115,0,0,0,0,0,0,0,7.7
21541,69,male,Snow,3,primary,0,1,11.0,0,0,0,0,1,28.4,123,0,0,0,0,0,0,0,9.6
66495,62,male,Nightingale,3,secondary,1,0,0.0,1,1,0,1,0,31.8,130,0,0,0,0,0,0,0,5.1
68925,77,female,Rose,4,primary,1,1,21.8,0,0,0,0,1,25.7,137,0,0,0,0,0,0,0,8.1
64925,65,female,Nightingale,3,secondary,0,0,0.0,0,1,0,0,0,27.5,117,0,0,0,0,1,1,1,6.3
51887,56,male,Hill,4,secondary,1,0,0.0,1,0,0,0,0,29.0,109,1,0,0,0,0,0,0,8.9
34741,46,male,Snow,1,tertiary,1,0,0.0,1,1,1,1,1,36.1,133,0,0,0,0,0,0,1,7.2
17338,76,male,Snow,4,secondary,0,0,0.0,0,0,0,0,0,30.0,136,0,0,0,0,0,0,0,8.4
93912,76,male,Snow,1,primary,0,1,17.3,1,1,1,0,1,29.6,139,0,1,0,0,0,0,0,6.4
33624,79,female,Rose,3,primary,1,1,16.7,0,1,0,0,0,33.1,134,0,0,0,0,0,0,1,8.4
31245,56,male,Rose,4,tertiary,1,0,0.0,0,1,0,0,0,29.9,118,0,0,0,0,0,0,0,8.6
17219,75,female,Doll,4,tertiary,1,0,0.0,0,0,0,0,0,28.0,124,0,0,0,0,0,0,0,6.7
79350,59,male,Doll,5,secondary,1,0,0.0,1,0,0,1,0,26.0,128,0,1,1,0,0,0,1,6.5
52756,39,female,Hill,2,secondary,0,1,5.7,0,0,0,0,1,26.3,120,0,0,0,0,0,0,0,7.2
81200,18,male,Rose,5,secondary,1,0,0.0,1,0,0,1,0,32.9,104,1,0,0,0,0,0,0,5.3
36721,39,female,Hill,5,secondary,0,0,0.0,0,0,0,0,0,22.7,108,0,0,0,0,0,0,0,5.0
63684,18,female,Nightingale,4,secondary,0,0,0.0,1,1,0,1,0,29.8,124,0,0,0,0,0,0,1,9.0
21431,52,male,Hill,2,secondary,1,1,13.9,1,1,1,0,0,27.0,117,0,0,0,0,0,0,0,10.0
69213,44,male,Nightingale,4,secondary,1,1,12.5,0,1,1,0,0,29.2,103,0,0,0,0,0,0,1,4.8
67775,57,female,Nightingale,3,tertiary,1,1,17.7,0,0,0,0,0,28.2,115,1,0,0,0,0,0,0,6.5
87248,50,male,Hill,2,tertiary,0,1,13.7,0,1,1,0,1,29.1,125,0,1,0,0,0,0,1,5.4
66486,30,female,Hill,4,tertiary,1,0,0.0,1,0,0,1,0,25.1,112,0,0,0,0,0,0,1,5.4
10893,37,female,Snow,1,primary,0,0,0.0,0,1,1,1,0,31.7,119,0,0,1,0,0,0,0,6.7
50563,78,male,Nightingale,2,secondary,1,0,0.0,1,0,1,0,0,27.2,116,0,0,0,0,0,0,0,4.8
83215,37,male,Hill,2,secondary,0,0,0.0,0,0,1,1,0,28.2,108,0,0,0,0,0,0,0,7.9
48969,20,female,Doll,3,secondary,0,0,0.0,0,0,0,1,0,20.4,103,0,0,0,0,0,0,0,6.1
78397,51,male,Snow,4,secondary,0,0,0.0,0,0,1,0,1,25.2,120,1,1,0,0,0,0,1,8.6
51902,41,male,Rose,5,tertiary,0,0,0.0,0,0,0,0,0,25.2,113,1,0,0,0,0,0,0,5.8
96756,59,female,Hill,4,primary,1,0,0.0,0,0,0,0,0,23.7,115,0,0,0,0,0,0,1,6.6
66301,61,male,Snow,1,primary,0,0,0.0,1,0,1,0,0,30.2,109,0,0,0,0,0,0,0,6.6
13072,79,male,Hill,4,secondary,1,0,0.0,1,0,1,0,0,27.9,140,0,0,0,0,1,0,1,6.9
45131,78,female,Snow,1,primary,0,0,0.0,1,0,0,0,1,23.8,123,0,0,0,0,0,0,0,8.8
97637,33,female,Nightingale,1,tertiary,0,0,0.0,1,1,0,0,0,29.7,114,1,0,0,0,0,0,0,7.7
56685,55,male,Rose,2,primary,0,1,9.9,0,0,1,0,0,28.3,125,1,0,0,0,0,0,0,8.6
85809,66,male,Snow,4,primary,0,0,0.0,1,0,0,0,1,26.6,113,0,0,1,0,0,0,1,4.7
39585,23,male,Nightingale,4,secondary,1,0,0.0,0,0,1,0,1,21.5,93,0,0,0,0,0,0,0,8.3
30548,26,male,Rose,3,tertiary,1,0,0.0,0,0,1,0,0,28.8,112,0,0,0,0,0,0,0,6.2
74867,47,female,Nightingale,1,secondary,1,1,7.7,0,0,1,1,1,22.9,108,0,0,1,0,0,0,1,4.8
81014,33,female,Hill,4,secondary,1,0,0.0,1,0,0,1,1,22.4,107,0,0,0,0,0,0,0,8.3
41749,56,male,Doll,2,secondary,0,1,16.8,0,0,1,0,0,27.7,106,0,0,0,0,0,0,0,8.1
84148,35,female,Rose,5,tertiary,1,0,0.0,1,1,0,0,0,22.8,104,0,0,0,0,0,0,0,9.0
49629,18,female,Doll,4,tertiary,1,1,0.0,0,0,1,1,0,27.0,110,0,0,0,0,0,0,0,8.6
27292,50,male,Doll,3,secondary,1,0,0.0,1,0,0,0,1,26.6,113,0,0,0,0,0,0,0,8.4
78958,79,female,Nightingale,4,secondary,1,1,22.8,1,1,0,0,0,23.7,143,0,0,0,0,0,0,0,9.9
41873,49,female,Doll,2,tertiary,0,1,10.3,0,1,1,0,0,28.0,116,0,1,0,0,0,0,1,9.8
48756,40,male,Snow,4,secondary,0,0,0.0,1,0,0,0,0,23.8,128,0,0,0,0,0,0,0,8.5
22859,18,male,Doll,4,secondary,1,0,0.0,1,1,0,1,0,23.3,99,0,0,0,0,0,1,1,7.6
78325,78,female,Nightingale,3,primary,1,0,0.0,0,1,1,0,0,29.9,139,0,0,0,0,0,0,0,9.8
44209,21,female,Hill,2,primary,1,0,0.0,0,0,0,1,0,28.2,99,0,0,1,0,0,0,1,5.7
93831,39,male,Nightingale,2,primary,1,1,4.8,0,0,1,0,0,30.4,111,0,0,0,0,0,1,0,9.2
94563,71,female,Nightingale,4,primary,1,0,0.0,0,1,1,0,0,31.5,122,0,0,0,0,1,1,0,6.4
32882,23,female,Doll,4,tertiary,0,0,0.0,0,0,1,1,0,23.4,105,1,0,0,0,0,0,0,6.7
31284,52,female,Doll,4,secondary,0,0,0.0,0,0,0,0,0,22.1,119,0,0,0,0,1,1,1,8.7
32554,71,female,Nightingale,5,tertiary,1,0,0.0,0,0,1,0,0,28.8,124,0,0,0,0,0,0,1,7.6
14098,36,female,Snow,3,secondary,0,1,4.3,0,0,0,0,0,31.9,107,0,0,0,0,0,0,0,4.4
44270,54,male,Hill,5,tertiary,1,1,9.1,0,1,1,0,1,34.9,124,1,1,0,0,0,0,0,6.6
74663,69,male,Nightingale,4,secondary,1,0,0.0,1,0,0,0,0,29.1,129,0,0,0,0,0,0,0,9.6
99809,42,female,Doll,2,primary,1,1,7.2,1,1,1,0,1,25.2,109,0,0,0,0,0,0,0,8.4
63452,28,female,Snow,4,tertiary,1,0,0.0,1,0,0,0,0,19.9,110,0,0,0,0,0,0,0,8.3
50639,21,male,Doll,4,tertiary,1,0,0.0,1,0,0,1,0,22.6,102,0,0,1,0,0,0,1,4.6
87330,29,male,Snow,3,primary,0,0,0.0,0,0,1,1,0,22.7,106,0,0,0,0,0,0,0,6.7
56777,25,male,Nightingale,3,secondary,1,0,0.0,0,1,0,0,0,25.9,98,0,0,0,0,0,0,0,4.4
50227,45,female,Hill,2,primary,1,1,10.3,0,1,0,0,0,24.7,121,0,1,0,0,0,0,1,7.3
97500,25,female,Snow,1,tertiary,0,0,0.0,0,0,0,0,0,27.1,104,0,0,0,0,0,0,1,7.3
38874,48,female,Rose,3,secondary,1,0,0.0,0,0,0,0,0,25.0,115,0,0,1,0,0,0,1,8.4
90122,49,female,Doll,3,secondary,1,0,0.0,0,1,0,0,0,19.8,105,0,0,0,0,0,0,0,8.7
99222,37,female,Nightingale,3,secondary,1,0,0.0,0,1,0,0,0,31.7,138,0,0,0,0,1,0,1,6.2
51423,41,male,Doll,3,secondary,0,1,9.7,0,0,1,0,0,27.0,125,0,1,0,0,0,0,0,7.2
55285,54,male,Nightingale,2,secondary,1,0,0.0,0,0,0,0,0,23.6,100,0,0,0,0,0,0,0,7.1
43510,26,male,Doll,5,secondary,0,0,0.0,0,0,0,1,0,20.7,113,0,0,0,0,0,0,0,4.9
80795,46,female,Doll,4,secondary,1,0,0.0,1,0,0,1,0,31.3,128,0,0,0,0,1,0,1,7.5
70754,41,male,Hill,4,primary,1,0,0.0,1,0,0,1,0,27.3,134,0,1,0,0,0,0,1,8.9
10194,23,male,Hill,5,tertiary,1,0,0.0,1,0,0,0,0,24.2,112,0,0,0,0,0,0,0,8.5
68023,46,male,Nightingale,3,secondary,1,0,0.0,0,1,0,0,0,28.8,113,1,0,0,0,0,1,0,7.6
52063,30,female,Nightingale,4,secondary,1,0,0.0,0,1,0,1,0,27.9,107,0,0,0,0,0,1,1,4.1
31175,39,male,Rose,3,secondary,0,1,6.2,0,1,1,1,0,24.9,102,0,0,0,0,0,0,0,4.1
58788,44,female,Rose,3,secondary,1,1,7.4,0,0,0,0,0,22.3,127,0,0,0,1,0,0,1,7.7
54060,32,female,Hill,2,primary,0,1,2.8,1,1,1,0,0,26.8,90,0,0,0,0,0,0,0,8.7
17116,73,female,Rose,5,tertiary,1,0,0.0,0,1,0,1,0,25.9,122,0,0,0,0,0,0,1,8.7
58759,53,female,Hill,3,tertiary,0,1,8.8,0,0,0,0,0,24.9,115,0,0,0,0,0,0,0,6.2
85986,29,female,Snow,1,secondary,1,1,4.9,0,0,1,1,1,24.9,133,0,0,0,0,1,1,0,4.3
77518,76,female,Doll,5,secondary,1,0,0.0,0,0,1,1,1,33.6,143,0,1,0,0,1,0,1,6.6
78728,55,female,Doll,5,tertiary,1,0,0.0,0,0,1,1,0,29.1,127,0,0,0,0,0,0,1,7.2
64934,23,male,Nightingale,2,secondary,1,1,1.4,1,1,1,1,0,29.1,102,0,1,0,0,0,0,1,4.4
15677,74,male,Rose,5,tertiary,0,0,0.0,0,0,0,0,0,23.9,129,0,0,0,0,0,0,1,5.0
78726,32,female,Doll,2,primary,0,0,0.0,0,0,0,0,0,26.6,100,1,0,0,0,0,0,0,4.1
56313,41,female,Snow,1,primary,0,0,0.0,0,0,1,1,0,32.5,113,0,0,0,0,0,0,0,9.0
85450,67,male,Nightingale,2,secondary,1,1,18.5,1,1,1,0,0,29.8,131,0,0,0,0,0,0,0,5.5
76084,78,female,Rose,5,tertiary,1,0,0.0,1,0,1,0,0,29.5,134,1,0,0,0,0,0,0,8.4
19132,72,female,Snow,1,secondary,0,0,0.0,1,0,0,0,0,32.0,125,0,0,0,0,0,0,0,8.5
49024,61,female,Hill,2,tertiary,1,0,0.0,0,0,1,0,1,33.4,115,0,0,0,0,1,0,1,4.5
44898,31,female,Snow,2,primary,1,1,3.3,0,0,0,1,0,30.8,114,0,0,0,0,0,0,0,7.2
42694,45,female,Snow,3,secondary,0,0,0.0,1,0,0,1,0,33.2,124,0,0,0,0,0,0,0,5.1
73224,69,male,Hill,4,secondary,0,0,0.0,1,0,1,0,0,29.1,112,0,0,0,0,0,0,0,7.0
96073,35,male,Doll,3,secondary,0,0,0.0,0,0,0,1,0,23.8,118,0,0,0,0,0,1,0,8.5
20250,71,female,Nightingale,4,primary,1,0,0.0,0,0,1,0,0,30.9,134,1,0,0,0,0,1,0,9.3
63668,20,female,Snow,2,secondary,1,0,0.0,0,1,0,0,0,26.2,118,0,0,0,0,0,0,1,9.2
25676,49,male,Hill,5,secondary,1,0,0.0,0,0,0,0,0,29.0,109,1,0,0,0,0,0,0,7.8
22402,21,female,Doll,2,primary,1,0,0.0,0,1,1,0,0,34.2,105,0,0,0,0,0,1,1,8.2
27993,63,female,Rose,5,tertiary,1,0,0.0,0,1,1,0,0,33.9,109,0,0,0,0,0,1,0,5.8
32721,42,female,Nightingale,3,secondary,0,0,0.0,0,0,0,0,0,30.8,117,0,0,0,0,0,0,0,9.7
63462,54,male,Hill,3,secondary,0,0,0.0,0,0,1,0,0,28.0,119,0,0,0,0,0,0,0,4.8
77238,19,male,Rose,5,tertiary,1,0,0.0,0,0,0,1,0,21.2,110,0,0,0,0,0,0,0,4.3
38745,69,female,Doll,5,secondary,1,0,0.0,1,0,0,0,0,22.4,131,0,0,0,0,0,0,0,9.9
96376,45,male,Doll,5,tertiary,1,0,0.0,1,1,1,0,0,28.5,128,0,0,0,0,0,0,1,6.8
42102,23,female,Nightingale,4,tertiary,1,0,0.0,1,0,1,0,0,16.5,103,0,0,0,0,0,0,1,8.9
70990,42,male,Doll,2,secondary,0,1,10.4,1,0,1,0,0,32.2,129,1,0,0,0,0,0,0,6.7
90503,70,female,Doll,5,tertiary,1,0,0.0,0,0,0,0,0,28.2,140,0,0,0,0,0,0,0,5.7
96368,66,male,Nightingale,3,secondary,1,0,0.0,1,0,0,0,1,24.9,116,1,0,1,0,0,0,1,5.2
42394,20,female,Rose,4,tertiary,0,0,0.0,0,0,0,1,0,24.5,115,0,0,0,0,0,0,0,9.1
23219,67,female,Doll,5,tertiary,1,0,0.0,0,0,0,0,0,29.9,119,0,0,0,0,0,0,1,8.4
43310,39,male,Snow,2,secondary,0,0,0.0,1,1,0,1,1,29.9,128,0,0,1,0,1,0,1,4.2
64893,31,female,Snow,4,secondary,0,0,0.0,0,0,0,1,0,21.7,107,0,0,0,0,0,0,0,7.6
50486,21,female,Rose,3,secondary,1,1,1.5,1,1,1,0,0,32.3,116,0,0,0,0,0,0,0,8.3
54594,50,female,Doll,4,tertiary,0,1,15.6,0,0,0,0,0,22.7,117,0,0,0,0,0,0,1,6.8
90234,53,male,Nightingale,3,secondary,0,0,0.0,0,0,0,0,0,29.8,113,0,0,1,0,0,0,0,9.3
24908,63,female,Snow,1,tertiary,1,0,0.0,1,1,1,0,1,24.7,112,1,0,1,0,0,0,1,4.7
39695,20,female,Rose,5,secondary,1,0,0.0,0,0,0,1,1,26.9,99,0,0,0,0,0,0,0,7.5
80198,75,female,Doll,5,tertiary,1,0,0.0,1,0,0,0,0,28.1,116,0,1,0,0,0,0,0,7.4
76374,32,male,Rose,2,secondary,0,0,0.0,0,0,1,0,0,26.3,112,0,0,0,0,0,0,0,7.0
51487,77,male,Hill,1,primary,0,1,25.8,0,0,1,0,1,23.1,133,1,1,1,0,1,0,1,4.8
78715,60,female,Rose,5,tertiary,1,0,0.0,0,1,0,0,0,29.1,103,0,0,0,0,0,0,1,5.7
32019,75,male,Hill,4,secondary,0,0,0.0,1,1,0,0,1,30.1,132,0,0,0,0,0,0,0,8.3
13646,33,female,Nightingale,1,primary,1,0,0.0,1,0,0,1,0,32.9,107,0,0,0,0,0,0,0,8.9
11675,43,male,Hill,2,secondary,0,0,0.0,1,1,0,0,0,31.4,114,0,0,0,0,0,0,0,7.6
71292,43,female,Hill,4,tertiary,0,0,0.0,1,0,1,0,1,24.5,107,0,0,0,0,0,0,0,5.9
34441,41,female,Hill,2,primary,1,0,0.0,0,0,1,0,0,23.4,99,0,0,0,0,0,0,0,7.8
22788,20,female,Snow,4,secondary,1,1,0.9,0,0,1,0,0,30.8,101,0,0,0,0,0,0,0,9.3
71758,60,female,Nightingale,2,secondary,1,0,0.0,1,1,1,0,0,28.0,121,0,0,0,0,0,0,0,6.8
40547,76,female,Nightingale,2,primary,0,0,0.0,1,1,1,0,1,37.9,136,0,1,0,0,1,0,0,9.3
24719,22,male,Rose,5,tertiary,1,0,0.0,0,1,0,0,0,17.0,106,0,0,0,0,0,1,0,4.9
75845,50,female,Snow,2,secondary,0,0,0.0,1,1,1,0,0,31.9,134,0,0,0,0,0,0,0,7.2
72718,20,male,Doll,2,secondary,1,1,0.7,1,1,0,1,0,33.6,117,0,0,0,0,0,0,0,5.8
51541,53,male,Nightingale,4,tertiary,0,0,0.0,0,0,0,1,0,22.9,119,0,0,0,0,0,0,0,8.4
79441,32,male,Doll,3,primary,0,0,0.0,1,0,0,1,0,24.7,103,0,0,0,0,1,1,1,6.9
42022,37,female,Rose,5,tertiary,1,1,3.5,1,0,0,0,0,22.1,104,0,0,0,0,0,0,1,5.2
49694,72,female,Hill,4,secondary,1,1,13.7,0,1,1,1,0,30.1,136,0,1,0,0,0,0,1,7.7
63083,60,female,Hill,3,secondary,0,0,0.0,1,1,1,0,0,26.2,108,0,0,0,0,0,0,1,7.7
46957,76,male,Snow,1,primary,0,0,0.0,1,0,1,1,1,29.7,134,1,1,0,0,1,0,1,9.5
33709,39,male,Snow,4,tertiary,1,0,0.0,0,0,0,1,0,29.8,115,0,0,0,0,0,0,0,5.8
25412,48,male,Rose,3,secondary,0,0,0.0,0,1,0,0,0,24.6,127,1,0,0,0,0,0,0,6.6
48396,65,male,Hill,4,secondary,1,0,0.0,1,0,0,0,0,27.6,100,0,0,0,0,0,0,0,4.3
74891,41,female,Doll,2,secondary,1,0,0.0,0,1,0,0,1,29.8,129,0,0,0,0,0,0,0,8.2
18425,34,female,Hill,1,secondary,0,0,0.0,1,1,0,0,0,32.2,111,0,0,0,0,0,0,0,4.7
70633,47,male,Nightingale,4,primary,1,0,0.0,1,0,1,1,1,25.7,112,0,0,0,0,0,0,1,4.2
95132,53,male,Nightingale,1,secondary,0,1,15.0,0,0,0,0,0,30.2,112,0,0,0,0,0,0,0,7.9
17354,63,female,Nightingale,4,tertiary,1,1,10.0,1,0,0,0,0,25.2,127,1,0,0,0,0,0,0,4.7
77878,36,female,Rose,3,primary,1,1,8.4,1,0,0,0,0,23.5,113,0,0,0,0,0,0,0,8.8
82190,20,male,Doll,4,tertiary,1,1,0.4,0,0,0,0,0,24.6,109,1,0,0,0,0,0,0,6.8
60587,28,male,Nightingale,1,secondary,1,1,3.6,1,1,1,0,0,30.2,117,1,0,0,0,0,0,0,9.4
71874,36,male,Doll,2,secondary,0,0,0.0,1,0,0,0,0,29.7,107,0,0,0,0,0,0,0,10.0
86767,68,male,Snow,1,primary,1,0,0.0,1,1,1,0,1,32.5,131,0,0,0,0,0,0,0,8.5
80165,69,female,Snow,2,primary,0,1,19.3,0,0,0,0,0,33.2,126,0,0,0,1,0,1,1,4.3
47875,37,male,Doll,2,secondary,0,0,0.0,1,1,1,1,0,31.4,117,0,0,0,0,0,0,0,8.7
21168,67,male,Snow,1,secondary,0,0,0.0,1,0,1,0,0,23.6,127,0,0,0,0,0,0,1,5.7
73970,74,male,Doll,3,secondary,1,0,0.0,0,1,0,0,0,29.6,116,0,0,0,0,0,0,1,7.3
19883,65,female,Snow,3,secondary,1,1,20.7,0,1,1,0,0,27.1,116,0,0,0,0,0,0,0,7.6
64349,24,male,Doll,4,tertiary,0,0,0.0,0,0,0,1,1,25.5,108,0,0,1,0,0,1,1,6.2
13165,46,female,Doll,2,tertiary,0,1,13.8,1,1,1,0,0,30.6,115,0,0,0,0,0,0,0,7.1
71899,28,male,Nightingale,4,secondary,0,0,0.0,1,0,1,1,0,33.4,119,0,0,0,0,0,0,0,8.9
78016,71,female,Hill,4,secondary,1,0,0.0,0,0,0,0,0,29.4,140,0,0,1,1,1,1,1,5.6
16735,37,male,Rose,5,tertiary,0,0,0.0,0,0,1,1,0,25.0,102,0,0,0,0,0,0,0,8.0
43182,35,male,Rose,2,secondary,0,0,0.0,0,1,0,0,0,29.1,120,0,0,0,0,0,0,0,7.1
87597,33,female,Hill,1,tertiary,0,0,0.0,0,1,0,0,1,31.7,104,0,0,0,0,0,0,0,7.1
89737,67,male,Hill,2,tertiary,1,0,0.0,0,0,0,0,0,24.4,115,1,1,0,0,0,0,1,5.6
26424,20,male,Doll,2,secondary,1,1,0.8,0,0,0,1,0,25.0,109,0,0,1,0,0,0,1,8.7
40894,74,male,Snow,1,primary,0,0,0.0,1,1,1,0,1,35.3,128,0,0,1,0,0,1,1,7.4
93382,65,female,Snow,3,primary,1,1,24.5,0,1,0,0,0,25.6,131,0,0,0,0,0,1,0,6.5
42034,45,female,Hill,2,tertiary,1,0,0.0,1,1,1,0,0,30.7,99,0,0,0,0,0,0,0,8.1
41857,26,male,Doll,5,secondary,1,0,0.0,0,1,0,1,0,29.3,109,0,0,0,0,0,0,0,4.8
44618,70,female,Rose,3,secondary,1,0,0.0,0,0,0,0,1,23.0,128,1,0,0,0,0,0,1,4.5
46598,51,female,Rose,2,tertiary,0,0,0.0,1,0,0,0,1,21.6,136,0,0,0,0,0,1,0,5.1
53519,63,female,Snow,4,tertiary,1,0,0.0,0,0,0,0,1,25.7,108,0,0,0,0,0,0,1,4.5
27098,36,male,Hill,5,tertiary,1,0,0.0,1,1,1,0,0,31.7,104,0,0,0,0,0,0,0,6.0
38790,57,male,Hill,4,tertiary,1,1,14.2,0,1,0,0,0,31.3,129,0,0,0,0,0,0,0,4.2
43400,37,male,Doll,4,tertiary,1,0,0.0,1,0,1,0,0,23.9,124,1,0,0,0,0,0,1,7.5
92715,65,male,Doll,2,secondary,0,0,0.0,1,0,1,0,0,28.7,125,0,0,0,0,0,0,0,5.1
29282,34,male,Nightingale,2,secondary,1,1,5.8,0,0,1,0,0,25.5,120,0,0,0,0,0,0,0,5.5
79032,59,female,Nightingale,4,tertiary,0,0,0.0,0,0,1,1,0,28.9,123,0,0,0,0,0,0,0,9.3
30159,45,male,Doll,2,secondary,0,0,0.0,1,0,0,0,0,26.7,94,0,0,1,0,0,0,0,4.1
68193,66,male,Doll,5,secondary,1,1,16.2,0,1,0,0,0,25.8,117,1,0,0,0,0,0,1,7.3
82529,18,female,Hill,2,secondary,0,1,0.0,0,1,0,0,0,24.9,106,0,0,0,0,0,0,0,9.1
59266,18,female,Snow,3,secondary,1,0,0.0,1,0,0,0,0,27.4,101,0,0,0,0,0,0,0,7.9
96278,61,male,Doll,5,secondary,1,0,0.0,1,0,0,0,0,21.8,110,0,0,0,0,0,0,0,7.3
29334,18,female,Rose,5,tertiary,1,0,0.0,0,0,0,0,1,19.9,101,0,0,0,0,0,0,0,6.9
10153,23,male,Nightingale,4,secondary,1,0,0.0,0,0,0,0,0,19.7,90,0,0,0,0,0,0,0,7.2
77359,69,female,Rose,2,primary,0,0,0.0,1,0,1,0,0,32.0,136,0,0,0,0,1,0,0,8.6
25035,20,male,Nightingale,5,tertiary,1,0,0.0,1,0,0,0,0,18.8,99,0,0,0,0,0,0,0,7.2
46437,57,male,Hill,3,secondary,0,0,0.0,0,0,0,1,0,27.8,136,1,0,0,0,0,0,0,8.6
44560,35,male,Snow,1,primary,0,0,0.0,1,0,0,0,1,28.0,98,0,0,0,0,1,1,0,6.8
65423,75,female,Rose,5,tertiary,1,0,0.0,0,0,1,0,0,21.6,139,0,0,0,0,0,0,0,9.4
77311,24,female,Rose,4,secondary,0,0,0.0,0,1,0,0,0,31.9,110,0,0,0,0,0,0,1,4.4
35515,30,male,Snow,2,secondary,0,1,3.2,1,1,1,1,1,23.7,125,0,0,0,0,0,0,0,5.5
67274,73,male,Rose,5,tertiary,1,0,0.0,1,1,1,0,0,29.8,125,0,0,0,0,0,0,0,4.4
31587,79,female,Rose,2,secondary,0,1,30.6,0,1,1,0,1,34.7,136,0,0,0,0,0,0,0,7.0
74746,74,female,Nightingale,3,secondary,0,0,0.0,1,0,1,0,1,24.4,135,0,1,0,0,0,0,0,7.1
93991,54,female,Nightingale,3,primary,1,0,0.0,0,1,0,0,1,24.5,110,0,0,1,0,0,0,1,4.5
73379,77,male,Hill,3,secondary,1,0,0.0,0,0,0,0,0,32.8,132,0,0,0,0,0,0,0,6.0
67536,79,male,Rose,5,tertiary,1,1,19.7,0,1,0,0,0,30.0,118,0,0,0,0,0,0,1,4.1
38006,61,male,Snow,1,primary,1,0,0.0,1,1,1,0,0,27.1,127,0,0,0,0,0,0,0,9.5
81386,50,female,Doll,3,secondary,1,0,0.0,0,0,0,0,0,29.3,129,0,0,0,0,0,0,1,9.0
96293,70,male,Snow,3,secondary,0,0,0.0,0,0,0,1,1,27.8,127,0,0,0,0,1,0,1,8.0
28258,44,male,Snow,1,primary,1,1,13.6,0,1,0,0,0,28.4,116,1,0,0,0,0,0,0,9.8
87346,37,male,Snow,4,secondary,0,0,0.0,0,0,0,0,0,23.5,102,0,0,0,0,0,0,0,5.8
37170,59,male,Hill,3,primary,0,0,0.0,0,1,1,0,0,35.2,123,1,1,1,0,0,0,1,6.9
76699,39,male,Rose,5,primary,1,0,0.0,1,0,1,1,0,32.7,111,0,0,0,0,0,1,0,4.2
36530,43,female,Doll,5,primary,1,0,0.0,1,0,0,0,0,26.6,104,0,0,0,0,0,0,0,8.8
24130,31,male,Nightingale,3,secondary,0,0,0.0,1,0,0,0,0,27.5,99,1,0,0,0,0,0,0,8.4
73106,58,male,Hill,3,tertiary,1,1,15.4,0,0,1,0,1,27.8,117,0,0,0,0,0,0,0,6.4
75544,39,male,Nightingale,2,primary,0,1,4.3,1,1,0,1,0,29.6,107,0,0,0,0,0,0,0,6.0
95183,44,male,Snow,4,secondary,0,1,5.4,0,0,0,1,0,27.9,115,0,0,0,0,0,1,0,5.9
26456,77,male,Doll,4,secondary,1,0,0.0,0,0,0,0,0,27.1,136,0,0,0,0,0,0,0,4.2
21900,48,male,Nightingale,4,secondary,1,0,0.0,0,0,1,0,0,26.5,113,0,0,0,0,0,0,0,6.6
97296,21,female,Hill,2,secondary,1,0,0.0,1,0,1,1,0,20.7,101,0,0,1,0,0,1,1,5.5
73334,37,female,Doll,3,primary,1,1,5.2,1,0,1,0,1,27.6,113,0,0,0,0,0,0,0,6.3
63667,36,male,Snow,4,secondary,0,0,0.0,1,0,0,0,1,28.0,103,0,0,0,0,0,0,0,5.2
83397,72,female,Snow,3,tertiary,1,0,0.0,0,0,0,0,0,28.1,138,0,0,0,0,0,0,1,5.7
91880,25,female,Hill,5,tertiary,0,1,2.8,1,0,0,1,0,30.6,111,0,0,0,0,0,0,0,6.5
91876,73,male,Snow,3,secondary,1,0,0.0,1,0,1,0,1,29.3,128,1,1,0,0,0,0,1,9.5
59067,64,female,Nightingale,1,secondary,1,1,19.6,1,1,0,0,1,26.4,124,0,0,0,0,0,0,1,6.3
39047,27,male,Snow,4,tertiary,1,0,0.0,1,0,1,1,1,27.3,103,0,0,1,0,0,0,0,9.3
88923,69,male,Doll,4,secondary,0,0,0.0,1,1,0,0,1,28.2,123,0,0,0,0,0,0,0,7.7
58325,44,female,Hill,3,tertiary,1,0,0.0,1,1,0,0,0,32.5,112,1,0,0,0,0,0,0,6.3
26403,65,female,Snow,3,secondary,1,0,0.0,0,0,0,0,0,29.5,121,0,0,0,0,0,0,0,5.2
17828,35,male,Rose,3,primary,0,0,0.0,0,0,0,1,0,26.7,103,0,0,0,0,0,0,0,6.3
31017,46,female,Doll,3,secondary,1,1,10.5,0,0,0,0,0,27.4,122,0,0,0,0,0,0,0,8.2
50234,78,female,Rose,4,secondary,1,0,0.0,1,0,1,0,0,29.8,125,0,0,0,0,1,0,1,8.9
22112,47,female,Rose,3,tertiary,0,0,0.0,0,1,0,0,0,25.8,123,0,0,0,0,0,0,0,6.2
44940,63,female,Hill,2,secondary,0,1,11.7,1,0,0,0,1,25.0,129,0,0,0,1,0,0,1,7.7
81321,70,male,Rose,2,secondary,0,1,18.4,1,0,1,0,0,35.1,126,0,0,0,1,0,0,0,6.4
20768,78,female,Doll,5,tertiary,0,0,0.0,1,1,0,0,0,26.6,136,0,0,0,0,0,0,0,7.1
18082,42,male,Rose,2,secondary,1,0,0.0,0,1,1,0,0,27.2,103,0,0,0,0,0,0,0,7.8
42864,40,female,Nightingale,4,secondary,1,1,5.5,1,0,0,0,0,26.3,119,0,0,0,0,0,0,0,7.0
42485,51,female,Nightingale,2,primary,0,1,13.5,0,1,0,0,0,30.8,116,0,0,0,0,0,0,0,6.8
12672,20,male,Snow,2,primary,0,0,0.0,0,1,1,1,0,28.4,93,0,0,0,0,0,0,1,9.0
40160,77,male,Doll,3,secondary,1,0,0.0,0,0,1,0,0,28.6,119,0,0,0,0,0,0,1,6.9
44333,24,male,Nightingale,2,secondary,0,0,0.0,0,0,0,0,0,25.4,102,0,0,0,0,0,0,0,5.8
26056,41,female,Rose,2,secondary,1,0,0.0,0,0,0,0,0,24.6,117,0,0,0,0,0,1,0,5.8
15870,24,male,Doll,4,secondary,1,0,0.0,0,1,1,1,0,32.8,116,0,0,0,0,0,1,0,10.0
50650,34,female,Doll,2,secondary,0,0,0.0,1,1,0,1,1,30.9,124,0,0,1,0,0,1,0,8.9
14859,21,female,Hill,4,tertiary,0,0,0.0,1,0,0,1,0,26.7,114,0,0,0,0,0,1,0,9.7
47912,35,male,Doll,2,secondary,1,0,0.0,1,0,0,0,0,21.2,95,0,0,0,0,0,0,1,9.9
54149,23,male,Snow,3,tertiary,0,0,0.0,1,1,1,0,0,32.7,104,0,0,0,0,0,0,0,7.1
71008,35,female,Snow,3,secondary,0,1,3.6,0,0,0,0,0,30.8,112,0,0,0,0,0,0,0,5.4
93010,58,male,Nightingale,3,primary,1,0,0.0,1,0,1,0,1,29.4,119,0,0,0,0,0,1,1,4.4
35993,74,male,Doll,4,secondary,1,0,0.0,1,0,0,0,1,29.1,141,0,0,0,0,0,1,0,4.9
87776,43,male,Rose,4,secondary,1,0,0.0,1,0,1,0,0,25.2,112,0,0,0,0,0,0,0,8.6
84118,67,male,Rose,4,secondary,1,0,0.0,1,0,1,0,0,26.3,128,0,0,1,0,0,0,1,6.6
37255,40,female,Hill,3,secondary,1,0,0.0,0,0,1,0,0,25.8,138,0,0,0,0,1,0,1,8.2
91401,35,male,Rose,5,tertiary,1,0,0.0,0,0,1,1,0,35.6,131,1,1,0,0,0,0,1,7.7
30987,28,female,Nightingale,3,primary,0,0,0.0,0,0,0,0,0,29.1,117,0,0,0,0,0,0,0,9.6
84574,28,female,Doll,2,secondary,0,0,0.0,1,1,1,0,1,31.1,106,0,0,0,0,0,0,0,5.6
24491,51,male,Rose,4,primary,1,1,9.8,0,0,0,0,0,34.9,118,0,0,0,0,0,0,1,8.3
40415,66,female,Nightingale,2,tertiary,0,0,0.0,0,1,1,0,1,31.8,129,0,0,0,0,0,0,0,4.7
84095,25,female,Nightingale,4,secondary,1,0,0.0,0,0,1,0,0,22.9,104,0,0,0,0,0,0,0,9.8
69840,25,male,Hill,3,secondary,0,0,0.0,0,1,1,1,0,27.7,97,0,0,0,0,0,1,0,6.5
82178,59,male,Doll,2,primary,1,0,0.0,0,1,0,0,1,31.4,129,0,0,0,0,0,0,0,8.6
46552,38,male,Snow,2,primary,1,1,7.7,0,0,1,1,0,31.9,123,0,0,0,0,0,1,1,8.4
95024,65,male,Hill,4,secondary,1,0,0.0,1,0,0,0,0,28.3,127,0,0,0,0,1,0,0,6.8
30399,40,female,Rose,4,tertiary,1,1,7.1,0,0,1,0,0,26.7,120,0,0,0,0,0,0,1,4.5
24022,58,female,Snow,1,secondary,0,1,8.5,1,1,0,0,1,27.2,121,1,1,0,0,0,0,1,7.5
87201,42,female,Hill,3,primary,1,1,4.8,0,0,0,0,0,23.8,107,0,0,0,0,0,0,1,8.5
37619,45,male,Nightingale,4,secondary,1,0,0.0,0,0,0,0,0,20.6,110,0,0,0,0,0,0,0,5.0
14220,53,female,Snow,3,secondary,0,0,0.0,1,1,1,0,0,32.7,107,0,0,0,0,0,0,0,6.9
79043,31,male,Hill,3,primary,0,0,0.0,0,0,1,0,0,27.1,112,0,0,0,0,0,0,0,5.5
38464,20,male,Rose,5,secondary,1,0,0.0,1,0,1,1,0,26.1,108,0,0,0,0,0,0,0,5.1
41484,70,female,Doll,4,tertiary,1,0,0.0,0,0,0,0,0,32.3,142,1,0,0,0,0,0,1,7.0
63496,42,male,Hill,5,secondary,1,0,0.0,0,1,0,0,1,27.6,109,0,0,0,0,0,0,1,7.6
81628,66,male,Doll,5,tertiary,1,0,0.0,0,0,1,0,1,27.9,130,0,0,0,0,0,0,0,5.4
70466,77,female,Doll,3,secondary,1,0,0.0,0,0,0,0,0,30.0,130,0,0,0,0,0,0,0,4.7
51132,64,female,Doll,2,secondary,1,0,0.0,1,0,0,0,0,24.3,112,1,0,0,0,0,0,0,5.6
34600,59,female,Rose,3,tertiary,1,1,15.7,1,0,0,1,0,27.7,127,0,0,0,0,0,1,0,8.7
32947,51,male,Snow,3,tertiary,1,0,0.0,1,1,1,1,0,30.0,129,0,0,0,0,0,0,0,7.1
67335,32,female,Snow,4,secondary,1,0,0.0,0,1,0,0,0,29.6,96,0,0,0,0,0,0,0,7.7
95803,71,female,Doll,5,secondary,1,1,22.3,0,0,0,0,0,26.0,126,1,0,0,0,0,0,0,5.3
28377,72,female,Nightingale,3,secondary,0,0,0.0,1,0,1,0,0,28.7,124,1,0,0,0,0,1,1,4.6
96388,45,male,Doll,2,secondary,1,0,0.0,0,0,1,0,0,26.2,109,0,0,0,0,0,0,0,7.6
66745,68,male,Rose,4,primary,1,0,0.0,0,0,0,0,0,23.3,128,0,0,1,0,0,0,1,9.5
97255,52,male,Rose,5,tertiary,1,1,11.8,1,1,0,0,0,30.8,122,0,0,1,0,0,0,0,9.8
45318,59,female,Snow,3,primary,0,0,0.0,0,0,0,1,0,28.2,127,0,0,0,0,0,0,0,4.2
17255,38,female,Hill,2,primary,1,1,8.2,1,1,1,0,0,28.8,101,0,0,0,0,0,0,0,8.8
56466,78,female,Hill,2,secondary,1,0,0.0,1,1,1,0,1,29.6,132,0,0,0,0,1,0,1,6.0
11184,51,female,Nightingale,4,secondary,1,0,0.0,0,0,0,0,1,32.9,109,0,0,0,0,0,0,0,9.2
89176,21,female,Nightingale,2,secondary,0,1,0.9,1,0,1,0,1,31.4,106,0,0,0,0,0,0,1,8.2
92369,31,male,Snow,1,secondary,0,1,5.1,1,1,1,0,0,29.0,106,0,0,0,0,0,0,0,6.6
28613,52,male,Doll,5,secondary,0,0,0.0,0,0,0,0,0,27.1,108,0,0,1,0,0,0,0,9.3
52190,61,female,Doll,5,tertiary,1,0,0.0,0,0,0,0,0,23.3,128,0,0,0,0,0,0,0,6.5
89819,24,male,Nightingale,4,tertiary,0,0,0.0,0,1,0,0,0,25.3,110,1,0,0,0,0,1,0,4.6
45414,50,male,Hill,4,secondary,1,0,0.0,1,0,0,0,0,22.7,105,0,0,0,0,0,0,1,4.6
49396,47,female,Nightingale,4,tertiary,1,0,0.0,0,0,0,0,0,24.8,120,1,0,0,0,0,0,0,8.0
47316,71,male,Nightingale,3,secondary,0,0,0.0,0,1,0,0,0,31.5,121,0,1,0,0,0,0,0,5.1
39135,66,female,Nightingale,1,secondary,0,0,0.0,0,1,0,0,0,30.7,118,0,0,0,0,1,0,1,5.1
87029,65,female,Rose,3,secondary,1,0,0.0,0,0,0,0,1,29.6,138,0,0,1,0,0,0,1,7.1
94389,27,female,Snow,1,tertiary,1,0,0.0,1,1,1,0,1,26.3,97,0,0,1,0,0,0,1,6.2
50893,39,female,Rose,2,secondary,0,0,0.0,0,1,0,0,0,25.1,103,0,0,0,0,0,0,0,7.5
10177,28,male,Nightingale,3,primary,0,1,3.0,1,0,1,1,0,28.7,113,0,0,0,0,0,1,0,4.6
60152,29,male,Rose,3,tertiary,0,0,0.0,0,0,0,1,0,23.7,111,0,0,0,0,0,0,0,7.3
65236,43,male,Snow,1,primary,0,0,0.0,0,0,0,0,1,28.9,116,0,0,0,0,0,0,0,4.8
13245,61,male,Doll,2,secondary,1,0,0.0,0,1,0,0,0,31.3,130,1,0,0,0,0,0,1,5.6
96904,27,female,Doll,3,secondary,1,0,0.0,0,1,0,1,0,25.7,106,0,0,1,0,0,0,1,5.0
45794,43,male,Rose,3,secondary,0,1,6.6,1,0,1,0,0,30.9,127,0,0,1,0,0,0,0,6.0
64524,26,female,Rose,3,secondary,1,0,0.0,1,0,0,0,0,26.1,92,0,0,0,0,0,0,0,9.8
44945,31,female,Snow,3,tertiary,0,1,3.3,1,0,0,0,1,30.1,111,0,0,0,0,0,0,0,4.0
65211,46,female,Snow,3,secondary,1,1,4.9,0,0,0,0,0,29.9,104,0,0,0,0,0,0,0,5.4
18236,59,male,Nightingale,4,tertiary,0,0,0.0,0,0,0,1,0,26.7,133,0,0,0,0,0,0,0,6.7
58429,73,female,Rose,4,secondary,0,0,0.0,0,0,1,0,0,36.7,146,0,0,1,0,0,0,1,8.0
24564,46,female,Rose,5,secondary,1,0,0.0,0,0,0,0,1,24.5,99,0,0,0,0,0,0,0,4.3
15080,53,male,Doll,5,primary,1,0,0.0,0,0,1,0,0,28.7,109,0,1,0,0,0,0,0,8.3
29031,55,female,Snow,2,secondary,0,0,0.0,0,1,1,0,0,28.1,108,0,0,0,0,0,0,0,5.1
14293,25,male,Nightingale,1,secondary,0,1,2.0,1,0,1,0,0,29.0,91,1,0,0,0,0,0,1,7.8
69901,52,male,Doll,2,tertiary,0,0,0.0,0,0,0,0,0,25.1,109,0,0,0,0,0,0,0,4.5
58035,45,male,Nightingale,1,secondary,0,1,11.2,1,1,1,1,0,25.4,130,1,0,0,0,0,0,1,5.8
92495,60,male,Snow,4,secondary,1,1,16.5,0,0,1,0,0,34.0,133,1,0,0,0,0,0,0,5.2
73728,38,male,Hill,3,secondary,0,0,0.0,0,0,0,0,0,24.7,114,0,0,0,0,0,0,0,6.1
47868,64,female,Rose,5,secondary,1,1,21.6,0,0,1,0,0,27.8,129,0,0,0,0,0,0,1,7.6
31754,56,male,Doll,4,tertiary,1,0,0.0,0,0,1,0,0,23.3,113,0,0,0,0,0,0,1,7.3
61437,39,female,Hill,3,secondary,1,1,6.2,1,0,1,0,0,28.4,117,0,0,0,0,0,0,1,9.4
78779,33,female,Nightingale,2,primary,1,0,0.0,0,0,0,1,0,24.1,110,0,0,1,0,0,1,1,9.0
94157,34,male,Hill,5,secondary,1,0,0.0,0,0,0,0,1,21.0,113,0,0,0,0,0,0,0,9.7
60249,72,female,Nightingale,4,secondary,0,1,14.0,0,0,0,0,1,37.1,135,0,0,0,0,1,0,1,4.2
50238,67,female,Rose,2,secondary,1,1,22.3,1,0,1,0,0,28.6,142,0,0,0,0,0,0,0,5.7
80554,66,male,Rose,4,secondary,1,0,0.0,0,0,1,0,0,21.5,122,0,0,0,0,0,0,1,9.1
25182,49,male,Rose,5,tertiary,1,1,10.3,0,1,1,0,0,28.6,118,1,0,0,0,0,0,0,8.1
26701,61,female,Snow,4,secondary,0,1,17.1,0,0,0,0,0,30.8,125,0,0,0,0,0,0,0,8.3
86645,59,female,Hill,3,tertiary,1,1,9.2,1,0,1,0,0,30.5,122,0,0,0,0,0,0,0,5.8
15643,24,female,Nightingale,2,secondary,0,1,1.4,0,1,1,1,0,27.5,120,1,0,0,0,0,0,0,5.2
15095,68,female,Snow,2,secondary,0,1,17.0,0,1,0,0,0,35.2,139,0,1,0,0,0,0,1,5.1
25664,45,male,Snow,4,tertiary,0,0,0.0,1,1,0,1,0,26.6,120,1,0,0,0,1,0,0,9.4
59575,58,female,Rose,5,tertiary,1,0,0.0,0,0,0,0,0,25.0,117,1,0,0,0,0,0,1,10.0
67266,27,female,Doll,5,secondary,0,0,0.0,1,0,1,0,0,29.5,106,0,0,0,0,0,0,0,9.3
43238,34,male,Rose,5,secondary,1,0,0.0,1,0,0,1,0,27.6,114,0,0,0,0,0,0,1,6.1
94396,31,female,Rose,5,tertiary,1,0,0.0,1,0,0,1,0,27.8,114,0,0,0,0,0,0,1,4.4
53291,21,male,Snow,1,secondary,0,0,0.0,1,0,0,1,0,26.3,115,0,0,0,0,0,0,0,5.0
84354,44,male,Hill,4,secondary,1,0,0.0,0,1,1,0,0,28.4,107,1,0,0,0,0,0,0,8.4
90365,72,female,Rose,2,secondary,0,1,19.1,1,0,0,0,0,23.2,137,1,1,0,1,0,0,1,5.8
78916,54,male,Doll,4,secondary,0,0,0.0,0,1,1,0,0,28.4,118,0,0,0,0,1,0,0,6.4
83765,70,male,Nightingale,4,tertiary,1,0,0.0,1,1,0,0,1,27.3,140,0,0,0,0,0,1,0,6.6
91303,46,female,Nightingale,4,secondary,1,0,0.0,1,0,0,0,0,25.1,110,0,0,0,0,0,0,0,8.0
86753,55,female,Snow,2,secondary,0,0,0.0,0,1,0,1,0,35.9,119,1,0,0,0,1,0,0,7.1
66477,35,male,Snow,3,tertiary,0,1,6.3,1,0,0,0,0,26.4,111,0,0,0,0,0,0,0,5.2
67073,75,female,Hill,4,secondary,0,0,0.0,1,0,0,0,1,35.1,144,0,0,1,0,0,0,1,8.1
80653,32,male,Hill,2,primary,0,1,6.4,1,0,0,1,0,23.7,120,0,0,1,0,0,0,1,5.0
49142,32,male,Rose,2,primary,0,1,5.3,1,1,1,0,0,29.7,107,0,0,0,0,0,0,0,4.2
83305,23,male,Hill,4,primary,0,0,0.0,1,0,0,0,0,30.5,98,0,0,0,0,0,0,0,9.1
40430,49,male,Nightingale,2,tertiary,1,1,12.7,1,0,0,0,1,27.7,128,0,0,0,0,0,0,1,4.5
51499,49,female,Nightingale,4,secondary,1,0,0.0,0,0,1,0,0,29.8,116,0,0,0,0,0,0,0,6.0
83337,74,male,Rose,5,tertiary,0,0,0.0,0,0,1,0,1,29.1,135,0,0,0,0,0,0,0,6.8
43358,52,female,Nightingale,5,secondary,0,0,0.0,0,1,0,0,0,16.6,110,0,0,0,0,0,0,1,9.0
59088,55,male,Hill,1,primary,0,0,0.0,0,1,1,0,0,31.5,112,0,0,0,0,0,0,0,7.9
23194,68,female,Nightingale,2,secondary,0,0,0.0,0,1,1,0,0,29.2,124,0,0,0,0,0,0,0,9.9
42137,63,male,Snow,2,secondary,1,1,11.9,1,1,0,0,0,37.4,122,0,1,0,1,0,0,1,9.0
96147,39,female,Nightingale,3,tertiary,0,1,4.6,1,1,0,0,0,26.3,126,1,0,0,0,0,0,0,4.8
20795,70,male,Snow,2,tertiary,1,0,0.0,1,0,1,0,0,26.2,128,0,0,0,0,1,0,1,5.5
43461,79,female,Nightingale,4,secondary,1,0,0.0,0,0,1,0,0,30.7,144,1,0,0,0,0,0,1,7.3
15172,57,male,Snow,1,primary,0,0,0.0,1,1,0,0,1,33.4,138,0,0,1,0,0,0,0,6.3
82330,22,male,Rose,3,primary,0,0,0.0,0,0,0,0,0,24.0,98,0,0,0,0,0,0,0,5.9
35738,44,female,Hill,4,tertiary,0,0,0.0,0,0,0,0,0,29.2,112,0,0,0,0,0,0,0,7.6
71270,53,female,Hill,5,tertiary,1,0,0.0,1,0,1,0,0,27.7,144,0,0,0,0,0,0,0,4.1
10254,73,female,Nightingale,2,secondary,0,1,19.3,1,1,1,0,0,35.3,134,1,1,0,0,0,0,0,4.7
24312,39,female,Nightingale,4,primary,1,0,0.0,1,1,1,0,0,30.6,109,0,0,0,0,0,0,1,9.0
36424,36,female,Nightingale,4,tertiary,1,0,0.0,1,0,0,1,0,25.2,108,0,0,0,0,0,0,0,8.1
88073,78,male,Snow,2,secondary,0,1,15.7,0,1,1,0,0,33.3,120,0,0,0,0,0,0,0,8.4
17304,42,female,Nightingale,1,secondary,0,0,0.0,0,0,1,1,0,30.0,120,0,0,0,0,0,0,0,10.0
40779,75,female,Snow,1,primary,1,1,14.7,1,1,1,0,0,29.1,141,0,0,0,0,1,0,1,9.8
67674,18,female,Nightingale,5,secondary,1,0,0.0,0,0,0,1,0,27.2,106,0,0,0,0,0,0,1,5.2
35350,19,male,Hill,5,tertiary,1,1,0.3,1,1,0,1,0,28.3,113,1,0,0,0,0,1,0,7.0
89579,50,female,Nightingale,4,tertiary,0,0,0.0,1,1,1,1,0,28.9,106,0,0,0,0,0,1,0,5.3
34393,27,female,Doll,5,tertiary,1,0,0.0,0,0,0,0,0,27.8,104,0,0,0,0,0,0,1,5.3
12750,41,female,Hill,3,secondary,0,1,8.3,1,0,0,0,1,25.7,108,0,0,0,0,0,0,1,6.6
80566,45,female,Rose,5,secondary,1,0,0.0,0,1,0,0,1,30.0,124,0,0,0,0,0,0,0,8.4
37222,39,male,Rose,5,secondary,0,0,0.0,0,1,0,0,0,32.4,110,0,0,0,0,0,0,0,8.3
54805,68,female,Rose,5,secondary,0,0,0.0,0,0,0,0,0,29.0,123,0,0,1,0,0,0,1,7.6
90998,65,female,Snow,1,tertiary,0,0,0.0,1,1,1,0,1,35.0,111,0,0,0,0,0,0,0,4.2
88764,61,male,Nightingale,4,secondary,1,0,0.0,1,0,1,0,0,23.8,117,0,0,0,0,0,0,1,8.1
24942,69,female,Snow,3,tertiary,0,0,0.0,0,0,1,0,0,29.8,122,1,0,0,0,0,0,0,4.2
35837,48,female,Rose,4,secondary,1,0,0.0,0,0,1,0,0,22.9,125,0,0,0,0,0,0,0,8.9
60764,33,male,Nightingale,2,secondary,0,0,0.0,1,1,1,0,0,29.1,110,0,1,0,0,0,0,0,5.1
38124,27,male,Nightingale,2,primary,1,0,0.0,0,1,1,0,0,24.4,90,0,0,1,0,0,0,1,6.2
35955,30,male,Doll,2,secondary,0,0,0.0,1,0,1,1,0,28.5,126,0,0,0,0,0,0,0,7.5
65903,69,male,Nightingale,2,primary,0,1,10.5,0,1,0,0,1,32.2,136,0,1,0,0,0,0,1,5.1
28380,73,male,Rose,3,secondary,0,0,0.0,0,0,0,0,0,23.3,120,0,0,0,0,0,0,0,6.0
45476,24,female,Hill,3,secondary,1,0,0.0,0,0,0,0,0,19.0,102,0,0,0,0,0,1,1,7.4
94158,65,female,Snow,2,secondary,0,0,0.0,1,0,1,0,0,29.7,118,0,0,0,0,0,0,1,6.1
36416,63,male,Snow,3,secondary,0,0,0.0,1,0,0,0,0,26.1,120,1,0,0,0,0,1,0,7.8
44601,24,female,Snow,4,secondary,0,0,0.0,1,1,1,0,0,27.2,99,0,0,0,0,0,0,0,9.3
76736,18,female,Doll,3,secondary,1,0,0.0,0,0,0,1,0,25.2,98,0,0,0,0,0,0,0,5.5
93607,65,male,Rose,2,primary,0,1,10.0,0,0,0,0,0,27.7,123,0,0,0,0,0,0,0,7.5
33312,67,male,Doll,2,secondary,1,0,0.0,0,1,1,0,0,34.3,141,0,0,1,0,0,1,1,5.2
11944,26,female,Hill,3,secondary,1,0,0.0,0,0,0,0,0,27.3,119,0,0,0,0,0,0,0,5.4
80295,45,male,Doll,2,secondary,0,0,0.0,1,0,1,0,0,28.6,111,0,0,0,0,0,0,0,5.9
39205,52,female,Nightingale,5,tertiary,1,0,0.0,1,0,0,0,0,31.2,112,0,0,0,0,0,0,0,5.9
32601,58,female,Nightingale,2,secondary,0,0,0.0,1,1,1,1,0,40.0,120,0,1,0,0,0,0,1,8.4
24571,59,female,Nightingale,4,tertiary,1,0,0.0,0,0,1,0,1,29.1,114,0,0,1,1,0,0,1,9.4
28986,75,male,Doll,5,primary,1,0,0.0,1,0,0,0,0,27.4,133,0,0,1,0,0,0,1,10.0
30273,44,female,Hill,3,secondary,1,0,0.0,1,0,0,0,1,26.9,121,0,0,0,0,0,0,1,7.7
16982,20,male,Rose,5,secondary,0,0,0.0,1,0,0,0,0,21.7,101,0,0,1,0,0,1,0,4.9
84878,73,female,Doll,2,secondary,1,0,0.0,0,1,0,0,0,34.7,120,0,0,0,0,1,1,1,7.9
61774,66,female,Rose,4,secondary,0,1,18.9,0,0,0,0,0,25.3,128,0,0,0,0,0,0,0,8.0
48535,55,female,Rose,2,secondary,0,0,0.0,0,0,1,0,0,29.0,114,0,0,0,0,0,0,0,8.9
70335,78,male,Nightingale,5,secondary,1,0,0.0,0,1,1,0,1,33.6,147,0,0,1,0,1,0,1,9.7
49947,50,male,Nightingale,4,secondary,1,1,13.3,0,0,0,1,1,28.9,129,1,0,0,0,0,0,0,5.3
10525,50,female,Doll,5,tertiary,1,0,0.0,0,0,0,0,0,23.9,128,0,0,0,0,0,0,1,9.3
13633,77,female,Doll,5,tertiary,1,0,0.0,0,0,1,0,0,30.2,131,0,0,0,0,0,0,1,5.3
40172,33,female,Hill,4,tertiary,1,1,5.8,0,1,1,0,0,32.3,113,0,0,0,0,0,0,0,4.8
99523,61,male,Rose,4,primary,1,0,0.0,0,1,1,0,0,26.2,123,0,0,0,0,0,0,0,7.5
51863,26,female,Snow,3,secondary,0,0,0.0,1,1,1,1,0,31.5,105,0,0,0,0,0,1,0,5.2
25069,53,female,Nightingale,2,secondary,0,1,18.3,0,0,0,0,1,28.7,116,0,0,0,0,0,0,0,6.4
13708,75,male,Nightingale,4,primary,0,0,0.0,1,0,0,0,0,25.7,120,0,1,0,0,0,1,0,4.7
12890,70,male,Nightingale,3,secondary,0,0,0.0,0,0,1,0,0,26.7,129,0,1,0,0,0,0,1,4.2
17458,24,female,Rose,4,secondary,1,0,0.0,1,0,0,0,0,27.4,105,1,0,0,0,0,0,0,4.7
69782,75,female,Doll,4,secondary,1,0,0.0,1,1,1,0,0,31.1,121,0,0,0,0,0,0,0,10.0
34858,38,male,Rose,2,primary,1,0,0.0,0,1,0,1,0,24.9,126,0,0,0,0,0,0,1,5.9
45372,48,female,Doll,5,secondary,1,0,0.0,0,0,1,1,0,24.4,105,1,0,0,0,0,1,1,8.7
64157,18,male,Rose,4,secondary,1,0,0.0,1,0,0,0,0,29.7,95,0,0,0,0,0,0,0,9.0
86765,31,female,Nightingale,2,secondary,1,0,0.0,0,0,0,0,0,28.1,116,0,0,0,0,0,0,1,7.7
99541,56,female,Hill,4,tertiary,0,0,0.0,0,0,0,0,0,25.2,108,0,0,0,0,0,0,0,4.3
58443,37,male,Nightingale,1,secondary,1,1,3.5,0,1,0,1,0,28.9,117,0,0,0,0,0,0,0,8.1
46973,65,male,Rose,3,secondary,1,0,0.0,0,0,0,1,0,29.2,130,0,0,0,0,0,0,0,4.6
72772,35,male,Nightingale,3,secondary,0,0,0.0,0,0,0,0,0,26.7,107,1,0,0,0,0,0,0,8.2
99796,70,male,Hill,2,primary,0,0,0.0,0,1,0,0,0,25.6,131,1,0,0,0,0,0,1,7.0
18224,60,male,Doll,5,tertiary,1,0,0.0,0,1,0,1,0,33.5,133,0,0,0,0,0,0,1,6.1
53168,21,female,Hill,2,secondary,1,0,0.0,0,1,0,1,0,25.9,96,0,0,0,0,0,0,0,8.9
58392,46,female,Hill,3,tertiary,1,0,0.0,0,0,0,1,0,27.2,105,0,0,0,0,0,0,0,8.8
64605,72,female,Rose,2,secondary,0,0,0.0,0,1,1,0,1,34.0,147,0,0,1,0,0,0,1,6.8
65649,35,female,Nightingale,1,primary,1,0,0.0,1,1,0,1,0,26.8,133,0,0,0,0,0,0,1,4.6
14177,40,female,Nightingale,4,tertiary,0,0,0.0,0,1,0,1,1,27.3,90,0,0,1,0,0,0,0,4.7
74671,65,female,Hill,2,tertiary,0,1,24.6,1,1,0,0,0,31.7,124,0,0,1,0,0,0,1,6.9
23172,54,male,Doll,4,tertiary,1,0,0.0,0,0,0,0,0,24.9,117,0,0,0,0,0,0,0,5.2
35514,57,male,Nightingale,2,secondary,1,1,9.6,0,1,1,0,0,28.7,122,0,1,0,0,0,0,1,5.5
41291,36,female,Snow,4,secondary,1,0,0.0,0,0,0,1,0,22.2,103,0,0,0,0,0,0,1,6.2
11201,67,female,Snow,4,secondary,1,0,0.0,1,0,0,0,0,30.4,133,0,0,0,0,0,0,1,9.5
44143,40,female,Doll,5,secondary,0,1,9.4,0,1,0,0,1,20.0,103,0,0,0,0,0,0,0,8.3
47440,48,male,Snow,4,secondary,0,0,0.0,0,0,0,1,1,28.9,113,0,0,0,0,0,0,0,4.7
64941,69,male,Hill,3,secondary,1,0,0.0,0,1,1,1,0,31.9,133,1,0,0,0,1,0,1,9.1
20611,31,female,Hill,4,tertiary,0,0,0.0,1,0,0,1,1,19.2,123,0,0,0,0,0,1,0,9.3
39075,36,female,Hill,4,secondary,0,0,0.0,1,0,0,0,0,25.1,106,0,0,0,0,0,0,0,8.4
69567,20,female,Doll,5,tertiary,1,0,0.0,1,1,0,0,1,23.6,98,0,0,0,0,0,0,0,7.6
38624,69,male,Nightingale,5,secondary,1,0,0.0,1,0,1,0,1,25.0,124,0,1,1,0,0,0,1,7.7
95116,52,male,Hill,3,secondary,0,1,8.1,0,1,1,0,0,29.9,131,0,0,0,0,0,0,1,5.7
74058,28,male,Nightingale,4,secondary,1,0,0.0,1,0,1,0,0,23.5,97,0,0,0,0,0,0,0,7.6
35548,64,male,Hill,2,secondary,0,0,0.0,0,1,1,0,0,32.0,126,0,0,0,0,0,0,0,6.0
44446,73,male,Snow,3,secondary,1,1,13.5,0,1,0,1,0,27.1,130,0,0,0,0,0,0,1,6.8
20917,23,female,Nightingale,4,secondary,1,1,2.3,0,0,1,1,0,23.5,106,0,0,0,0,0,0,0,8.2
94771,75,female,Hill,5,primary,1,0,0.0,0,1,1,1,0,33.7,134,0,0,0,0,1,0,1,9.6
68305,66,female,Snow,1,tertiary,0,0,0.0,0,1,0,0,1,32.6,109,0,0,0,0,0,0,1,6.8
26529,25,male,Hill,4,tertiary,1,0,0.0,1,1,0,0,0,20.9,93,0,0,0,0,0,0,1,7.9
50608,33,female,Snow,1,primary,0,0,0.0,1,1,0,1,0,29.3,113,0,0,0,0,0,0,0,7.9
44943,45,male,Snow,2,secondary,0,1,12.1,1,1,1,1,1,29.9,122,0,0,0,0,0,0,0,9.2
46893,68,male,Snow,4,secondary,1,0,0.0,0,0,0,0,0,23.8,132,0,0,0,0,0,1,0,4.7
24148,64,female,Nightingale,3,tertiary,1,1,19.5,0,0,0,0,0,22.4,117,0,0,0,0,0,0,0,8.7
58740,49,male,Rose,4,tertiary,0,1,14.2,0,0,1,1,0,25.0,139,1,0,0,0,0,0,0,8.9
89378,72,female,Snow,3,secondary,0,0,0.0,0,0,0,1,1,27.5,126,0,0,0,0,0,0,0,9.9
65175,42,male,Snow,4,secondary,1,0,0.0,0,0,0,0,0,28.9,107,1,0,0,0,0,0,1,7.2
61483,28,male,Nightingale,4,primary,1,0,0.0,0,1,0,0,0,24.0,90,0,0,0,0,0,0,1,6.3
69959,69,male,Hill,2,secondary,0,1,10.3,0,0,0,0,1,17.3,130,1,0,0,0,0,0,1,4.5
14274,33,female,Nightingale,3,tertiary,1,0,0.0,0,0,0,0,0,19.7,113,1,0,0,0,0,0,1,9.3
87837,69,female,Snow,1,tertiary,0,0,0.0,0,1,1,0,0,27.2,130,0,1,0,0,0,0,1,7.5
10243,51,male,Hill,2,secondary,0,0,0.0,1,0,0,0,0,32.6,113,0,0,0,0,0,0,0,7.2
38040,29,female,Nightingale,4,secondary,1,0,0.0,0,1,1,0,0,26.2,101,1,0,0,0,0,0,0,7.6
24034,77,female,Snow,3,secondary,0,0,0.0,0,0,0,0,1,24.6,127,0,0,0,0,0,0,0,9.1
62902,77,female,Rose,2,secondary,1,1,12.0,0,1,1,0,0,32.0,147,0,0,0,0,0,0,0,7.2
87354,45,female,Snow,2,primary,0,0,0.0,0,1,0,0,0,34.1,123,0,0,0,0,0,0,0,7.6
87079,28,male,Nightingale,3,secondary,1,0,0.0,1,0,0,0,0,23.7,90,0,0,0,0,0,1,1,9.0
59422,34,male,Rose,2,secondary,0,0,0.0,1,0,0,1,0,25.3,105,0,0,0,0,0,0,0,7.2
83921,33,female,Nightingale,4,tertiary,1,0,0.0,1,0,0,0,0,24.1,109,1,0,0,0,0,0,0,9.7
54179,64,male,Snow,1,secondary,0,0,0.0,0,0,1,0,1,28.9,135,0,0,0,0,0,0,0,5.6
22395,44,female,Rose,4,secondary,0,0,0.0,0,1,0,0,0,29.2,102,0,0,0,0,0,0,0,8.9
50221,66,female,Snow,3,secondary,0,1,12.7,1,0,0,0,0,21.4,113,0,0,0,0,0,0,0,5.0
61060,65,male,Snow,1,secondary,0,1,9.4,0,1,0,1,1,27.1,138,0,0,0,0,0,0,0,7.4
64580,45,male,Hill,1,secondary,0,0,0.0,1,1,0,0,0,27.3,134,0,0,0,0,0,0,0,6.2
63274,24,male,Snow,4,secondary,1,0,0.0,1,0,1,1,0,26.9,107,0,0,0,0,0,0,1,5.0
38729,73,female,Rose,4,tertiary,1,0,0.0,0,0,1,0,0,32.2,135,0,1,0,0,0,1,1,7.2
62739,40,female,Snow,1,secondary,0,0,0.0,1,0,1,0,1,30.7,108,0,0,1,0,0,0,1,7.6
88727,26,female,Snow,1,secondary,0,1,2.0,1,1,0,1,1,24.7,104,0,0,0,0,0,0,0,4.8
19335,57,female,Rose,5,secondary,1,0,0.0,0,0,0,1,0,27.1,139,0,0,0,0,1,1,0,8.9
78425,79,female,Snow,1,secondary,0,1,17.2,1,1,0,0,0,32.3,137,0,0,1,0,0,0,0,9.1
48179,71,female,Rose,3,secondary,0,0,0.0,0,0,0,0,0,29.0,114,0,0,0,0,0,0,0,7.3
57903,18,female,Nightingale,1,primary,0,1,0.0,0,0,0,1,0,27.4,109,1,0,0,0,0,0,0,9.2
57083,44,female,Doll,3,secondary,0,0,0.0,0,1,0,0,0,30.0,107,0,0,0,0,0,0,1,4.5
77274,66,female,Rose,2,secondary,0,1,20.0,0,0,0,0,0,20.1,114,0,0,0,0,0,0,0,9.1
73389,52,male,Hill,2,secondary,0,0,0.0,0,0,1,0,1,29.0,109,0,0,0,0,0,0,0,4.5
74847,64,female,Hill,4,secondary,1,0,0.0,0,0,0,1,0,27.2,126,0,0,0,0,0,0,1,5.9
93722,72,male,Snow,2,secondary,1,0,0.0,1,1,1,0,1,32.0,120,0,0,1,0,1,0,1,5.0
90952,60,male,Rose,2,secondary,0,0,0.0,1,0,1,0,0,31.8,123,0,0,0,0,0,0,0,9.6
67760,48,female,Nightingale,4,secondary,1,0,0.0,0,0,0,1,0,21.2,128,0,0,0,0,0,0,0,6.4
80346,47,female,Hill,4,tertiary,1,0,0.0,0,0,0,0,0,18.7,101,0,0,0,0,0,0,0,5.7
30851,53,male,Snow,2,secondary,0,1,16.6,0,0,1,0,0,25.6,119,0,0,0,0,0,0,0,9.5
94547,48,female,Doll,3,primary,0,0,0.0,0,1,0,0,0,33.0,110,0,0,0,0,0,0,0,8.4
83918,67,female,Hill,3,tertiary,1,0,0.0,0,1,1,0,1,33.3,122,1,1,0,0,1,0,1,9.4
82941,37,male,Nightingale,1,secondary,1,0,0.0,0,0,1,0,0,29.7,108,0,0,0,0,0,0,0,9.6
85499,59,male,Rose,5,tertiary,0,0,0.0,1,1,1,1,0,31.9,133,0,0,0,0,0,1,0,6.3
14749,73,female,Nightingale,2,secondary,0,1,9.9,0,0,1,0,0,31.4,130,0,0,0,0,1,0,1,6.9
97707,48,male,Rose,2,secondary,0,1,11.3,0,0,1,0,0,27.1,110,1,0,0,0,0,0,0,9.3
26740,57,female,Rose,5,tertiary,1,0,0.0,0,0,0,0,0,32.5,116,1,0,0,0,0,0,1,7.3
62414,71,male,Rose,3,tertiary,1,0,0.0,0,0,0,1,1,24.1,126,0,0,0,0,0,0,1,6.5
62675,46,male,Snow,4,primary,0,0,0.0,1,0,1,0,1,24.5,113,0,0,0,0,0,0,0,4.3
10239,23,female,Hill,4,tertiary,0,0,0.0,1,1,0,0,0,23.3,95,1,0,0,0,0,0,1,9.7
35173,41,male,Nightingale,1,secondary,0,0,0.0,0,1,1,1,0,22.7,107,1,0,0,0,0,0,0,6.8
52313,23,male,Snow,3,secondary,1,0,0.0,0,0,0,1,0,28.8,111,0,0,0,0,0,0,0,6.0
14967,32,male,Nightingale,4,tertiary,1,0,0.0,0,0,0,0,0,26.3,102,0,0,0,0,0,0,0,9.6
71036,66,female,Rose,3,secondary,1,0,0.0,1,0,0,0,1,31.0,113,0,0,1,0,1,0,1,4.6
88805,50,female,Nightingale,1,secondary,1,1,8.7,1,0,1,0,1,31.7,120,1,1,0,0,0,0,1,9.3
54713,34,male,Nightingale,2,secondary,0,1,6.9,1,0,1,0,1,23.5,109,0,0,0,0,1,0,0,6.6
77830,61,female,Snow,4,secondary,1,0,0.0,0,0,0,0,0,24.8,126,0,0,0,0,0,1,0,6.3
84775,76,female,Doll,5,tertiary,0,0,0.0,0,0,0,0,1,28.1,128,0,0,0,0,0,1,0,9.5
59766,36,female,Hill,3,secondary,0,0,0.0,1,0,1,0,0,28.4,114,0,0,0,0,1,0,1,7.6
77337,33,male,Hill,3,secondary,0,0,0.0,1,0,0,0,0,26.1,99,0,0,0,0,0,0,0,7.1
16641,48,male,Doll,3,secondary,0,1,7.3,1,0,0,0,0,24.8,111,1,0,0,0,1,0,0,8.7
75815,60,female,Hill,5,secondary,1,1,21.1,1,0,0,0,0,21.2,121,0,0,0,0,1,0,1,5.0
84463,46,female,Rose,5,tertiary,1,0,0.0,0,0,0,0,0,24.7,108,0,0,0,0,0,1,1,7.9
73091,37,female,Hill,4,secondary,0,0,0.0,0,0,1,0,0,22.0,104,0,0,0,0,0,0,0,5.6
26940,54,female,Rose,2,secondary,1,0,0.0,1,0,0,1,1,28.3,115,0,0,1,0,0,0,1,7.4
29712,57,female,Doll,3,tertiary,1,0,0.0,0,0,1,0,1,31.7,113,0,0,0,0,1,0,1,6.4
72769,73,female,Hill,4,secondary,1,0,0.0,0,1,1,1,0,24.1,130,0,1,0,0,0,0,1,9.4
48047,57,male,Rose,3,primary,1,0,0.0,0,0,0,0,0,21.1,104,0,0,0,0,0,0,0,8.5
82973,31,female,Rose,3,secondary,0,1,5.4,0,0,0,0,0,31.2,109,0,0,1,0,0,0,1,4.9
20457,68,female,Nightingale,5,tertiary,1,1,11.3,0,0,1,0,0,26.9,118,0,0,0,0,1,0,1,7.8
44566,30,male,Rose,4,tertiary,1,0,0.0,0,0,1,0,0,28.4,113,0,0,0,0,0,0,0,7.2
45586,67,female,Rose,5,tertiary,1,0,0.0,0,0,1,0,0,22.3,116,1,0,0,0,1,0,1,5.5
51595,42,male,Rose,4,primary,1,0,0.0,0,0,0,1,1,21.4,129,0,0,0,0,0,0,0,9.7
77545,31,female,Snow,1,secondary,1,1,4.2,0,1,1,1,0,21.7,107,0,0,0,0,0,1,0,7.0
14462,57,female,Hill,2,secondary,1,1,12.9,1,1,1,0,1,29.7,133,0,0,0,0,0,0,0,7.0
97219,48,male,Snow,1,primary,0,1,15.1,0,1,0,0,0,30.1,116,0,0,0,0,0,0,0,9.0
68307,73,female,Doll,4,secondary,1,0,0.0,0,0,0,0,0,23.5,128,0,0,0,0,0,0,0,9.2
40683,34,male,Snow,1,secondary,0,1,3.2,1,1,0,1,0,27.9,127,1,0,0,0,0,0,0,4.4
60336,56,male,Doll,4,tertiary,1,0,0.0,0,0,0,1,0,19.0,102,1,1,0,0,0,1,1,5.9
89344,20,male,Snow,2,primary,1,0,0.0,1,0,0,0,0,28.9,90,0,0,0,0,0,0,0,9.1
84809,72,male,Hill,5,tertiary,1,0,0.0,0,0,1,0,0,31.2,142,0,0,0,0,0,0,0,9.4
47550,67,male,Doll,3,tertiary,0,0,0.0,0,0,0,0,0,28.0,110,0,0,0,0,0,0,0,5.2
43151,30,male,Rose,5,tertiary,1,0,0.0,1,0,1,0,0,31.6,96,0,0,0,0,0,0,0,6.4
80477,33,male,Rose,3,tertiary,0,0,0.0,0,0,0,0,0,23.8,106,0,0,0,0,0,0,0,8.2
30049,22,female,Snow,4,tertiary,1,0,0.0,1,1,0,0,0,24.4,99,0,0,1,0,0,0,0,5.2
31019,46,male,Rose,5,secondary,1,0,0.0,0,1,1,0,0,30.4,122,1,0,0,0,1,0,1,8.1
32067,39,male,Nightingale,2,secondary,1,0,0.0,0,0,1,0,0,31.8,121,0,0,0,0,0,0,1,6.0
66796,54,male,Rose,5,tertiary,1,0,0.0,0,1,1,1,0,35.0,121,1,0,0,0,0,0,0,9.0
15609,31,female,Rose,5,tertiary,1,0,0.0,1,0,1,0,0,26.6,119,0,0,0,0,0,0,0,9.2
15006,56,female,Doll,2,secondary,0,1,14.2,0,0,0,0,0,26.4,121,0,0,0,0,0,0,0,8.0
25318,24,female,Nightingale,2,tertiary,0,0,0.0,1,1,1,1,0,30.0,122,0,0,0,0,0,0,0,6.4
85323,55,female,Rose,4,secondary,1,0,0.0,1,1,1,0,0,32.7,116,1,1,0,0,0,0,1,4.4
14513,20,male,Rose,2,secondary,1,0,0.0,1,1,0,1,0,27.2,90,0,0,1,0,0,0,1,6.1
53840,73,female,Rose,5,tertiary,1,1,28.3,0,0,0,0,0,30.2,130,0,0,0,0,0,1,0,6.5
80974,39,female,Nightingale,2,secondary,1,1,5.2,0,1,0,0,0,25.4,110,1,0,0,0,0,0,1,5.5
82531,64,male,Snow,2,secondary,1,0,0.0,1,1,1,0,0,37.2,144,1,0,0,0,0,0,1,8.1
39648,44,male,Nightingale,3,secondary,0,0,0.0,0,1,1,0,0,25.9,122,0,0,0,0,0,0,0,5.4
70410,24,male,Hill,1,secondary,1,0,0.0,0,0,0,1,0,24.9,99,0,0,0,0,0,0,0,6.5
20033,29,female,Doll,3,secondary,1,0,0.0,1,0,0,0,0,28.8,117,0,0,0,0,0,0,1,7.9
85284,27,male,Doll,2,primary,0,0,0.0,0,0,0,0,0,28.7,110,0,0,0,0,0,0,0,5.3
56018,33,male,Doll,4,secondary,1,0,0.0,1,1,1,0,0,30.3,111,0,0,0,0,0,0,0,4.4
42030,56,male,Hill,5,tertiary,0,0,0.0,0,0,1,0,0,30.5,127,0,0,0,0,0,0,0,7.0
59314,78,male,Nightingale,2,secondary,1,0,0.0,0,0,0,0,1,31.2,134,0,0,0,0,0,0,0,4.9
48643,33,male,Snow,3,primary,1,0,0.0,0,1,0,0,1,30.2,107,0,0,0,0,0,0,0,8.0
68306,21,male,Rose,5,secondary,1,0,0.0,0,0,0,0,0,29.2,96,0,0,0,0,0,0,1,4.5
58475,27,male,Rose,2,secondary,0,0,0.0,0,0,1,1,0,25.7,112,0,0,0,0,0,0,0,9.0
37879,61,male,Doll,4,tertiary,0,0,0.0,0,1,1,0,0,33.5,106,0,0,0,0,0,0,0,6.6
65690,46,female,Nightingale,3,secondary,0,0,0.0,1,0,0,0,0,24.8,100,0,0,0,0,0,0,0,7.9
87232,70,male,Nightingale,1,secondary,1,0,0.0,1,1,0,0,0,30.0,130,0,0,1,0,0,0,1,6.7
71574,60,female,Hill,3,secondary,1,0,0.0,0,0,0,0,0,32.4,125,1,1,0,0,0,0,1,8.5
17336,44,female,Rose,2,secondary,1,0,0.0,0,1,0,0,0,24.3,98,0,0,0,0,0,0,1,6.0
55542,47,female,Snow,3,secondary,0,0,0.0,1,1,1,0,1,30.8,121,0,0,0,0,0,0,0,5.2
36744,77,female,Nightingale,1,primary,1,0,0.0,0,0,0,0,1,23.6,123,0,0,1,0,0,0,1,7.5
79482,53,male,Nightingale,3,secondary,1,1,16.7,0,0,1,0,0,27.1,128,0,0,0,0,0,0,0,10.0
25354,59,female,Doll,2,secondary,0,0,0.0,0,0,1,0,0,29.0,115,0,0,1,1,1,0,1,6.7
48352,35,male,Nightingale,5,tertiary,1,0,0.0,1,0,0,1,1,28.9,130,0,0,0,0,0,1,0,7.8
68800,58,male,Hill,3,secondary,1,0,0.0,0,0,0,0,0,30.0,130,0,0,0,0,0,0,0,8.3
57681,18,male,Rose,4,tertiary,1,0,0.0,1,0,0,1,0,28.3,121,0,0,0,0,0,1,1,5.7
80040,34,male,Nightingale,3,tertiary,1,0,0.0,0,1,1,1,0,31.8,126,0,0,0,0,0,0,0,8.7
36013,33,female,Doll,2,primary,0,1,5.3,0,1,0,0,0,27.7,109,0,0,1,0,0,0,1,7.2
19934,68,male,Snow,1,primary,1,0,0.0,1,0,1,0,1,27.6,132,0,0,0,0,1,0,0,4.2
47954,25,male,Snow,4,tertiary,1,0,0.0,0,0,1,1,0,28.9,107,0,0,0,0,0,0,0,9.3
85819,43,female,Snow,3,secondary,1,0,0.0,0,0,0,0,1,26.2,104,0,0,1,0,0,0,1,7.0
21251,73,male,Rose,3,secondary,1,0,0.0,1,0,1,0,1,27.8,133,0,0,0,0,0,0,1,4.2
13882,58,male,Nightingale,3,secondary,0,0,0.0,0,0,1,0,0,30.4,134,0,0,0,0,0,0,0,7.7
37688,51,male,Hill,2,tertiary,1,1,13.8,1,0,1,0,0,27.4,123,0,0,0,0,0,0,0,8.8
89581,78,female,Rose,2,secondary,0,0,0.0,0,0,0,0,0,33.6,130,0,0,0,0,0,0,0,9.1
17291,59,male,Snow,2,primary,1,1,7.7,1,0,0,0,0,29.3,125,0,0,0,0,0,0,0,7.2
53331,41,male,Hill,1,primary,0,0,0.0,0,1,0,0,0,29.6,111,0,0,0,0,0,0,0,7.9
76642,45,male,Rose,4,secondary,0,0,0.0,1,0,1,0,0,27.4,109,0,0,0,0,0,0,0,8.6
72760,65,female,Nightingale,2,secondary,0,0,0.0,1,1,1,1,1,32.2,152,1,1,0,0,0,0,1,5.8
50780,22,female,Snow,1,primary,1,1,1.8,0,0,0,0,0,29.9,103,0,0,1,0,0,0,1,9.6
48867,68,female,Snow,1,primary,0,1,19.2,0,0,1,0,0,28.0,147,0,0,0,0,0,0,0,9.9
52388,38,female,Hill,1,secondary,1,1,9.7,0,0,1,0,0,26.4,123,0,0,0,0,0,0,0,6.6
86427,77,female,Hill,4,tertiary,1,0,0.0,0,0,1,0,0,26.8,126,0,0,0,0,0,0,1,4.7
54657,55,male,Rose,5,tertiary,1,0,0.0,1,0,0,1,0,26.4,118,0,0,0,0,0,0,0,5.8
77570,70,male,Rose,5,secondary,1,1,13.4,0,0,0,1,0,23.3,138,1,1,0,0,0,0,1,8.1
14444,49,female,Nightingale,5,primary,1,1,5.9,0,0,0,0,0,27.5,116,0,0,0,0,0,0,1,4.4
70801,68,male,Doll,2,secondary,1,0,0.0,1,1,0,1,0,33.9,134,1,0,0,0,0,0,0,8.1
28676,22,female,Hill,4,tertiary,1,0,0.0,1,1,0,0,0,30.8,118,0,0,0,0,0,0,1,4.0
13613,68,female,Rose,2,tertiary,0,1,8.8,1,1,0,0,0,34.9,130,1,0,0,0,0,0,0,5.0
50045,57,female,Nightingale,2,secondary,0,1,17.3,0,1,0,0,0,38.0,135,0,0,0,0,0,0,0,9.7
58148,58,male,Nightingale,4,secondary,1,0,0.0,0,0,0,0,0,30.7,122,0,0,0,0,0,0,0,4.5
79988,69,male,Doll,3,secondary,1,0,0.0,0,0,1,0,0,32.0,120,0,0,0,0,0,0,0,5.4
65052,36,male,Hill,2,primary,1,0,0.0,1,1,0,0,1,25.8,116,0,0,0,0,0,0,0,5.7
34772,24,male,Rose,4,secondary,0,0,0.0,1,0,0,0,1,29.5,101,1,0,0,0,0,0,0,8.0
67239,36,male,Doll,5,tertiary,1,1,8.7,1,0,0,1,0,26.5,116,0,0,0,0,0,1,1,6.5
24291,52,female,Hill,2,secondary,0,1,12.4,1,1,0,1,0,29.9,130,0,0,1,0,0,0,0,8.3
15789,64,female,Nightingale,3,secondary,1,0,0.0,0,0,1,0,0,30.0,110,0,0,0,0,0,0,0,7.3
63229,41,male,Snow,3,secondary,0,0,0.0,0,0,0,0,0,22.9,102,0,0,0,0,0,0,0,5.0
22651,60,male,Doll,3,secondary,0,0,0.0,1,0,0,0,0,37.0,128,0,0,0,0,0,0,1,8.7
28979,69,female,Rose,2,secondary,0,0,0.0,0,0,1,0,0,29.1,118,1,0,0,0,0,0,0,7.1
99405,60,male,Snow,2,primary,0,0,0.0,0,1,1,0,1,33.6,115,0,0,0,0,0,0,0,8.1
95146,73,female,Nightingale,3,secondary,1,0,0.0,0,0,0,0,0,28.8,131,0,0,0,0,0,0,0,9.9
95562,66,male,Nightingale,4,tertiary,0,0,0.0,0,0,0,0,1,30.9,131,1,0,0,0,0,0,0,4.4
87869,67,male,Rose,2,primary,1,1,15.8,1,1,1,0,0,31.6,144,0,0,1,0,0,0,1,7.0
63058,75,female,Hill,2,secondary,1,1,27.9,0,1,1,0,1,40.2,141,0,1,0,0,0,1,1,8.0
44442,55,female,Hill,4,secondary,1,0,0.0,0,0,0,0,1,23.5,113,1,0,1,0,0,0,0,7.4
38406,41,male,Snow,4,tertiary,0,0,0.0,1,0,0,0,0,21.8,103,0,0,0,0,0,0,0,9.6
24206,62,male,Hill,4,primary,1,0,0.0,0,1,0,0,0,26.8,118,1,0,0,0,0,0,0,5.0
87573,42,male,Snow,4,tertiary,1,0,0.0,0,0,1,0,0,25.9,131,1,0,1,0,0,0,1,6.1
98147,60,male,Rose,2,primary,1,1,21.6,1,0,0,1,0,27.9,138,0,0,0,1,0,0,1,4.3
32576,74,male,Hill,2,secondary,0,0,0.0,1,1,1,0,1,33.8,133,0,0,0,0,1,0,1,5.8
19443,55,male,Doll,3,secondary,1,0,0.0,1,0,0,0,0,26.8,125,1,0,0,0,0,0,0,9.9
19852,50,male,Nightingale,5,tertiary,1,0,0.0,0,0,1,0,0,20.8,126,0,0,0,0,0,0,0,8.4
71216,77,female,Hill,5,secondary,1,1,25.1,1,0,0,0,1,24.4,122,0,0,0,1,0,0,1,6.9
68792,56,female,Nightingale,4,secondary,0,0,0.0,0,1,0,0,0,32.9,136,0,1,0,0,0,0,0,8.8
13945,33,male,Nightingale,2,secondary,0,1,7.0,0,1,1,1,0,30.8,129,0,0,0,0,0,1,0,8.7
67705,38,female,Snow,2,secondary,1,0,0.0,0,0,0,1,0,23.1,111,0,0,0,0,0,0,0,7.8
93116,26,female,Nightingale,1,secondary,1,1,2.3,0,1,0,1,0,27.9,102,0,1,0,0,0,0,1,4.5
83016,57,male,Snow,1,secondary,1,1,12.5,1,1,0,0,0,35.4,128,0,1,0,0,0,0,1,4.4
51589,48,male,Snow,4,tertiary,1,1,14.8,0,1,0,0,0,29.1,112,0,0,0,0,0,0,1,7.8
76111,18,male,Rose,3,secondary,1,0,0.0,0,0,1,1,0,24.9,103,0,0,1,0,0,1,1,7.8
67133,49,female,Nightingale,2,primary,0,1,13.8,0,1,1,0,1,30.2,123,0,0,0,0,0,0,0,8.9
72948,59,female,Rose,4,secondary,1,0,0.0,0,1,0,0,0,32.6,135,1,0,0,0,0,0,0,5.8
63411,39,male,Hill,4,secondary,1,0,0.0,1,1,1,0,0,26.7,109,0,0,1,0,0,0,0,8.5
81648,57,female,Nightingale,4,secondary,1,0,0.0,0,0,1,0,0,28.8,117,0,0,0,0,0,0,0,4.2
70102,53,female,Doll,4,tertiary,1,0,0.0,0,0,1,0,0,27.8,102,1,0,0,0,0,0,0,4.8
65842,20,male,Nightingale,4,secondary,1,0,0.0,0,0,1,1,1,23.6,114,0,0,1,0,0,1,1,6.0
42189,78,male,Nightingale,4,tertiary,0,0,0.0,0,0,0,0,0,33.8,146,0,0,0,0,0,0,0,5.3
76522,32,male,Hill,3,secondary,1,0,0.0,1,0,0,1,1,24.7,102,0,1,0,0,0,0,1,8.2
32430,67,female,Rose,5,tertiary,1,0,0.0,1,0,0,0,0,21.2,93,0,0,1,0,0,0,1,6.3
69890,52,female,Doll,2,secondary,0,1,10.2,0,0,0,0,1,28.1,125,0,0,1,0,0,0,1,7.0
14117,27,male,Doll,3,primary,1,0,0.0,0,0,0,1,1,28.1,121,0,0,0,0,0,0,0,4.6
32705,57,female,Hill,3,secondary,0,0,0.0,1,0,1,1,0,34.3,119,0,0,0,0,0,0,0,9.4
95399,60,male,Hill,1,primary,1,1,12.1,1,0,1,0,0,27.7,136,0,1,0,0,0,0,1,8.0
94037,33,female,Doll,2,secondary,1,1,7.8,0,1,1,0,1,29.4,119,0,0,0,0,1,0,1,9.7
11106,42,female,Doll,5,tertiary,0,0,0.0,0,1,1,1,0,29.5,108,0,0,1,0,0,0,0,8.4
65820,41,male,Doll,4,tertiary,0,1,7.0,0,1,0,1,1,28.8,117,0,0,1,0,0,0,0,8.0
53239,31,male,Rose,4,tertiary,1,0,0.0,0,0,0,0,0,23.7,114,0,0,0,0,0,0,1,9.5
38176,70,female,Doll,5,primary,1,0,0.0,0,0,1,0,0,23.5,137,0,0,0,0,0,0,0,9.2
55220,66,male,Doll,5,secondary,0,0,0.0,1,1,1,0,1,34.9,123,1,0,0,0,1,0,0,7.9
57761,63,male,Snow,2,secondary,0,1,17.3,0,1,1,0,0,20.7,109,0,0,0,0,0,0,0,6.9
58162,73,female,Rose,3,primary,0,1,13.3,1,0,0,0,0,29.8,141,0,0,1,0,0,0,0,9.7
28012,36,male,Snow,4,secondary,1,1,8.6,0,1,1,1,0,29.5,102,0,0,0,0,0,0,0,6.8
22411,36,male,Rose,3,primary,1,1,9.4,1,0,1,1,0,26.0,125,0,0,0,0,0,0,0,5.5
73911,37,male,Doll,3,secondary,1,0,0.0,0,1,1,0,1,33.6,102,0,0,0,0,0,0,1,8.6
46367,65,male,Nightingale,5,secondary,1,1,13.0,0,0,1,0,0,26.9,107,0,0,0,0,0,0,0,6.7
32344,49,female,Hill,1,secondary,1,1,8.6,1,1,1,0,0,36.6,145,1,1,0,0,0,0,1,7.1
84854,29,female,Snow,3,tertiary,0,0,0.0,1,0,0,0,0,22.4,101,0,0,0,0,0,0,0,6.7
58288,44,male,Rose,4,secondary,1,0,0.0,0,0,1,1,0,22.3,117,0,0,0,0,0,0,0,6.9
56455,56,female,Nightingale,3,secondary,1,0,0.0,1,1,0,0,0,34.0,125,0,0,0,0,0,0,0,7.6
79645,20,male,Rose,4,tertiary,1,0,0.0,0,0,0,0,0,24.3,109,0,0,0,0,0,0,0,9.0
92299,79,female,Rose,3,primary,1,0,0.0,0,1,1,0,1,35.4,140,0,0,1,0,1,0,1,4.6
56020,47,female,Snow,3,secondary,1,0,0.0,1,1,1,0,0,32.0,110,0,0,0,0,1,0,1,5.3
53022,62,male,Nightingale,4,secondary,1,0,0.0,0,0,1,0,0,27.3,104,0,0,0,0,0,0,1,8.2
95043,26,female,Hill,4,tertiary,1,0,0.0,1,0,1,0,0,21.1,99,0,0,0,0,0,0,0,6.5
76888,56,male,Hill,3,tertiary,1,0,0.0,0,0,0,0,0,22.4,118,1,0,0,0,0,0,1,4.4
56217,65,male,Doll,5,secondary,1,1,20.3,0,0,0,0,0,25.2,124,0,0,0,0,0,0,0,9.8
61985,78,female,Hill,3,secondary,0,0,0.0,1,0,0,0,1,25.4,129,0,0,0,1,0,0,0,9.8
62466,28,male,Rose,5,secondary,0,0,0.0,0,0,1,1,0,24.4,90,0,0,1,0,0,1,1,5.2
83085,23,male,Nightingale,2,primary,1,1,1.1,1,1,0,0,0,22.4,110,1,0,0,0,0,0,0,5.1
95403,74,female,Doll,5,secondary,1,0,0.0,0,0,1,1,0,27.3,133,0,0,0,0,0,1,1,9.8
40058,58,female,Nightingale,2,secondary,0,0,0.0,0,1,1,0,1,33.1,131,1,0,0,0,1,1,1,8.0
23998,54,male,Hill,3,secondary,1,1,15.2,0,1,0,1,0,28.4,122,1,0,0,0,1,1,1,9.2
20659,69,male,Rose,3,tertiary,1,0,0.0,0,0,0,0,0,26.0,117,0,0,0,0,0,0,0,7.8
37935,52,female,Doll,4,tertiary,1,0,0.0,0,1,0,0,0,28.8,120,0,0,0,0,0,0,0,6.0
25315,70,male,Rose,4,tertiary,0,0,0.0,0,1,0,0,0,29.8,143,1,1,0,0,0,0,0,9.5
36959,30,male,Nightingale,2,secondary,0,0,0.0,0,1,0,0,0,30.5,105,0,0,0,0,0,0,0,6.1
74136,49,female,Rose,5,primary,1,0,0.0,0,0,1,0,0,30.2,122,0,0,0,0,0,0,0,9.8
62908,57,male,Doll,2,secondary,1,0,0.0,0,0,0,0,0,20.8,127,0,0,0,0,0,0,0,8.4
93996,27,male,Hill,3,secondary,0,1,3.2,1,1,1,1,0,26.7,99,1,1,0,0,0,1,1,9.7
65024,59,female,Doll,5,tertiary,1,1,15.0,0,0,0,0,0,26.3,126,0,0,0,0,0,0,0,7.5
67991,70,male,Doll,4,secondary,1,0,0.0,0,1,1,0,0,31.8,146,1,0,0,0,1,0,0,5.7
56241,20,female,Doll,4,secondary,1,0,0.0,0,0,0,0,0,17.5,94,0,0,0,0,0,1,0,8.1
31804,19,male,Doll,4,tertiary,1,0,0.0,0,1,0,0,0,23.9,112,0,0,0,0,0,0,0,5.3
62380,34,male,Hill,2,primary,1,1,3.3,1,1,0,1,0,30.3,120,1,0,0,0,0,0,1,9.6
89158,78,male,Nightingale,2,secondary,0,0,0.0,0,0,0,1,0,32.0,127,0,0,0,0,0,0,0,8.9
54722,35,male,Nightingale,2,secondary,0,0,0.0,0,1,0,1,0,28.9,124,0,0,1,0,0,0,0,8.4
12656,25,male,Hill,2,secondary,1,0,0.0,1,1,0,0,0,26.7,118,1,0,1,0,0,0,1,7.9
20614,57,male,Doll,2,primary,0,0,0.0,0,1,0,0,0,35.1,123,0,0,1,0,0,0,1,9.6
40083,35,female,Nightingale,3,secondary,1,0,0.0,0,0,0,1,0,28.8,113,0,0,0,0,0,1,0,6.9
40605,32,female,Hill,4,secondary,0,0,0.0,0,0,0,0,0,24.8,114,1,0,0,0,0,1,0,5.8
13503,32,female,Hill,2,primary,0,1,5.5,0,0,0,0,0,24.9,117,0,0,0,0,0,0,0,8.8
81673,75,male,Snow,3,tertiary,0,1,12.6,1,0,1,0,1,33.2,151,0,0,0,0,1,0,1,9.2
47532,60,male,Snow,4,secondary,1,0,0.0,0,0,1,0,0,31.3,141,0,0,0,0,0,0,0,8.1
35275,63,male,Snow,3,tertiary,1,0,0.0,1,0,0,0,0,25.2,131,0,0,1,0,0,0,1,7.3
27317,53,female,Snow,1,primary,0,1,15.5,1,1,1,0,0,34.4,113,0,0,0,0,0,1,0,4.8
69554,19,male,Rose,3,secondary,1,0,0.0,0,1,0,0,0,26.1,90,0,0,0,0,0,0,0,8.7
43473,45,female,Doll,4,secondary,1,0,0.0,1,0,1,0,0,33.4,114,0,0,0,0,0,0,1,8.5
58966,47,female,Hill,4,secondary,1,0,0.0,0,0,0,1,0,25.4,113,0,0,0,0,0,0,1,4.5
21870,30,female,Hill,2,secondary,0,0,0.0,0,0,0,0,0,27.2,95,0,0,0,0,0,0,0,5.3
14173,37,female,Doll,2,secondary,1,1,6.9,1,1,0,1,0,28.5,113,0,0,0,0,0,0,0,5.2
67892,33,female,Doll,2,tertiary,1,0,0.0,0,0,1,1,0,29.2,118,0,0,0,0,0,0,0,4.6
58827,51,male,Doll,4,secondary,1,0,0.0,1,1,1,0,0,26.8,120,0,0,0,0,0,0,0,5.8
46308,66,male,Hill,1,primary,0,1,11.3,0,0,1,0,0,35.2,127,1,0,0,0,0,0,0,9.7
69634,31,female,Rose,5,secondary,1,0,0.0,0,0,0,0,0,25.5,103,0,0,0,0,0,0,1,9.4
84729,54,female,Hill,3,secondary,1,1,15.4,1,1,1,1,0,29.6,130,1,0,0,0,0,0,0,4.2
74463,64,female,Hill,1,tertiary,1,1,13.4,1,1,1,0,0,32.5,127,0,0,0,0,1,0,1,8.8
16092,68,male,Doll,5,tertiary,1,0,0.0,1,0,1,1,1,28.5,136,0,0,0,0,1,0,1,7.6
20100,30,male,Snow,2,primary,0,1,6.0,1,1,1,0,1,31.9,110,1,0,0,0,0,0,0,8.4
57527,55,male,Doll,2,secondary,1,1,10.6,1,0,1,1,0,26.0,115,0,0,0,0,0,0,0,9.3
70479,28,female,Doll,4,secondary,1,1,2.8,1,1,0,1,0,22.1,108,1,0,0,0,0,0,0,5.4
31943,59,female,Rose,3,secondary,0,1,14.8,0,1,1,0,0,34.0,125,0,0,0,0,0,0,0,6.1
38682,18,female,Snow,2,primary,0,0,0.0,1,1,1,1,0,31.4,129,0,0,1,0,0,1,1,6.5
99635,31,female,Snow,4,primary,0,0,0.0,0,1,1,0,0,29.2,90,0,0,0,0,0,0,0,6.7
48165,70,female,Nightingale,2,secondary,1,1,15.8,0,0,1,0,1,31.5,116,0,1,0,0,0,0,1,8.9
19527,67,female,Doll,4,tertiary,1,0,0.0,0,0,0,1,0,29.6,148,1,0,0,0,0,0,0,7.5
64474,38,female,Snow,1,secondary,0,0,0.0,1,1,1,1,0,35.8,128,0,0,0,0,0,0,0,8.6
10649,61,female,Doll,4,secondary,1,1,15.1,1,0,0,0,0,28.7,133,1,0,0,0,0,0,0,7.3
30698,64,male,Hill,4,tertiary,1,0,0.0,0,0,0,0,0,27.9,123,0,0,0,0,0,0,1,6.3
83357,44,female,Doll,3,primary,1,0,0.0,1,0,0,0,0,27.7,124,1,0,1,0,0,0,1,4.9
76471,44,male,Snow,4,tertiary,1,0,0.0,0,1,1,0,0,27.6,117,0,0,0,0,0,0,0,9.3
49541,53,female,Nightingale,4,secondary,1,0,0.0,1,0,0,0,0,24.8,123,0,0,0,0,0,0,1,9.0
34240,66,male,Snow,4,secondary,1,1,16.3,1,0,1,0,1,27.6,115,0,0,0,0,0,0,0,4.5
91323,75,male,Rose,4,secondary,1,0,0.0,0,1,1,0,1,31.4,140,0,0,0,0,0,0,0,4.7
38672,51,female,Hill,1,secondary,0,0,0.0,1,1,0,0,0,27.7,128,0,0,0,0,0,0,0,9.4
61501,42,male,Hill,4,secondary,0,0,0.0,0,0,1,1,0,25.3,109,0,0,0,0,0,0,1,4.4
45338,47,male,Doll,2,tertiary,0,1,15.0,0,1,1,0,0,27.2,125,1,0,0,0,0,0,0,9.0
57059,73,male,Hill,3,tertiary,0,0,0.0,1,0,0,0,0,28.7,127,0,0,0,0,0,0,0,7.0
29427,73,female,Snow,3,secondary,0,0,0.0,1,1,1,0,1,39.0,143,0,1,0,0,0,0,1,6.0
10379,69,female,Hill,2,tertiary,1,0,0.0,0,1,1,0,0,33.0,123,0,0,1,0,0,0,1,9.7
30238,29,female,Nightingale,3,secondary,1,1,5.7,1,0,1,1,0,25.2,110,0,0,0,0,0,1,0,7.9
54547,47,male,Snow,2,secondary,1,1,8.7,0,1,0,0,1,25.6,110,1,0,0,0,1,0,1,5.1
65267,51,male,Nightingale,5,tertiary,1,0,0.0,1,0,1,0,1,22.0,115,0,0,0,0,0,0,0,6.8
12005,41,female,Rose,4,secondary,1,0,0.0,1,0,1,0,0,32.7,110,0,0,0,0,0,0,0,9.5
46152,66,female,Doll,4,primary,1,0,0.0,1,0,1,0,0,33.9,122,0,0,0,0,0,0,0,9.0
46928,71,male,Hill,3,secondary,0,0,0.0,1,1,1,0,0,37.3,123,0,0,0,0,1,0,1,7.7
67220,71,female,Nightingale,3,secondary,1,0,0.0,0,0,0,0,1,23.1,135,0,0,0,0,0,1,1,4.8
76326,70,female,Hill,3,secondary,0,0,0.0,0,0,0,0,1,25.7,109,0,0,0,0,0,1,1,9.8
46987,18,male,Rose,4,tertiary,1,1,0.0,0,0,0,0,0,22.4,99,0,0,0,0,0,0,0,6.5
57914,65,female,Snow,3,secondary,0,0,0.0,0,1,1,0,0,38.2,130,0,0,0,0,1,0,1,5.7
20767,46,male,Nightingale,4,tertiary,1,1,11.4,0,0,0,0,0,28.2,108,0,0,0,0,0,0,0,8.7
22824,61,male,Doll,2,secondary,1,0,0.0,0,0,1,0,0,23.6,134,1,0,0,0,0,0,0,6.8
65950,71,female,Doll,2,secondary,0,1,17.5,1,1,1,0,0,34.7,137,0,0,0,1,0,0,1,5.8
79758,49,male,Hill,3,tertiary,1,0,0.0,1,0,0,1,0,28.5,106,0,0,0,0,0,0,0,9.9
32812,73,female,Hill,2,secondary,0,1,21.1,0,0,1,0,0,35.9,138,1,0,0,0,1,1,1,4.3
81827,70,female,Nightingale,4,secondary,1,0,0.0,1,0,0,0,0,25.9,114,0,0,0,0,0,0,0,8.1
98063,26,male,Hill,2,primary,0,1,1.9,1,1,0,1,0,28.6,123,0,0,0,0,0,0,0,4.6
22914,29,male,Nightingale,4,secondary,1,0,0.0,1,0,1,0,0,24.5,95,0,0,0,0,0,0,0,6.2
96667,32,female,Rose,5,tertiary,0,0,0.0,1,0,1,1,0,25.2,109,0,0,0,0,0,0,0,7.9
32792,24,male,Snow,2,primary,1,0,0.0,1,0,0,1,1,28.6,109,0,0,0,0,0,1,0,9.7
66266,52,male,Doll,2,primary,1,1,7.8,0,0,1,0,0,28.1,124,1,0,0,0,0,0,0,6.4
90830,61,female,Hill,1,secondary,0,1,15.6,1,1,1,0,0,27.7,130,0,0,1,0,0,0,0,8.3
72922,26,male,Hill,3,tertiary,0,0,0.0,1,0,1,1,0,25.9,108,0,0,0,0,0,0,0,6.5
77169,22,female,Rose,5,tertiary,1,0,0.0,0,0,0,0,1,22.2,114,0,0,0,0,0,0,0,9.8
49874,28,male,Rose,3,secondary,1,0,0.0,1,0,0,1,0,26.7,108,0,0,1,0,0,1,0,7.2
76289,70,male,Rose,5,secondary,1,0,0.0,0,0,0,0,1,27.9,123,0,0,0,0,0,0,0,6.0
97489,74,male,Rose,5,secondary,1,0,0.0,0,0,0,0,0,26.2,118,0,0,1,0,0,0,1,8.0
24318,22,male,Snow,3,secondary,1,0,0.0,0,1,0,0,0,26.0,100,0,0,0,0,0,0,0,7.3
76896,35,female,Snow,1,secondary,0,0,0.0,0,0,1,0,0,27.4,102,0,0,0,0,0,0,0,4.9
45441,31,female,Hill,3,secondary,1,1,3.6,0,0,1,0,0,30.7,114,1,0,0,0,0,1,0,8.1
53209,64,male,Rose,5,secondary,1,1,20.4,0,1,0,0,0,32.2,141,0,1,0,0,0,1,1,4.0
34182,66,male,Snow,3,secondary,1,0,0.0,1,1,0,0,0,33.8,137,1,1,0,0,0,0,1,4.2
33453,21,male,Rose,4,tertiary,0,0,0.0,0,0,0,0,0,28.5,99,0,0,0,0,0,0,0,7.1
92966,55,male,Doll,4,tertiary,1,0,0.0,0,0,0,0,0,23.3,115,0,0,0,0,0,0,0,5.2
24681,54,female,Hill,5,secondary,0,0,0.0,0,0,0,1,0,31.2,118,0,0,0,0,0,0,0,5.3
23237,27,male,Rose,2,primary,0,0,0.0,0,1,1,1,0,30.7,103,1,0,1,0,0,1,1,9.8
96812,43,female,Doll,4,tertiary,1,0,0.0,0,0,1,0,0,28.6,123,0,0,0,0,0,0,0,9.4
95172,36,male,Doll,4,tertiary,1,0,0.0,0,0,0,1,0,26.1,119,0,0,0,0,0,0,1,7.0
25892,79,male,Nightingale,3,primary,1,1,13.1,1,0,0,0,0,28.9,151,0,0,0,0,0,0,1,9.5
81479,55,female,Rose,5,tertiary,1,0,0.0,0,0,0,0,0,23.8,116,0,0,0,0,0,0,0,7.1
10632,22,female,Nightingale,4,secondary,1,0,0.0,0,0,0,1,1,19.8,95,0,0,1,0,0,0,0,6.3
34762,74,female,Hill,2,secondary,0,1,27.7,1,0,1,1,0,26.6,147,0,1,0,0,0,0,1,5.3
64000,76,male,Snow,5,tertiary,1,0,0.0,0,0,0,0,0,27.9,133,0,0,0,0,0,0,1,6.7
66066,78,male,Snow,4,secondary,0,0,0.0,0,1,0,1,1,30.2,138,0,0,0,1,1,0,0,8.1
66721,31,female,Doll,5,secondary,1,0,0.0,0,0,0,0,1,18.4,101,0,0,0,0,0,0,0,4.1
96503,23,female,Doll,5,tertiary,1,0,0.0,1,0,0,0,0,26.4,93,0,0,0,0,0,0,0,6.5
43063,76,female,Nightingale,5,tertiary,1,0,0.0,0,0,0,0,0,31.8,132,0,0,0,0,0,1,0,7.5
55472,28,male,Rose,3,secondary,0,0,0.0,0,0,0,0,0,27.9,98,0,0,0,0,0,0,0,9.0
85750,39,male,Doll,5,tertiary,1,0,0.0,0,0,0,1,0,28.6,103,0,0,0,0,0,1,0,5.6
30981,70,male,Rose,3,secondary,1,1,12.3,0,0,1,0,1,29.6,136,0,1,0,0,0,1,1,8.3
56526,45,female,Doll,2,secondary,0,0,0.0,0,0,0,0,0,21.4,110,0,0,1,0,1,0,1,4.3
21384,36,male,Nightingale,4,secondary,0,0,0.0,0,0,0,0,0,24.3,111,0,0,0,0,0,0,0,6.6
39328,50,male,Rose,3,secondary,1,1,8.0,0,0,0,0,0,30.5,124,0,0,0,0,0,0,0,7.2
95486,55,male,Snow,4,secondary,1,0,0.0,1,0,0,0,0,23.2,100,0,0,0,0,0,0,0,4.4
20476,19,female,Snow,4,tertiary,1,1,0.5,1,0,0,0,0,27.6,101,1,0,0,0,0,0,1,10.0
16742,56,male,Snow,2,secondary,1,0,0.0,1,1,1,0,0,29.6,121,0,0,0,0,0,0,0,8.2
34832,71,female,Doll,4,tertiary,1,0,0.0,0,0,1,0,0,33.1,127,0,0,0,0,0,0,0,9.8
45796,22,female,Snow,1,primary,0,1,1.1,1,1,1,1,1,29.2,105,0,0,1,0,0,0,1,6.7
24473,75,female,Snow,2,primary,0,0,0.0,0,0,1,0,0,28.4,132,0,0,0,0,0,0,0,4.4
52907,40,male,Hill,4,tertiary,1,0,0.0,0,0,0,0,1,25.2,97,0,0,1,0,0,0,1,9.3
18157,47,male,Doll,3,primary,1,0,0.0,0,0,0,0,0,27.7,113,0,0,0,0,0,0,1,8.0
32434,49,female,Hill,4,secondary,1,0,0.0,1,1,0,0,0,32.9,127,1,0,0,0,0,0,0,7.2
42358,40,male,Rose,5,primary,1,0,0.0,0,1,0,0,0,28.6,98,0,0,0,0,0,0,0,5.0
73382,68,female,Hill,4,tertiary,0,0,0.0,1,1,1,1,1,27.0,130,0,1,0,0,0,0,1,7.6
22003,51,female,Rose,4,secondary,1,1,10.9,1,0,1,0,0,29.3,135,0,0,0,0,0,0,0,4.0
65466,18,male,Doll,3,secondary,0,0,0.0,1,0,0,1,0,26.0,98,0,0,0,0,0,0,0,9.6
88457,59,female,Rose,4,tertiary,0,0,0.0,0,0,1,0,0,32.6,107,0,0,0,0,0,0,0,7.2
21816,27,female,Hill,4,tertiary,0,0,0.0,0,0,1,1,0,26.0,106,0,0,0,0,0,1,0,7.8
96926,48,male,Hill,3,primary,1,0,0.0,0,0,0,0,1,30.0,130,1,0,0,0,0,0,0,6.2
25215,36,female,Nightingale,1,secondary,0,0,0.0,0,0,0,1,0,27.8,117,0,0,0,0,0,0,0,9.6
67174,41,female,Rose,5,secondary,1,0,0.0,0,0,0,0,0,23.6,109,1,0,0,0,0,0,1,8.0
49411,76,male,Hill,4,secondary,1,0,0.0,0,0,0,0,1,31.0,137,0,0,0,0,0,0,0,9.2
65587,30,female,Hill,2,secondary,1,0,0.0,0,0,1,0,0,26.3,111,0,0,0,0,0,0,0,6.9
75614,71,male,Hill,4,tertiary,1,0,0.0,0,0,1,0,0,28.8,125,0,1,0,0,0,0,1,5.5
11980,28,female,Rose,5,tertiary,1,1,2.9,0,1,0,0,0,26.3,114,0,0,0,0,0,0,0,6.6
50875,50,male,Nightingale,2,secondary,0,0,0.0,0,0,0,0,1,25.1,128,0,0,0,0,0,0,0,5.9
36146,19,male,Rose,2,primary,1,0,0.0,0,1,0,0,1,25.0,95,0,0,0,0,0,0,1,8.7
57824,26,female,Rose,5,tertiary,1,0,0.0,1,0,0,1,1,24.8,107,1,0,0,0,0,1,1,9.5
73782,46,male,Hill,4,tertiary,1,0,0.0,1,0,0,1,0,26.6,119,0,0,0,0,0,0,0,5.4
20477,21,male,Nightingale,2,primary,1,1,1.4,0,0,0,0,0,31.1,99,0,0,0,0,0,0,0,6.7
75869,68,male,Hill,2,secondary,1,1,24.9,1,1,1,0,1,32.4,125,0,0,0,1,0,0,1,9.4
48427,69,female,Hill,3,secondary,1,0,0.0,0,0,0,0,0,24.9,127,0,0,0,0,0,0,1,5.1
79135,66,male,Rose,5,tertiary,1,0,0.0,0,0,0,0,0,28.4,141,0,0,0,0,1,0,1,8.5
35324,22,male,Nightingale,4,primary,1,0,0.0,0,0,0,1,0,26.6,91,1,0,0,0,0,1,0,10.0
35972,57,male,Doll,2,secondary,0,0,0.0,0,0,0,1,1,25.3,115,0,0,0,1,0,0,1,4.0
29758,52,male,Rose,4,tertiary,0,1,6.5,0,0,0,1,0,27.1,111,1,0,0,0,0,0,0,7.9
79612,25,male,Rose,5,secondary,1,1,3.6,0,0,0,1,0,25.7,103,0,0,1,0,0,0,1,9.2
96511,19,male,Rose,4,tertiary,0,0,0.0,0,1,1,1,0,24.8,90,0,0,0,0,0,1,0,6.5
15818,51,female,Hill,4,tertiary,1,0,0.0,0,0,0,0,1,20.7,131,0,0,0,0,0,0,0,4.2
80312,47,male,Rose,5,tertiary,1,0,0.0,0,0,1,1,0,27.9,118,0,0,0,0,0,0,0,7.4
93540,44,female,Rose,4,secondary,1,0,0.0,1,0,0,0,0,25.0,117,0,0,0,0,0,0,0,4.4
99793,64,female,Rose,4,secondary,1,0,0.0,0,1,0,0,0,25.8,114,0,0,0,0,0,0,1,9.7
92438,36,female,Doll,5,tertiary,1,1,9.1,0,0,1,1,0,29.7,124,1,0,0,0,0,0,0,7.9
47897,76,male,Snow,3,primary,0,0,0.0,0,0,0,0,1,29.0,122,1,1,0,0,0,0,0,7.0
77159,60,male,Nightingale,4,secondary,0,0,0.0,0,0,1,0,0,30.2,129,0,0,0,0,0,0,0,5.9
10028,64,male,Hill,4,primary,1,0,0.0,0,0,1,0,1,25.7,117,0,0,1,0,1,0,1,5.6
91760,44,male,Doll,5,tertiary,1,0,0.0,1,0,0,1,0,29.1,104,0,0,0,0,0,0,0,5.4
60567,65,female,Snow,4,secondary,1,1,24.6,0,1,1,0,0,37.4,134,0,0,0,0,0,0,0,6.0
94923,33,male,Rose,3,secondary,0,1,4.2,0,0,0,0,1,25.5,104,0,0,0,0,0,0,0,6.3
89080,41,female,Nightingale,1,secondary,1,1,7.7,0,1,0,0,1,30.2,114,0,0,0,0,0,0,0,7.7
86495,75,male,Doll,5,primary,1,1,25.8,0,0,1,0,1,28.8,129,0,0,0,0,0,0,0,4.5
15078,39,male,Doll,2,secondary,1,0,0.0,1,0,0,1,0,26.9,93,0,0,0,0,0,0,0,8.2
15250,78,female,Hill,3,secondary,1,0,0.0,0,0,0,0,1,26.4,118,0,0,0,0,0,0,0,8.0
67272,31,female,Doll,3,secondary,1,0,0.0,1,0,1,0,0,27.7,112,0,0,0,0,0,0,0,5.3
11868,72,female,Snow,3,primary,0,1,24.5,0,1,0,0,1,36.0,122,0,1,0,0,0,0,0,7.2
65607,40,female,Doll,4,primary,0,0,0.0,0,0,0,0,0,18.9,108,0,0,0,0,0,0,0,5.3
68624,19,male,Rose,3,secondary,0,0,0.0,0,0,0,0,0,26.9,111,0,0,0,0,0,1,0,6.5
41020,20,male,Hill,4,tertiary,1,0,0.0,0,0,1,1,0,24.7,101,0,0,0,0,0,0,1,6.8
58991,34,male,Doll,2,secondary,0,0,0.0,0,1,0,1,1,24.2,109,0,0,1,0,0,0,1,5.2
57327,51,male,Rose,3,secondary,1,1,10.9,1,0,0,1,0,27.5,117,0,0,0,0,0,0,0,4.1
79565,76,male,Rose,3,secondary,1,1,22.2,0,0,1,0,0,32.5,139,0,0,0,0,0,0,0,5.9
70005,73,female,Nightingale,3,primary,1,1,17.5,0,1,1,0,1,31.5,137,0,0,0,1,1,0,1,7.7
82180,56,male,Rose,2,primary,1,1,13.5,1,1,1,0,0,33.0,112,1,1,0,0,0,1,1,6.7
81229,43,male,Doll,3,secondary,1,0,0.0,0,0,0,0,0,29.5,107,0,0,0,0,0,0,1,6.8
51716,34,male,Snow,4,secondary,1,0,0.0,0,1,0,1,0,27.0,125,0,0,0,0,0,1,0,4.6
35875,25,male,Hill,1,primary,0,0,0.0,1,1,1,1,1,33.3,93,0,0,0,0,0,0,0,7.3
60827,60,male,Nightingale,5,tertiary,1,0,0.0,0,0,0,0,0,25.0,109,1,0,0,0,0,0,0,9.8
60413,75,male,Hill,5,tertiary,0,0,0.0,1,0,1,0,1,26.3,135,0,0,0,0,0,0,0,4.8
83042,44,female,Rose,2,secondary,0,0,0.0,0,1,1,0,0,26.8,99,1,0,0,0,0,0,0,8.4
70807,53,male,Nightingale,4,secondary,1,0,0.0,0,1,0,0,0,31.3,130,0,0,0,0,0,0,0,6.7
99092,51,male,Rose,3,tertiary,0,0,0.0,0,1,1,0,0,33.6,116,1,1,0,0,0,0,0,6.3
79198,36,male,Doll,5,secondary,0,0,0.0,0,0,1,0,0,24.4,98,0,0,0,0,0,0,0,6.9
92602,62,male,Hill,3,secondary,0,0,0.0,0,0,0,1,0,23.7,112,0,0,0,0,0,0,0,5.3
87884,71,female,Nightingale,2,primary,0,0,0.0,1,0,1,0,1,29.6,114,0,1,0,0,1,0,1,8.4
22549,31,female,Nightingale,1,primary,0,0,0.0,0,0,0,0,1,27.8,96,1,0,0,0,0,0,0,4.9
78585,45,female,Nightingale,3,tertiary,1,0,0.0,0,0,0,0,0,26.4,104,0,0,0,0,0,0,0,5.6
66762,25,female,Nightingale,1,secondary,0,0,0.0,0,1,0,0,1,37.4,99,0,0,1,0,0,1,1,4.5
49888,58,male,Hill,2,primary,1,1,7.9,0,0,1,0,0,30.4,125,1,0,0,0,0,0,0,9.1
65037,79,female,Rose,4,secondary,1,0,0.0,0,1,0,0,1,29.9,126,0,0,0,0,0,0,1,5.2
38970,40,male,Nightingale,3,tertiary,1,0,0.0,0,1,0,0,0,27.3,117,1,0,0,0,0,0,1,9.3
29752,25,female,Nightingale,4,tertiary,1,0,0.0,0,0,0,0,1,29.1,92,0,0,1,0,0,0,1,10.0
47719,39,male,Hill,2,primary,0,0,0.0,1,0,1,0,0,26.1,95,0,0,0,0,1,0,1,9.5
81148,64,female,Nightingale,2,secondary,1,0,0.0,0,1,1,0,0,27.2,116,0,0,0,0,0,0,0,5.3
75204,37,female,Nightingale,2,secondary,1,1,8.7,0,1,0,0,1,28.4,136,1,0,1,0,0,0,1,6.5
11318,31,male,Snow,1,secondary,1,0,0.0,1,0,1,0,0,28.6,124,1,0,0,0,0,0,0,5.8
42800,35,female,Doll,2,secondary,1,0,0.0,1,0,0,1,0,25.5,111,0,0,0,0,0,0,0,10.0
82224,77,female,Nightingale,3,secondary,1,0,0.0,0,0,0,0,0,27.2,131,0,0,0,0,0,0,1,5.4
19550,47,male,Rose,3,secondary,1,0,0.0,0,0,1,1,0,34.3,105,0,0,0,0,1,0,0,6.9
31726,39,female,Hill,5,tertiary,1,0,0.0,1,0,1,0,0,29.3,109,1,0,0,0,0,0,0,8.9
87179,19,male,Snow,3,secondary,1,0,0.0,0,0,0,1,0,24.4,94,0,0,0,0,0,1,0,6.6
71742,43,female,Snow,4,secondary,1,1,5.7,0,0,0,0,0,28.2,125,0,0,0,0,0,0,0,6.3
37663,77,male,Rose,4,secondary,1,1,16.5,0,0,0,0,0,27.9,142,0,0,0,0,0,0,0,4.7
95947,73,male,Hill,4,tertiary,1,1,18.2,1,0,0,0,0,23.0,107,0,0,0,0,0,0,0,6.7
55375,58,female,Doll,3,secondary,0,1,7.2,0,0,0,0,0,31.4,131,0,0,0,0,0,0,0,8.9
21839,25,female,Doll,3,secondary,1,0,0.0,0,0,1,0,0,26.5,108,0,0,0,0,0,0,0,6.2
54374,29,female,Doll,3,secondary,1,1,4.1,1,0,0,0,0,27.5,101,0,0,0,0,0,0,0,9.7
88587,75,female,Hill,1,secondary,0,0,0.0,0,0,0,0,1,32.0,110,0,0,0,0,0,0,0,9.5
27067,63,male,Nightingale,5,tertiary,1,0,0.0,1,0,1,0,0,31.1,117,0,0,0,0,0,0,0,4.5
60798,55,male,Doll,2,secondary,1,1,8.6,0,1,1,0,0,31.8,133,0,0,0,0,0,0,0,7.4
70970,22,female,Snow,3,secondary,1,0,0.0,0,1,0,0,0,23.5,112,1,0,0,0,0,0,0,8.2
54631,70,male,Rose,5,tertiary,1,0,0.0,0,0,1,0,0,29.6,119,0,0,0,0,0,0,0,10.0
35956,68,female,Hill,2,secondary,0,1,11.8,1,0,1,0,1,27.8,112,0,0,0,0,0,0,0,4.3
41032,30,male,Rose,3,secondary,0,0,0.0,1,0,1,1,0,28.1,126,0,0,0,0,0,0,0,6.2
94147,46,male,Rose,2,secondary,0,0,0.0,1,1,0,0,0,24.9,130,0,0,0,0,0,0,0,9.2
35222,38,female,Hill,5,tertiary,1,0,0.0,1,0,0,1,0,28.7,111,0,0,0,0,0,0,0,9.0
49698,52,male,Hill,3,secondary,0,0,0.0,1,0,0,0,0,26.9,123,0,0,0,0,0,0,0,4.6
29335,41,female,Rose,3,secondary,1,1,9.2,0,0,0,0,0,19.3,119,1,0,0,0,0,0,0,9.8
17789,18,male,Snow,4,secondary,1,1,0.0,1,0,0,1,0,22.3,100,0,0,0,0,0,0,0,6.2
10003,31,male,Doll,5,secondary,0,1,3.9,0,0,0,0,0,24.2,121,0,0,0,0,0,0,0,9.8
79641,54,female,Snow,1,primary,1,1,16.1,1,0,1,0,0,32.3,132,0,0,1,0,0,0,1,9.2
60167,53,female,Rose,5,tertiary,1,1,8.1,1,1,1,0,0,32.4,129,0,0,0,0,1,0,0,9.3
75585,53,male,Rose,5,tertiary,1,0,0.0,0,1,0,1,0,19.9,110,0,0,0,0,0,0,0,7.1
97411,64,female,Hill,2,primary,1,1,19.6,0,0,0,0,1,25.0,117,1,0,0,0,0,0,0,5.0
92109,19,female,Rose,4,secondary,0,0,0.0,0,1,0,0,0,27.0,99,0,0,0,0,0,0,0,9.0
73132,38,male,Snow,2,primary,0,1,7.2,1,1,1,0,0,32.6,134,0,0,0,0,0,0,0,8.4
80895,76,female,Hill,5,secondary,1,1,25.9,1,0,1,0,0,27.8,124,0,1,0,1,1,0,1,9.1
68450,35,female,Doll,3,secondary,0,0,0.0,0,1,0,1,0,31.5,94,1,0,0,0,0,0,0,5.5
16379,25,male,Hill,4,tertiary,0,0,0.0,0,0,0,1,1,25.1,105,0,0,0,0,0,1,0,5.4
43195,43,male,Hill,4,tertiary,1,0,0.0,0,0,0,1,1,21.7,109,1,0,0,0,0,0,0,9.1
70624,77,female,Snow,2,primary,0,1,29.4,1,0,1,0,1,29.8,128,1,0,0,0,0,0,0,7.8
57845,19,male,Nightingale,3,secondary,0,0,0.0,0,0,0,0,0,26.7,91,1,0,0,0,0,0,1,6.9
99775,76,male,Nightingale,2,secondary,1,0,0.0,1,0,1,0,1,32.5,141,0,0,0,0,1,0,1,6.3
72417,76,female,Nightingale,4,primary,1,1,22.1,0,0,1,0,1,34.0,128,0,1,1,0,0,0,1,4.6
34216,61,male,Hill,4,tertiary,1,0,0.0,0,1,0,1,0,33.1,130,0,0,0,0,0,0,1,7.4
75239,66,male,Nightingale,4,secondary,1,0,0.0,0,1,1,0,1,28.0,138,0,0,0,0,1,0,1,9.3
36251,27,female,Snow,2,secondary,0,0,0.0,1,0,0,1,0,25.9,124,0,0,0,0,0,0,0,9.7
57559,75,female,Doll,4,tertiary,1,0,0.0,0,0,1,0,0,27.2,127,0,0,0,0,0,0,0,4.3
70505,61,female,Nightingale,3,tertiary,1,1,22.0,0,0,1,0,0,28.3,127,0,0,0,0,0,0,0,9.8
29346,63,female,Snow,4,tertiary,1,0,0.0,1,0,0,0,0,26.5,109,0,0,0,0,0,0,0,8.1
81458,23,male,Snow,4,secondary,1,0,0.0,1,0,0,0,0,20.7,102,0,0,0,0,0,0,1,9.3
95044,34,male,Snow,2,tertiary,0,0,0.0,1,0,1,1,0,25.7,92,0,0,0,0,0,0,0,5.7
37049,66,male,Hill,4,tertiary,0,0,0.0,1,0,1,0,1,25.4,100,1,0,0,0,0,0,0,4.3
90676,46,male,Doll,5,secondary,1,0,0.0,0,1,0,0,0,29.4,103,0,0,0,0,0,0,0,4.2
17651,78,female,Rose,2,secondary,0,1,31.1,0,1,0,0,0,31.5,134,0,0,1,0,0,0,0,5.8
38435,71,male,Nightingale,5,tertiary,1,1,20.8,0,0,1,0,0,28.9,132,1,0,0,0,0,0,0,5.3
28804,47,female,Snow,3,secondary,1,0,0.0,1,1,0,0,0,27.7,107,0,0,0,0,0,0,0,4.5
89734,33,male,Rose,5,primary,1,0,0.0,0,0,1,1,0,30.3,120,0,0,0,0,0,0,0,6.3
79832,28,female,Nightingale,2,secondary,1,1,4.8,0,1,1,0,1,33.3,120,0,0,0,0,0,0,1,6.2
82987,65,female,Hill,4,tertiary,1,0,0.0,0,0,1,1,0,27.2,134,1,0,0,0,0,0,0,6.7
26319,32,male,Snow,2,secondary,0,0,0.0,0,1,0,0,1,33.2,110,0,0,1,0,0,0,0,7.1
21502,45,male,Hill,5,tertiary,0,0,0.0,0,1,1,0,0,33.9,126,0,0,0,0,0,0,0,6.8
17207,47,female,Nightingale,2,secondary,1,0,0.0,0,0,1,0,0,31.0,124,1,0,0,0,0,0,0,6.1
96421,42,male,Rose,5,tertiary,1,0,0.0,0,0,1,0,0,28.7,114,0,0,0,0,0,0,1,5.8
17539,32,female,Snow,2,primary,0,1,6.8,1,0,1,1,0,23.1,119,0,0,0,0,0,0,0,6.7
51558,71,male,Rose,2,secondary,0,0,0.0,1,0,1,0,0,28.3,121,0,0,0,0,0,0,0,6.1
12626,20,male,Snow,5,tertiary,0,0,0.0,0,1,0,1,0,24.7,107,0,0,0,0,0,0,0,7.4
42604,38,male,Snow,2,secondary,0,0,0.0,1,0,0,1,1,19.9,112,0,0,0,0,0,0,0,7.6
65153,49,male,Hill,3,secondary,1,0,0.0,0,0,1,1,0,28.5,126,0,0,0,0,1,0,1,7.3
22305,41,male,Doll,3,secondary,0,0,0.0,0,0,1,0,0,27.1,103,0,0,0,0,0,0,0,9.1
11859,43,female,Nightingale,5,tertiary,1,0,0.0,0,1,1,0,0,31.0,104,0,0,1,0,0,0,1,4.4
10322,37,female,Rose,4,tertiary,1,0,0.0,0,0,0,0,0,30.9,113,0,0,0,0,0,0,0,9.0
34570,64,female,Doll,4,tertiary,0,0,0.0,0,0,1,0,0,29.5,124,0,0,0,0,0,0,0,8.7
49806,74,female,Snow,2,primary,1,0,0.0,0,0,1,0,1,29.9,136,1,0,0,0,0,0,0,5.2
21559,55,male,Snow,3,secondary,1,0,0.0,1,1,0,0,0,28.3,131,0,0,0,0,0,0,0,6.8
90229,34,male,Hill,1,secondary,0,0,0.0,1,1,1,1,0,32.3,117,0,0,0,0,0,0,0,8.0
80559,38,female,Hill,3,primary,1,0,0.0,0,1,1,1,0,35.8,112,0,0,0,0,1,0,1,7.6
32055,59,female,Nightingale,3,secondary,1,0,0.0,0,0,0,0,0,27.7,123,0,0,0,0,0,0,0,4.0
81258,27,female,Doll,3,secondary,0,0,0.0,1,0,1,0,0,22.6,122,0,0,0,0,0,0,0,7.6
21683,54,male,Rose,2,secondary,1,0,0.0,1,1,0,1,1,29.6,138,0,0,0,0,0,0,0,7.4
13728,77,male,Snow,4,secondary,0,0,0.0,1,0,0,0,0,25.1,134,0,0,0,0,0,0,0,7.8
79051,73,male,Rose,3,secondary,1,1,23.8,0,0,1,0,0,34.9,133,0,0,0,0,0,0,0,8.4
87843,30,male,Hill,4,primary,1,0,0.0,0,1,0,1,0,22.2,121,0,0,0,0,0,0,0,8.0
46839,65,female,Rose,5,tertiary,1,0,0.0,0,0,1,0,0,23.5,132,0,0,0,0,0,0,0,5.5
23729,76,female,Nightingale,4,secondary,1,0,0.0,1,0,0,0,0,35.5,147,0,0,0,0,0,0,0,9.6
65362,55,female,Nightingale,4,secondary,0,0,0.0,1,0,1,0,0,26.3,119,1,0,0,0,0,0,0,5.3
68095,68,male,Nightingale,2,secondary,0,0,0.0,1,1,1,0,1,30.8,128,0,0,0,0,0,0,0,7.7
63471,74,male,Rose,5,tertiary,1,0,0.0,1,0,0,0,1,23.4,118,0,0,0,0,0,0,0,6.2
96468,24,male,Snow,2,primary,1,1,2.4,0,1,1,1,1,28.7,104,0,0,1,0,0,0,1,8.0
79039,50,female,Rose,4,secondary,1,1,14.6,1,0,1,0,1,26.7,112,0,0,0,0,0,0,0,8.7
76343,50,male,Nightingale,3,secondary,0,1,16.2,0,0,1,0,0,25.8,123,0,0,0,0,0,0,0,4.6
69548,50,male,Doll,4,tertiary,1,0,0.0,0,1,1,0,0,31.6,125,0,0,1,0,0,0,0,7.3
33587,43,female,Hill,1,secondary,0,0,0.0,1,1,1,0,1,29.1,121,0,1,1,0,0,1,0,7.4
36426,63,female,Nightingale,1,primary,1,0,0.0,1,1,1,1,0,28.7,107,0,0,1,0,0,0,1,8.5
64028,65,female,Rose,2,secondary,0,1,20.8,0,0,0,0,1,24.9,132,0,0,0,0,0,0,0,6.5
94241,78,female,Hill,4,secondary,1,0,0.0,1,0,0,0,0,23.7,123,0,0,0,0,0,0,0,7.6
11702,39,female,Doll,5,primary,1,0,0.0,0,0,1,1,0,25.1,118,0,0,0,0,0,0,1,6.5
97482,43,male,Hill,2,secondary,0,1,9.0,0,0,0,0,0,25.6,120,1,0,0,0,0,0,0,8.6
88258,24,female,Nightingale,3,primary,1,0,0.0,0,1,0,1,0,29.0,90,0,0,0,0,0,0,0,5.0
45145,57,female,Nightingale,3,secondary,1,0,0.0,0,0,1,0,0,30.7,118,0,0,0,0,0,1,0,8.7
13873,42,male,Snow,3,tertiary,1,0,0.0,0,0,1,0,0,27.8,108,0,0,0,0,1,0,1,5.0
63953,28,female,Nightingale,4,tertiary,0,0,0.0,0,1,0,0,0,22.4,105,0,0,0,0,0,0,0,6.2
55766,34,female,Snow,1,secondary,0,0,0.0,0,1,0,1,1,27.8,107,0,0,0,0,1,1,0,10.0
50110,59,male,Hill,4,secondary,1,0,0.0,1,0,0,1,0,27.3,132,0,0,0,0,0,0,0,4.2
64558,79,male,Doll,3,secondary,1,0,0.0,1,0,1,0,1,30.2,131,0,0,0,0,0,0,0,5.9
61263,68,male,Nightingale,3,primary,1,0,0.0,0,1,1,0,0,35.0,131,0,0,0,0,0,0,0,7.7
53206,49,male,Rose,3,tertiary,1,0,0.0,0,1,0,0,1,34.8,113,0,0,0,0,0,0,0,6.0
12671,28,male,Doll,3,secondary,0,1,2.7,0,0,0,0,0,25.6,110,1,0,1,0,0,0,0,4.2
20223,22,male,Rose,3,tertiary,1,1,1.7,1,1,1,1,1,26.4,112,0,0,0,0,0,1,0,6.4
61001,22,female,Hill,4,primary,1,0,0.0,0,0,1,1,1,25.2,101,0,0,0,0,0,0,0,5.6
89018,39,female,Nightingale,2,secondary,0,0,0.0,0,0,0,0,0,28.1,123,1,0,0,0,0,0,0,6.4
84402,45,male,Doll,3,tertiary,1,1,6.7,0,0,1,1,0,27.6,128,0,0,0,0,0,1,1,7.8
55059,51,male,Hill,3,primary,1,1,16.9,0,0,0,0,0,26.7,104,0,1,0,0,0,0,0,7.4
14725,75,female,Snow,4,tertiary,0,1,17.4,0,0,1,0,0,28.8,133,0,0,0,0,0,0,0,7.4
16635,20,male,Hill,4,secondary,0,1,0.5,1,0,0,1,0,28.8,107,0,0,0,0,0,0,0,6.1
87250,72,male,Nightingale,2,tertiary,0,0,0.0,1,1,1,0,0,31.8,131,0,1,0,0,1,0,0,9.7
50672,50,male,Hill,2,primary,0,0,0.0,1,0,1,1,0,32.1,110,0,0,0,0,1,0,0,6.3
33423,53,male,Rose,3,tertiary,1,1,8.3,0,1,0,0,0,29.3,133,0,0,0,0,0,0,1,8.5
39626,60,female,Rose,4,tertiary,0,0,0.0,0,1,1,0,0,26.2,115,0,0,0,0,0,0,0,9.5
47874,23,female,Rose,5,tertiary,1,0,0.0,1,0,0,0,0,28.8,95,0,0,0,0,0,0,0,6.8
34410,64,female,Rose,5,secondary,1,0,0.0,1,0,1,0,0,28.1,123,0,0,0,0,0,0,0,8.4
92775,47,female,Hill,2,primary,1,0,0.0,1,1,1,1,1,26.6,124,1,0,0,0,0,1,1,5.4
60019,49,male,Doll,5,tertiary,1,0,0.0,1,0,1,0,0,23.1,107,0,0,0,0,0,0,0,7.9
90077,39,male,Snow,2,tertiary,0,1,6.3,1,1,0,0,0,25.6,109,0,0,0,0,0,0,0,6.0
33959,73,female,Nightingale,2,secondary,0,0,0.0,1,0,0,0,0,28.7,122,0,0,0,0,0,1,0,4.3
15660,46,female,Hill,4,secondary,0,1,14.1,0,0,0,0,0,29.1,100,0,0,0,0,0,0,0,6.2
26157,68,male,Doll,5,secondary,1,0,0.0,0,0,1,1,0,26.7,147,1,0,0,0,0,1,0,7.1
98590,70,female,Snow,4,primary,1,0,0.0,0,0,0,0,0,27.7,115,0,0,0,0,0,0,0,5.1
62719,75,female,Rose,2,secondary,0,0,0.0,1,0,0,0,1,23.1,138,0,1,0,0,0,0,0,5.5
25591,28,female,Snow,1,secondary,0,1,5.0,1,1,1,1,1,40.6,107,0,0,0,0,0,1,0,6.4
63555,32,female,Snow,2,secondary,0,0,0.0,0,1,0,0,0,28.4,107,0,0,0,0,0,0,0,9.0
39730,19,female,Hill,5,secondary,1,0,0.0,1,0,1,0,0,26.8,117,1,0,0,0,0,0,0,4.8
15815,38,male,Doll,4,secondary,0,0,0.0,0,0,1,1,0,32.0,127,0,0,0,0,0,0,0,9.3
88933,58,male,Rose,3,tertiary,0,0,0.0,0,0,0,0,0,29.1,114,1,0,0,0,0,0,0,5.1
32791,79,female,Nightingale,2,secondary,0,0,0.0,0,0,1,0,0,32.2,133,0,0,0,0,1,0,0,4.2
96329,68,female,Nightingale,4,secondary,0,0,0.0,0,0,0,0,0,26.3,112,1,0,0,0,0,0,0,6.5
41234,33,male,Doll,5,secondary,1,0,0.0,1,0,0,0,0,24.5,91,0,0,0,0,0,0,0,4.1
29209,76,female,Doll,3,secondary,0,0,0.0,1,1,1,0,0,27.3,123,0,0,1,0,0,0,1,9.9
92166,25,female,Nightingale,4,secondary,1,0,0.0,0,0,0,1,0,25.2,112,0,0,0,0,0,0,0,7.0
41805,66,female,Hill,2,primary,0,0,0.0,1,1,0,0,0,31.0,137,0,0,0,0,0,0,0,7.9
11551,35,female,Snow,2,secondary,0,0,0.0,0,0,0,0,0,28.2,114,1,0,0,0,0,0,0,8.2
55246,55,male,Rose,4,primary,1,1,18.3,1,0,1,1,1,34.2,133,1,0,0,0,0,0,0,7.3
19008,44,female,Hill,1,secondary,0,1,5.2,0,1,0,0,0,25.9,104,0,0,1,0,0,0,0,5.9
68057,51,male,Hill,1,secondary,0,0,0.0,0,1,1,0,0,22.0,116,0,0,0,0,0,0,0,7.8
36789,77,female,Doll,4,secondary,0,0,0.0,0,1,1,0,0,26.2,120,1,0,0,0,0,0,0,8.0
63542,36,female,Nightingale,2,primary,1,0,0.0,0,0,1,1,1,31.2,119,0,0,1,0,0,0,1,9.2
94920,58,female,Rose,2,secondary,1,0,0.0,0,1,1,0,0,33.0,122,0,0,0,0,0,0,0,7.7
91810,24,male,Doll,4,secondary,1,0,0.0,0,0,1,1,0,27.2,107,0,0,0,0,0,0,0,4.0
42953,61,male,Snow,3,primary,0,1,16.2,0,0,0,0,0,26.8,136,0,1,0,0,0,0,0,6.1
70198,48,male,Nightingale,3,secondary,0,1,8.3,0,1,0,1,1,30.8,113,0,0,0,0,0,0,0,5.7
11406,49,male,Hill,2,secondary,1,0,0.0,0,0,1,0,1,30.4,127,0,0,0,0,0,0,0,5.7
95269,24,male,Hill,2,secondary,0,0,0.0,1,0,0,0,0,25.4,119,0,0,0,0,0,0,0,8.1
71720,38,male,Rose,3,primary,0,0,0.0,0,0,0,1,0,33.9,109,0,0,0,0,0,1,0,9.0
86838,70,female,Snow,2,secondary,0,1,15.1,1,0,1,0,0,23.8,117,0,1,1,0,0,0,1,6.4
96113,76,male,Rose,3,secondary,0,0,0.0,1,0,0,0,0,32.3,131,0,0,0,0,0,1,0,7.2
97878,49,male,Hill,2,secondary,1,1,7.2,0,0,0,0,0,19.9,112,0,0,0,0,0,0,1,7.9
70385,67,female,Doll,2,secondary,1,0,0.0,1,1,1,0,0,34.0,146,0,0,0,0,0,0,1,5.9
62773,30,female,Snow,3,secondary,0,0,0.0,1,0,0,1,0,27.4,97,0,1,0,0,0,0,1,6.6
51002,25,male,Hill,3,tertiary,1,0,0.0,1,0,0,0,1,25.0,92,0,0,0,0,0,1,1,8.9
34781,24,female,Rose,4,tertiary,1,0,0.0,1,1,0,1,0,28.6,111,0,0,0,0,0,0,0,9.0
71662,79,female,Hill,2,secondary,1,0,0.0,0,0,0,0,0,34.9,123,0,0,0,0,1,0,1,10.0
44236,74,female,Rose,4,tertiary,1,1,20.8,1,1,1,1,0,27.5,127,0,1,1,0,1,0,1,4.3
63251,36,female,Nightingale,5,secondary,1,0,0.0,0,1,0,0,0,25.1,107,0,0,0,0,0,1,1,6.9
17417,75,male,Snow,2,secondary,0,1,11.6,1,0,1,0,1,29.1,129,0,0,0,0,0,0,1,8.0
81957,33,male,Doll,3,secondary,0,0,0.0,0,0,1,1,0,28.2,102,1,0,0,0,0,1,0,8.3
67628,23,female,Snow,1,primary,0,1,1.5,0,1,0,1,0,29.6,132,0,0,0,0,0,0,0,5.2
40551,54,female,Rose,3,secondary,1,0,0.0,1,0,0,0,0,28.2,126,0,0,0,0,0,1,0,7.1
56822,46,male,Doll,3,tertiary,1,1,14.3,1,0,1,0,0,26.4,93,0,0,0,0,0,0,1,5.1
81695,23,male,Hill,2,secondary,1,1,2.1,0,1,0,1,0,21.7,100,0,0,1,0,0,0,1,8.0
48502,38,male,Hill,3,secondary,1,0,0.0,0,0,1,1,0,30.4,122,0,0,0,0,0,0,0,5.9
81371,44,female,Doll,4,secondary,1,0,0.0,0,0,1,0,0,24.2,132,0,0,0,0,0,0,1,9.1
24950,37,male,Snow,4,tertiary,1,0,0.0,0,0,0,1,0,24.7,105,1,0,0,0,0,0,0,9.9
60705,75,female,Hill,5,tertiary,1,0,0.0,1,0,0,0,1,26.1,134,0,0,0,0,1,0,1,4.9
80419,24,male,Snow,1,primary,1,0,0.0,0,0,0,1,0,32.8,111,0,0,0,0,0,1,0,4.2
78202,54,male,Nightingale,1,secondary,0,0,0.0,0,0,0,0,0,25.2,137,0,0,0,0,0,0,0,4.5
41972,26,female,Snow,2,secondary,1,0,0.0,0,0,1,0,0,30.2,108,0,0,0,0,0,0,0,8.3
24825,50,male,Nightingale,3,secondary,1,0,0.0,0,1,1,0,0,26.2,119,0,0,0,0,0,0,0,6.2
82652,66,female,Snow,1,primary,0,0,0.0,1,0,0,0,0,30.5,137,0,1,0,0,0,0,0,8.9
14572,18,male,Snow,4,secondary,0,1,0.0,1,0,1,1,1,27.9,105,0,0,1,0,0,1,0,8.5
31264,28,female,Snow,2,primary,1,1,5.0,1,0,1,0,1,24.7,100,0,0,0,0,0,0,1,5.2
84283,33,female,Snow,4,secondary,1,1,2.8,1,0,0,0,1,25.8,108,0,0,0,0,0,0,0,8.3
61966,61,male,Rose,5,tertiary,1,0,0.0,0,0,1,0,0,28.7,122,1,1,0,0,0,0,1,8.5
86206,22,male,Doll,2,secondary,0,0,0.0,0,1,0,1,0,27.2,103,0,0,0,0,0,1,1,8.0
20106,78,male,Rose,3,secondary,1,1,26.0,1,0,0,0,0,32.4,144,0,0,0,0,0,0,1,9.6
19434,36,female,Hill,5,secondary,1,0,0.0,0,0,1,0,0,21.2,108,0,0,0,0,0,1,0,6.2
84714,65,male,Hill,2,secondary,1,1,21.6,1,1,1,0,0,34.0,140,0,1,0,0,0,1,1,8.3
40077,71,male,Hill,3,secondary,1,0,0.0,1,0,0,0,0,16.5,112,1,0,0,0,0,0,0,6.4
10075,63,male,Rose,4,tertiary,0,0,0.0,1,1,0,0,0,32.7,123,0,0,0,0,1,0,1,4.6
68837,49,male,Hill,3,secondary,1,0,0.0,1,0,0,1,0,27.0,127,0,0,0,0,0,0,1,4.6
25990,35,male,Snow,1,secondary,0,1,4.4,1,1,1,0,0,30.2,122,0,0,0,0,0,0,0,8.3
51426,20,male,Hill,2,secondary,0,0,0.0,1,0,1,0,0,28.1,110,1,0,0,0,0,0,0,9.6
92050,24,male,Doll,2,primary,0,0,0.0,0,0,1,1,0,20.6,108,1,0,0,0,0,1,0,4.9
21562,61,male,Doll,3,secondary,1,1,17.9,0,0,0,0,0,23.4,107,0,0,0,0,0,0,1,7.0
88188,34,female,Snow,4,tertiary,1,0,0.0,0,1,1,0,0,24.5,116,1,0,0,0,0,0,0,8.3
83062,28,male,Hill,4,secondary,0,0,0.0,1,0,1,0,1,23.3,106,1,0,0,0,0,1,0,9.1
81477,36,female,Snow,1,primary,0,1,5.5,1,1,0,0,0,30.7,110,0,0,0,0,0,0,0,9.0
28178,35,male,Rose,4,secondary,1,0,0.0,0,0,1,0,0,28.1,106,0,0,1,0,0,0,1,7.6
67175,38,male,Snow,3,secondary,1,0,0.0,1,0,1,1,0,31.8,122,0,1,0,0,0,0,0,4.2
84884,75,male,Doll,5,tertiary,1,0,0.0,0,0,0,0,0,31.1,141,0,0,0,0,1,0,1,9.8
22320,63,female,Doll,2,secondary,1,1,10.8,0,0,0,0,0,26.8,117,0,0,0,0,1,0,1,4.3
71039,71,male,Hill,5,secondary,1,0,0.0,1,1,0,1,1,28.2,120,0,0,0,0,1,0,1,7.3
33677,20,male,Doll,4,tertiary,1,0,0.0,0,0,1,0,0,34.6,109,0,0,0,0,0,0,0,6.6
94202,36,female,Hill,2,primary,1,1,8.0,0,0,1,0,0,33.5,116,0,0,1,0,0,0,1,6.7
81815,33,female,Doll,4,primary,1,0,0.0,1,0,0,0,1,21.9,104,0,0,0,0,0,0,0,9.4
94196,29,female,Hill,2,tertiary,1,0,0.0,0,1,1,1,0,30.4,126,0,0,0,0,1,0,1,7.9
40039,24,female,Nightingale,4,tertiary,1,1,2.8,0,0,0,0,0,28.1,111,0,1,0,0,0,0,0,8.4
74366,58,male,Rose,5,tertiary,1,0,0.0,1,0,0,0,0,28.0,108,0,0,1,0,0,0,1,7.2
83269,76,male,Rose,3,tertiary,1,1,13.0,0,0,0,0,0,27.5,135,0,0,1,0,0,0,1,5.4
74704,35,female,Hill,4,secondary,1,0,0.0,0,0,1,0,0,23.5,115,0,0,0,0,0,0,0,8.6
19071,72,male,Rose,3,secondary,1,0,0.0,0,0,1,0,0,28.9,135,0,0,0,0,0,0,0,6.4
61130,45,female,Doll,4,secondary,1,0,0.0,1,0,1,0,1,25.3,120,0,0,0,0,0,0,0,6.3
29182,68,female,Snow,3,secondary,0,1,12.1,1,1,1,0,1,31.5,154,0,0,0,0,1,0,1,9.5
33561,79,female,Doll,4,secondary,1,1,31.6,0,0,0,0,1,25.9,143,0,0,0,0,0,0,0,6.7
35221,49,male,Snow,1,secondary,1,1,12.5,1,1,1,1,1,29.6,132,0,1,0,0,0,0,1,9.7
69966,70,female,Snow,1,primary,0,1,11.1,0,0,1,0,0,33.3,134,0,0,0,0,0,1,0,7.5
41690,77,male,Nightingale,5,secondary,1,0,0.0,1,0,1,0,1,28.3,152,0,0,1,1,0,0,1,6.2
94236,21,male,Nightingale,4,tertiary,0,0,0.0,1,0,1,0,0,23.5,90,0,0,0,0,0,0,0,5.4
19413,39,female,Snow,3,secondary,0,0,0.0,0,1,0,0,0,27.0,122,0,0,0,0,0,0,0,5.9
85116,45,female,Snow,2,secondary,0,0,0.0,1,1,1,0,0,37.1,122,1,0,1,0,1,0,0,6.6
82175,47,female,Hill,1,primary,1,0,0.0,0,1,1,1,0,28.9,113,0,1,0,0,0,0,1,7.5
84405,68,female,Snow,2,tertiary,0,1,19.4,1,0,1,0,0,27.5,132,0,0,0,0,0,0,0,6.0
94851,75,female,Doll,5,tertiary,1,0,0.0,0,0,0,0,0,28.9,136,0,0,0,0,0,0,0,6.1
61848,26,male,Snow,1,primary,0,0,0.0,0,0,0,1,0,22.5,91,0,0,0,0,0,0,0,7.3
50953,23,male,Snow,1,primary,0,0,0.0,1,0,0,1,1,22.5,102,0,0,1,0,0,1,1,5.3
38029,35,male,Hill,3,secondary,0,0,0.0,1,0,0,0,0,31.0,113,1,0,0,0,0,0,0,8.3
83612,55,female,Hill,5,tertiary,1,0,0.0,0,1,0,0,0,34.7,120,0,0,0,0,0,0,1,7.1
37856,37,female,Rose,5,secondary,1,0,0.0,0,1,0,0,0,26.8,114,0,0,0,0,0,0,0,9.8
14994,23,male,Snow,1,primary,0,0,0.0,0,0,1,0,0,22.1,90,0,0,0,0,0,0,0,4.8
22469,79,female,Nightingale,1,primary,0,1,13.7,0,0,0,0,0,30.2,144,1,1,0,0,1,0,0,5.5
13273,39,male,Hill,2,tertiary,0,0,0.0,1,0,0,1,0,19.8,103,0,0,1,0,0,0,1,5.8
49336,19,male,Doll,4,secondary,1,0,0.0,0,0,0,1,0,29.6,106,0,0,1,0,0,0,1,9.0
53821,67,male,Nightingale,2,primary,1,0,0.0,1,1,0,0,1,31.6,123,1,0,0,0,0,0,1,4.9
22699,66,male,Hill,4,primary,1,0,0.0,0,1,1,0,1,28.7,109,0,0,0,0,0,0,0,7.9
61528,41,male,Nightingale,3,secondary,1,0,0.0,0,0,0,0,1,27.3,111,0,0,0,0,0,0,0,6.8
22615,22,male,Rose,5,secondary,1,0,0.0,0,0,0,0,1,19.5,102,0,0,0,0,0,0,0,5.5
31279,77,male,Doll,4,secondary,1,0,0.0,0,1,1,0,1,31.0,118,1,0,0,0,1,0,1,6.3
66942,29,female,Snow,2,secondary,0,0,0.0,1,0,1,0,1,25.2,102,0,0,1,0,0,0,0,9.4
19447,66,female,Nightingale,2,primary,1,0,0.0,0,1,1,0,0,27.6,104,0,0,0,0,0,1,0,7.7
42751,51,male,Doll,4,tertiary,1,0,0.0,0,0,0,0,0,31.9,117,0,0,0,0,0,0,0,9.7
95275,71,male,Nightingale,3,secondary,1,0,0.0,0,0,0,0,0,33.9,141,0,0,0,0,0,0,0,9.6
25976,55,female,Hill,3,secondary,1,0,0.0,0,0,0,0,0,30.0,118,0,0,0,0,0,0,0,5.6
78332,35,female,Snow,3,secondary,1,1,3.3,1,0,0,0,0,28.3,117,0,0,1,0,0,0,1,7.7
40226,65,male,Hill,3,tertiary,1,1,18.3,0,0,0,0,0,25.5,108,0,0,0,0,0,0,0,7.1
37608,72,female,Nightingale,1,secondary,1,0,0.0,1,1,1,0,1,33.4,128,1,0,0,0,0,0,1,8.6
71446,71,female,Snow,4,tertiary,1,0,0.0,0,0,0,0,0,26.1,128,0,0,0,0,0,1,0,4.4
54114,62,female,Doll,5,secondary,0,0,0.0,0,0,1,0,0,36.4,138,0,0,1,0,0,1,1,9.7
26196,68,female,Nightingale,4,secondary,1,0,0.0,0,0,0,0,0,27.4,112,0,0,0,0,0,0,1,7.5
81440,44,male,Hill,2,secondary,0,0,0.0,1,0,0,0,0,25.4,100,0,0,1,0,0,0,1,7.8
68166,40,male,Rose,4,tertiary,1,0,0.0,1,1,0,0,1,25.7,110,0,0,0,0,0,0,1,7.2
11953,74,male,Hill,3,secondary,0,1,12.9,1,0,1,0,1,34.7,125,0,0,0,1,0,0,0,7.5
96610,63,male,Hill,1,secondary,0,1,8.9,1,0,0,0,1,26.2,122,0,0,0,0,0,0,0,7.7
24641,68,female,Rose,5,tertiary,1,1,20.6,1,0,0,0,1,23.6,128,0,0,1,1,0,1,1,4.9
50651,60,male,Hill,4,tertiary,1,1,12.6,1,1,1,0,1,25.3,127,0,0,0,1,0,0,1,8.0
77012,18,male,Doll,4,tertiary,1,0,0.0,0,0,0,0,1,24.9,121,1,0,0,0,0,0,1,6.7
84103,54,male,Hill,2,secondary,0,1,15.3,1,1,0,0,0,28.4,121,0,0,0,1,0,0,1,4.2
49495,58,male,Hill,4,secondary,1,0,0.0,0,1,1,0,0,29.4,112,0,0,0,0,1,0,1,7.6
47794,37,male,Rose,2,primary,0,1,4.8,1,0,0,1,0,26.9,110,1,0,0,0,0,0,0,8.4
40999,30,male,Nightingale,4,secondary,1,1,6.2,0,0,0,1,0,28.5,90,0,0,0,0,0,0,0,4.2
34976,25,male,Rose,5,secondary,1,0,0.0,0,0,0,1,0,18.5,99,0,0,0,0,0,0,1,9.0
17105,75,female,Nightingale,3,tertiary,0,1,28.3,0,0,0,0,1,31.3,130,0,0,1,0,0,0,0,5.6
99537,20,male,Snow,3,secondary,1,0,0.0,1,0,1,1,0,30.3,106,0,0,0,0,0,1,0,4.2
26454,72,female,Snow,4,secondary,1,0,0.0,1,0,0,0,0,29.5,132,0,0,0,0,0,0,0,7.4
94259,28,male,Hill,4,secondary,0,0,0.0,0,0,0,1,1,22.7,115,0,0,1,0,0,1,0,9.8
46953,75,male,Doll,4,primary,1,0,0.0,0,1,0,0,0,27.0,127,0,0,0,1,0,0,0,8.1
89592,32,female,Doll,5,tertiary,0,0,0.0,1,0,1,1,0,23.7,109,1,0,0,0,0,1,0,5.5
72992,23,female,Rose,5,tertiary,1,0,0.0,1,0,0,0,0,24.2,121,0,0,0,0,0,0,0,4.6
19457,76,male,Rose,2,secondary,1,0,0.0,0,0,0,0,0,31.3,132,1,0,0,0,0,1,1,5.7
75087,75,female,Hill,4,secondary,1,0,0.0,1,0,0,0,0,31.3,139,1,0,0,0,0,0,0,7.0
79767,73,female,Rose,2,secondary,0,0,0.0,1,0,1,1,0,31.9,138,0,0,0,0,0,0,0,6.6
95247,25,female,Hill,3,tertiary,1,0,0.0,1,0,1,0,0,27.5,98,0,0,0,0,1,0,1,5.8
97273,28,male,Snow,4,primary,1,0,0.0,1,1,0,0,0,25.8,117,0,0,0,0,0,0,0,4.7
60614,29,male,Snow,2,secondary,0,1,3.1,1,1,0,0,0,30.6,102,0,0,0,0,0,0,0,9.6
17273,36,male,Nightingale,5,tertiary,0,0,0.0,0,1,1,1,0,25.2,118,0,0,0,0,0,0,1,8.5
93211,26,male,Doll,3,secondary,0,0,0.0,1,1,1,0,0,31.9,108,1,0,0,0,0,0,0,8.2
62142,76,male,Nightingale,4,secondary,0,0,0.0,0,1,0,0,0,30.3,139,0,0,0,0,1,0,0,5.6
78801,55,female,Hill,1,secondary,0,0,0.0,1,1,0,0,0,29.1,120,1,0,0,0,0,0,0,8.9
92278,79,male,Hill,3,primary,0,0,0.0,1,0,1,0,0,29.6,138,1,0,1,1,0,0,1,6.9
54795,48,female,Hill,2,primary,1,0,0.0,0,1,1,0,0,27.2,113,1,0,0,0,0,0,0,5.3
76413,30,male,Nightingale,3,tertiary,1,1,3.5,0,0,0,1,0,21.9,129,0,1,0,0,0,0,1,8.7
13865,70,male,Rose,3,secondary,1,0,0.0,0,0,0,0,0,28.8,121,1,0,0,0,0,1,0,9.3
67908,78,male,Hill,3,secondary,0,1,29.9,1,0,1,0,0,24.9,136,0,0,0,0,0,0,0,7.3
18962,24,male,Nightingale,4,secondary,0,0,0.0,0,0,1,0,0,31.5,111,0,0,0,0,0,0,0,6.8
92207,67,male,Rose,3,tertiary,0,1,14.2,0,0,1,0,0,28.8,133,0,0,0,0,0,0,0,6.4
35002,32,male,Snow,2,secondary,1,0,0.0,0,1,0,0,0,29.7,109,0,0,0,0,0,0,0,5.4
71383,19,male,Nightingale,4,tertiary,0,0,0.0,1,0,1,0,0,28.6,97,0,0,0,0,0,1,0,4.2
98929,53,male,Hill,2,primary,0,0,0.0,0,0,0,1,0,31.8,127,0,0,0,0,0,0,0,5.5
73841,25,male,Nightingale,2,secondary,1,0,0.0,0,1,0,0,0,34.7,103,0,0,1,0,0,0,0,7.8
38364,68,male,Hill,2,primary,0,1,26.2,0,1,1,0,0,34.3,131,0,0,0,0,1,0,1,5.3
56802,51,male,Snow,3,secondary,1,0,0.0,0,0,0,0,0,26.8,116,0,0,0,0,0,0,0,6.1
63312,51,female,Doll,5,secondary,1,0,0.0,0,0,0,0,0,30.4,102,0,0,0,0,0,0,0,9.7
48328,49,male,Rose,2,secondary,1,1,14.0,0,1,0,1,1,30.7,127,0,1,1,0,0,0,1,8.8
43202,48,male,Snow,2,secondary,1,0,0.0,1,0,0,0,0,28.8,110,0,0,0,0,1,0,0,6.9
99608,20,female,Rose,5,tertiary,1,0,0.0,0,0,0,0,0,28.3,102,0,0,1,0,0,0,0,7.6
53215,31,male,Snow,4,secondary,1,0,0.0,1,0,1,0,0,30.2,118,0,0,0,0,0,0,0,5.3
87623,63,female,Snow,2,secondary,0,1,8.8,1,0,0,0,0,28.3,123,0,0,0,1,0,0,1,4.5
39584,22,male,Hill,3,secondary,0,1,2.0,1,0,0,1,0,22.5,104,0,0,0,0,0,1,1,7.7
13163,28,male,Hill,5,tertiary,1,1,3.4,0,1,0,1,0,29.6,104,0,0,0,0,0,0,0,4.1
17871,36,female,Hill,3,secondary,1,1,5.4,1,0,0,0,0,25.6,102,0,0,0,0,0,0,0,4.4
37241,44,female,Hill,5,tertiary,1,0,0.0,1,1,0,0,0,27.7,110,1,0,0,0,0,0,0,8.9
93583,36,male,Hill,4,secondary,0,0,0.0,0,0,0,0,0,28.8,117,0,0,0,0,0,0,0,6.5
57784,18,male,Hill,1,primary,0,0,0.0,0,1,0,0,0,33.8,98,0,0,0,0,0,0,0,7.5
63311,49,female,Hill,5,secondary,1,0,0.0,0,1,1,0,0,30.0,119,0,0,0,0,0,0,0,8.7
56027,61,male,Doll,5,secondary,1,0,0.0,0,0,0,0,1,29.9,126,0,0,0,0,0,0,0,8.5
60329,43,female,Hill,4,tertiary,1,0,0.0,1,0,1,1,0,25.1,112,1,0,0,0,0,0,0,6.9
64700,49,female,Rose,5,secondary,1,0,0.0,0,0,0,0,0,19.8,110,0,0,0,0,0,0,0,4.4
56730,59,female,Rose,3,secondary,1,1,20.3,0,0,1,0,0,28.9,136,0,1,0,0,0,0,1,7.4
63319,26,female,Snow,2,secondary,1,0,0.0,0,0,0,0,0,25.2,121,0,0,0,0,0,0,1,7.2
67441,20,female,Hill,5,secondary,1,0,0.0,0,0,0,0,0,31.1,97,0,0,0,0,0,0,1,6.1
75118,69,female,Hill,3,secondary,0,0,0.0,0,0,0,0,1,27.0,136,0,0,0,0,0,0,0,6.7
53947,59,male,Doll,3,secondary,0,0,0.0,1,0,0,0,0,32.2,123,0,0,0,0,0,0,0,4.7
35544,40,female,Rose,3,primary,1,0,0.0,0,0,0,1,0,29.9,128,0,0,0,0,0,0,0,9.7
71300,38,female,Hill,2,primary,0,0,0.0,0,1,0,0,0,22.4,118,0,0,0,0,0,1,0,7.8
83222,75,female,Nightingale,4,tertiary,1,1,15.4,1,0,1,0,0,28.4,131,0,1,0,1,0,0,1,8.0
14603,70,male,Snow,3,primary,0,0,0.0,1,0,0,1,0,31.6,139,0,0,0,0,0,1,1,9.7
84241,24,male,Nightingale,1,primary,0,0,0.0,0,0,1,1,1,27.6,100,0,0,0,0,0,0,1,5.2
68187,31,female,Doll,5,tertiary,0,0,0.0,0,0,0,0,0,19.1,99,0,0,0,0,0,0,0,7.6
98110,45,female,Doll,5,tertiary,0,0,0.0,1,0,0,0,0,21.3,112,1,0,0,0,0,0,0,9.2
41622,66,male,Nightingale,3,primary,0,1,12.3,0,0,1,1,0,27.0,148,1,0,0,0,0,0,0,7.9
51119,49,female,Hill,2,primary,0,0,0.0,1,0,0,0,0,31.7,123,0,0,0,0,0,0,0,7.5
68416,51,male,Doll,3,secondary,0,0,0.0,0,0,1,0,0,34.5,113,0,0,0,0,0,0,0,9.5
76596,62,male,Nightingale,4,secondary,1,0,0.0,0,1,0,0,1,21.1,133,0,0,1,0,0,0,1,4.8
36983,70,female,Doll,3,primary,0,0,0.0,1,0,0,0,0,26.0,127,1,0,0,0,0,0,1,9.9
24944,41,male,Snow,1,secondary,1,1,6.5,1,0,0,0,1,23.9,114,0,0,0,0,0,0,0,10.0
60377,32,male,Rose,5,tertiary,1,0,0.0,1,1,1,0,1,28.2,100,0,0,1,0,0,0,1,5.7
14189,72,male,Hill,4,tertiary,1,1,27.8,1,0,1,0,0,30.6,142,0,0,0,0,0,1,0,4.3
77593,77,female,Nightingale,5,tertiary,1,0,0.0,0,0,1,0,0,30.0,123,0,0,0,0,0,0,0,9.3
68761,31,male,Rose,4,primary,0,0,0.0,1,1,0,0,0,23.3,109,1,0,0,0,0,0,0,9.0
91991,62,male,Rose,5,tertiary,0,0,0.0,0,0,0,0,0,26.2,114,0,0,0,0,0,0,0,5.6
30345,20,male,Nightingale,2,primary,0,0,0.0,0,0,1,1,0,22.8,110,1,0,0,0,0,0,0,7.2
51349,59,male,Rose,3,secondary,1,0,0.0,1,1,0,0,0,33.0,123,0,0,0,0,0,0,0,6.9
62481,63,male,Hill,4,secondary,0,1,23.3,0,0,1,0,0,23.4,154,0,0,1,0,0,0,1,6.7
47337,37,male,Doll,3,primary,1,0,0.0,0,0,1,1,0,28.1,114,0,0,0,0,0,0,0,4.2
18518,32,male,Snow,4,secondary,1,1,3.4,0,0,0,1,0,25.2,118,0,0,0,0,0,0,0,8.3
57194,28,female,Hill,3,tertiary,0,0,0.0,1,1,0,1,0,31.4,106,1,0,0,0,0,0,0,4.1
23851,25,male,Rose,3,secondary,0,1,1.5,0,0,1,1,0,20.2,99,0,0,0,0,0,0,1,6.2
15734,57,male,Rose,2,secondary,0,1,16.8,0,0,1,0,0,31.9,126,0,1,0,0,0,0,1,4.5
68089,41,male,Doll,5,tertiary,0,1,11.3,0,0,1,1,0,29.9,125,1,0,0,0,1,0,1,8.1
52885,69,male,Rose,4,secondary,1,1,19.2,0,0,0,0,0,27.5,132,0,0,0,0,0,0,1,9.4
50496,22,male,Hill,2,secondary,0,0,0.0,1,1,1,0,0,32.5,100,1,0,0,0,0,0,0,9.2
76425,58,female,Snow,2,secondary,0,1,7.7,0,0,0,0,0,29.5,119,0,1,0,0,0,0,1,7.0
75323,27,male,Snow,1,primary,1,0,0.0,0,0,0,0,0,29.8,98,0,0,0,0,0,0,0,5.9
39324,70,male,Rose,3,secondary,0,0,0.0,1,1,0,0,0,35.5,141,0,0,0,0,0,0,0,9.0
67407,23,male,Hill,2,secondary,0,0,0.0,0,0,0,0,1,22.1,109,0,0,0,0,0,0,0,8.2
63295,54,female,Hill,4,tertiary,0,0,0.0,0,0,0,1,0,27.4,125,0,0,0,0,0,0,0,6.4
56622,73,female,Snow,1,primary,1,1,18.3,1,1,1,0,0,30.4,133,0,0,0,1,0,0,1,5.4
76693,46,male,Doll,3,secondary,1,0,0.0,0,0,0,0,0,32.7,100,0,0,0,0,0,0,0,8.6
61509,38,male,Rose,5,tertiary,1,1,9.6,0,1,0,1,0,30.6,119,1,1,0,0,0,0,1,4.4
44947,29,female,Rose,3,tertiary,0,0,0.0,0,1,0,0,1,29.3,100,0,0,0,0,0,0,0,4.5
30382,36,female,Nightingale,1,secondary,0,0,0.0,1,1,0,0,0,26.9,100,0,0,0,0,0,0,0,8.8
66957,53,male,Hill,1,primary,0,1,11.8,0,0,1,0,1,27.3,128,1,0,0,0,0,0,0,7.9
90567,74,female,Hill,2,secondary,0,1,10.4,1,1,1,0,0,35.7,145,0,1,0,0,0,1,1,7.4
71862,20,male,Snow,1,primary,0,0,0.0,0,0,0,0,0,26.6,102,1,0,0,0,0,0,1,9.8
32065,68,female,Hill,4,secondary,0,0,0.0,1,0,1,0,0,30.5,122,1,0,1,0,0,1,1,7.7
77752,69,male,Rose,2,secondary,0,1,20.1,1,0,1,0,1,32.4,136,0,0,0,0,0,0,0,6.8
75189,30,female,Hill,4,tertiary,1,0,0.0,0,0,1,0,1,30.1,111,0,0,0,0,0,0,0,9.7
10086,22,male,Snow,2,secondary,0,0,0.0,1,1,0,0,1,29.9,104,0,0,0,0,0,0,0,8.7
90206,75,female,Doll,2,secondary,0,0,0.0,1,0,1,0,0,29.7,146,0,0,0,0,1,0,0,9.3
85205,69,female,Doll,2,secondary,0,0,0.0,0,0,0,0,0,31.0,129,0,0,0,0,0,0,0,8.0
85492,62,male,Doll,5,secondary,1,0,0.0,0,0,1,0,0,21.9,129,0,0,0,0,0,0,1,8.9
49548,39,male,Nightingale,4,tertiary,0,0,0.0,0,0,0,0,0,25.7,114,0,0,0,0,0,0,0,8.3
35581,58,female,Doll,3,secondary,0,0,0.0,1,1,0,0,0,32.0,121,0,0,0,0,0,0,1,6.3
53825,33,male,Nightingale,3,primary,0,0,0.0,0,0,0,0,0,28.3,105,1,0,0,0,0,0,0,5.1
71580,64,male,Hill,3,primary,0,0,0.0,0,0,1,1,0,24.1,130,0,0,0,0,0,0,0,4.9
14101,29,female,Nightingale,5,secondary,0,0,0.0,0,0,1,1,1,30.2,105,0,0,0,0,0,0,0,4.2
16377,38,female,Hill,4,secondary,1,0,0.0,0,0,0,1,0,27.0,106,0,0,0,0,0,0,0,5.0
22049,37,male,Nightingale,2,secondary,0,1,3.9,0,0,1,0,0,24.6,128,0,0,0,0,0,0,0,4.0
17050,58,female,Hill,3,primary,1,0,0.0,1,0,1,0,1,37.5,128,0,0,1,0,0,0,1,4.9
99623,71,female,Snow,1,primary,0,1,12.5,1,0,1,0,0,28.1,136,0,0,0,1,1,0,0,7.3
51194,30,male,Rose,4,primary,0,1,5.2,0,0,1,0,0,27.3,112,0,0,0,0,0,0,0,7.7
59243,75,male,Nightingale,2,secondary,1,0,0.0,0,1,1,0,0,36.5,127,0,0,0,0,0,0,0,4.6
25995,78,male,Doll,2,tertiary,1,1,15.1,1,0,1,0,0,23.7,142,0,0,0,0,0,0,1,6.0
37628,38,male,Hill,2,secondary,0,0,0.0,0,1,0,1,0,27.1,108,1,0,1,0,0,0,1,8.0
58449,36,male,Nightingale,5,tertiary,0,0,0.0,0,1,1,1,0,30.3,112,0,0,0,0,0,0,0,5.2
99328,56,male,Nightingale,2,secondary,0,0,0.0,0,0,0,0,0,31.0,132,0,0,0,0,0,0,1,10.0
93014,19,female,Rose,4,primary,1,1,0.3,1,0,1,1,0,20.0,109,1,1,0,0,0,1,1,4.5
78150,30,female,Doll,3,secondary,1,1,6.0,0,1,0,0,0,27.3,112,1,0,0,0,0,0,0,9.4
82701,46,female,Nightingale,4,secondary,1,0,0.0,0,0,0,0,0,27.4,110,0,0,0,0,0,0,0,8.5
42578,35,male,Nightingale,2,secondary,0,0,0.0,1,1,0,0,0,29.5,90,0,0,0,0,0,0,0,4.3
55009,31,female,Doll,2,secondary,0,1,4.5,1,0,1,0,0,28.6,105,0,0,0,0,0,0,0,4.4
89374,51,female,Snow,3,secondary,1,0,0.0,1,0,1,1,0,27.4,114,0,0,0,0,0,0,0,6.6
40259,46,male,Nightingale,3,secondary,1,1,5.4,0,1,0,0,0,30.7,134,0,0,0,0,0,0,0,4.3
83970,77,female,Snow,1,primary,1,0,0.0,0,0,0,0,0,28.4,136,1,0,0,0,0,0,0,7.3
21167,69,male,Snow,4,secondary,1,0,0.0,0,0,1,0,0,33.7,132,0,0,0,0,0,0,1,5.4
69798,21,female,Doll,4,secondary,1,0,0.0,1,1,0,0,1,26.9,96,0,0,0,0,0,0,0,9.5
39650,22,male,Rose,5,tertiary,1,0,0.0,1,1,0,0,1,28.2,118,0,0,1,0,0,0,1,7.4
64170,34,male,Rose,3,secondary,1,0,0.0,0,1,0,1,0,33.6,118,0,0,0,0,0,0,1,7.0
33829,58,female,Doll,4,tertiary,1,0,0.0,1,0,1,0,1,24.2,90,1,0,0,0,0,0,1,4.4
20939,54,male,Rose,3,secondary,0,0,0.0,0,0,0,0,0,21.7,123,0,0,0,0,0,1,0,4.8
76924,23,female,Doll,2,secondary,1,1,1.3,0,0,0,0,0,22.9,116,0,0,0,0,0,0,0,8.9
31039,61,male,Snow,4,secondary,1,1,8.3,0,1,1,0,0,30.3,125,0,0,1,0,0,0,1,4.8
84880,43,male,Doll,2,secondary,0,1,7.1,1,0,0,1,1,26.3,120,0,0,0,0,0,0,0,4.7
21005,33,male,Doll,4,tertiary,1,0,0.0,0,0,0,0,0,24.8,112,0,0,0,0,0,0,0,7.5
15066,41,male,Hill,4,secondary,1,0,0.0,0,0,1,0,1,22.9,113,0,0,0,0,0,1,0,7.3
83271,42,male,Hill,4,primary,0,1,9.7,0,0,1,0,1,26.3,122,0,0,0,0,0,0,0,9.6
75803,78,male,Doll,5,tertiary,1,0,0.0,0,0,0,0,0,23.7,104,0,0,0,0,0,0,0,5.3
80617,44,female,Snow,2,primary,1,0,0.0,0,0,1,0,0,34.7,90,0,0,0,0,0,0,0,8.8
32083,65,male,Snow,2,secondary,1,0,0.0,0,1,1,0,0,27.1,120,0,0,0,0,0,0,0,5.6
73882,36,male,Nightingale,4,tertiary,1,0,0.0,0,0,0,0,0,26.9,111,0,0,0,0,0,0,0,8.5
18169,25,female,Nightingale,2,secondary,0,0,0.0,1,0,0,0,0,33.9,102,0,0,0,0,0,0,0,8.0
51582,33,male,Hill,4,tertiary,0,0,0.0,1,0,0,1,0,24.8,117,0,0,0,0,0,0,0,8.7
22044,78,male,Hill,4,secondary,0,0,0.0,0,0,0,0,0,25.4,134,1,0,0,0,0,0,0,5.9
90642,46,male,Nightingale,5,tertiary,1,0,0.0,0,0,0,1,0,26.7,121,1,0,0,0,0,0,0,6.8
10546,74,female,Snow,1,secondary,0,0,0.0,1,1,1,0,0,32.4,136,0,0,0,0,0,0,0,4.1
12665,64,male,Doll,5,secondary,1,0,0.0,1,0,1,0,0,20.2,126,0,0,0,0,0,0,1,6.7
24143,23,female,Nightingale,5,tertiary,0,0,0.0,1,1,1,0,0,24.2,100,0,0,0,0,0,0,1,9.6
41816,34,female,Hill,2,secondary,1,1,5.6,1,1,1,0,0,30.0,113,0,0,0,0,0,0,0,6.9
85008,35,female,Snow,4,secondary,1,0,0.0,1,0,1,1,0,20.8,104,0,0,0,0,0,0,0,9.1
13990,36,male,Hill,3,secondary,1,1,4.0,0,1,0,1,0,32.8,136,0,0,0,0,0,1,1,9.2
73002,64,male,Doll,3,secondary,1,0,0.0,0,0,1,0,1,29.2,114,0,1,0,0,1,0,1,5.0
13607,29,female,Rose,2,secondary,0,0,0.0,0,1,1,0,0,23.9,103,0,0,1,0,1,0,1,8.4
16537,57,female,Hill,2,secondary,1,1,12.5,0,0,1,0,0,30.8,109,0,0,0,0,0,0,0,5.6
17778,31,female,Nightingale,2,tertiary,0,0,0.0,1,0,1,0,0,27.1,117,0,0,0,0,0,0,0,9.3
13499,77,male,Rose,2,secondary,1,1,25.4,1,0,1,1,1,31.7,131,0,0,0,0,0,1,1,5.9
22380,37,female,Snow,3,primary,1,0,0.0,1,1,0,1,0,28.1,134,0,0,0,0,0,0,0,6.6
12078,63,female,Hill,3,primary,1,0,0.0,1,0,0,0,1,25.1,126,0,0,0,0,0,0,0,5.9
88325,47,female,Doll,3,secondary,1,0,0.0,0,0,0,0,0,20.3,116,0,0,0,0,0,0,0,6.2
71237,36,female,Snow,4,tertiary,1,0,0.0,1,0,0,0,0,26.9,109,0,0,1,0,0,0,1,4.7
96959,37,female,Nightingale,4,tertiary,0,0,0.0,0,1,0,0,1,27.0,118,0,0,0,0,0,0,1,9.1
16919,23,male,Hill,4,tertiary,0,0,0.0,0,0,0,0,0,20.4,91,0,0,0,0,0,0,1,7.3
68593,52,male,Hill,2,secondary,0,1,8.9,0,1,0,0,0,29.1,115,0,0,0,0,0,0,0,7.7
66569,42,female,Nightingale,3,secondary,1,1,6.0,0,1,0,0,0,30.4,107,0,0,0,0,0,0,1,5.6
88311,62,female,Nightingale,3,primary,1,0,0.0,0,0,0,0,0,26.5,138,0,0,0,0,0,0,0,6.4
25760,19,male,Doll,5,tertiary,1,0,0.0,0,0,1,0,0,22.1,122,0,0,0,0,0,0,0,10.0
62085,31,female,Nightingale,4,tertiary,0,0,0.0,1,0,0,0,0,24.6,96,0,0,0,0,0,0,0,9.6
97697,68,male,Rose,2,secondary,0,1,13.7,0,1,0,0,0,32.0,146,0,0,0,1,0,0,0,8.5
87501,48,male,Nightingale,4,secondary,1,1,10.5,0,0,0,0,0,24.9,100,0,0,0,0,0,0,0,6.2
79176,38,female,Nightingale,2,secondary,0,0,0.0,0,1,1,0,0,27.3,112,0,0,0,0,0,0,0,9.6
78155,34,female,Hill,4,secondary,1,1,5.1,0,0,1,1,0,26.4,114,0,0,0,0,0,0,1,9.1
24293,34,female,Nightingale,5,secondary,1,0,0.0,1,1,0,0,0,31.2,98,0,0,1,0,0,1,1,8.2
63187,61,female,Rose,5,tertiary,1,0,0.0,1,0,0,1,0,28.9,129,0,0,0,0,0,0,0,7.9
38918,63,female,Doll,2,tertiary,0,1,22.2,0,1,1,0,0,32.4,123,0,0,0,0,0,0,1,7.6
44139,30,male,Nightingale,1,secondary,1,0,0.0,0,1,0,0,0,30.3,109,0,0,0,0,0,0,0,5.0
94425,40,male,Doll,4,secondary,1,0,0.0,0,0,0,0,0,28.5,112,0,0,0,0,0,0,0,5.6
63364,77,female,Hill,5,tertiary,1,0,0.0,0,1,1,0,0,33.0,134,1,0,0,0,0,0,1,9.0
18172,68,male,Nightingale,4,primary,1,0,0.0,1,0,0,0,0,25.2,132,0,0,0,0,0,0,0,7.4
69121,73,male,Rose,5,tertiary,0,0,0.0,1,1,1,0,1,35.6,132,0,0,1,0,0,0,1,5.0
73821,20,female,Doll,5,tertiary,1,0,0.0,1,0,1,1,0,26.4,107,0,0,0,0,0,0,0,8.3
89390,61,male,Doll,2,secondary,0,0,0.0,1,0,1,1,0,30.6,133,0,0,0,0,0,0,0,6.5
99883,70,female,Nightingale,5,secondary,1,0,0.0,0,0,0,0,0,24.1,129,0,0,0,0,0,0,0,7.7
71451,19,female,Rose,3,secondary,0,1,0.4,0,0,0,0,0,25.4,102,0,0,0,0,0,0,0,8.3
34154,65,male,Doll,5,tertiary,0,0,0.0,0,0,0,0,0,27.3,131,0,0,0,0,0,0,0,8.5
21918,48,male,Nightingale,3,primary,1,0,0.0,1,0,0,0,0,24.7,111,0,0,0,0,0,0,0,6.5
74863,51,female,Rose,5,primary,1,1,10.3,1,0,0,0,0,22.5,126,0,0,0,0,0,0,0,6.7
90781,48,male,Nightingale,2,secondary,1,0,0.0,0,1,1,0,0,27.6,128,1,0,0,0,0,0,1,4.8
22622,77,male,Snow,3,secondary,0,0,0.0,0,0,1,0,0,30.5,128,0,0,0,0,0,0,0,6.5
13700,24,female,Doll,4,tertiary,1,0,0.0,0,1,1,0,0,29.8,120,0,0,0,0,0,0,0,9.4
18885,53,male,Snow,3,primary,1,0,0.0,1,0,0,0,0,25.9,109,1,0,0,0,0,0,0,5.4
63768,73,female,Hill,3,secondary,1,0,0.0,1,0,0,0,1,29.3,133,0,0,0,1,0,0,1,4.1
62848,45,male,Rose,3,secondary,1,0,0.0,1,0,1,0,0,24.9,118,1,0,0,0,0,0,0,8.1
94512,26,male,Doll,3,secondary,1,0,0.0,0,0,1,1,1,29.8,112,0,0,1,0,0,0,1,6.2
26032,55,female,Snow,1,secondary,0,0,0.0,0,1,0,0,1,25.0,112,0,0,0,0,0,0,0,8.0
74495,67,male,Nightingale,2,secondary,1,0,0.0,1,0,0,0,0,31.4,141,0,0,0,0,0,0,0,6.3
11757,46,male,Hill,4,tertiary,0,0,0.0,0,0,0,0,0,18.5,98,0,0,0,0,0,0,0,9.3
87991,74,male,Hill,4,secondary,1,0,0.0,1,1,1,0,0,30.8,145,0,0,0,0,1,1,1,8.5
19218,39,female,Nightingale,5,tertiary,1,0,0.0,0,1,0,0,0,27.7,117,0,0,0,0,0,0,1,9.6
99135,66,male,Hill,2,secondary,0,1,8.6,0,0,1,0,0,31.1,139,0,0,0,0,0,0,0,7.4
14243,30,female,Rose,4,secondary,0,0,0.0,0,1,0,0,0,25.9,100,0,0,0,0,0,0,0,9.8
19505,64,female,Doll,3,secondary,0,0,0.0,0,0,0,0,0,27.2,120,0,0,0,0,0,0,0,4.4
94559,30,female,Rose,3,secondary,1,1,5.6,1,0,0,0,0,26.0,128,0,0,0,0,0,1,1,6.3
95395,21,female,Nightingale,4,secondary,1,0,0.0,1,1,0,1,1,25.5,111,0,0,0,0,0,0,0,4.3
77429,53,male,Doll,2,primary,1,1,15.4,0,0,0,0,0,33.1,124,0,0,0,0,0,0,0,8.4
21551,65,female,Nightingale,4,secondary,0,0,0.0,0,0,1,0,0,30.1,114,0,0,0,0,0,0,0,5.7
75011,19,female,Nightingale,3,secondary,0,0,0.0,1,0,0,1,0,27.3,103,0,0,0,0,0,0,0,7.2
73933,60,female,Hill,2,secondary,1,1,10.8,1,1,1,0,0,38.0,140,0,0,0,0,0,0,1,9.0
26009,58,female,Doll,3,secondary,1,0,0.0,1,1,1,0,0,36.1,143,0,0,0,0,0,0,1,4.6
81976,63,male,Rose,5,tertiary,1,0,0.0,0,0,1,0,0,28.5,131,0,0,0,0,0,0,0,8.0
43437,57,male,Hill,1,secondary,1,0,0.0,0,0,1,0,1,23.0,122,0,0,1,0,0,0,1,5.6
41789,31,male,Nightingale,1,secondary,0,0,0.0,0,0,0,1,0,25.4,112,0,0,0,0,0,0,0,4.3
18352,70,male,Nightingale,1,secondary,0,1,22.1,1,0,0,0,0,32.2,115,0,0,0,0,0,0,0,5.0
71916,77,male,Nightingale,4,secondary,1,0,0.0,0,1,0,0,0,32.1,132,0,0,0,0,0,0,0,6.5
91232,19,female,Hill,4,tertiary,1,0,0.0,1,0,0,1,0,28.3,103,0,0,0,0,0,1,1,6.8
60923,41,female,Nightingale,3,primary,1,0,0.0,0,0,0,1,0,31.9,98,0,0,1,0,0,0,1,4.4
90991,50,male,Rose,3,secondary,0,0,0.0,0,0,1,0,0,25.7,110,0,0,0,0,0,1,0,6.5
19843,26,male,Doll,3,secondary,0,0,0.0,1,0,0,0,0,19.7,105,0,0,0,0,0,0,0,8.3
66922,62,male,Hill,2,secondary,0,1,17.4,1,0,0,0,0,28.2,134,0,1,0,0,0,0,0,7.8
86198,75,male,Snow,4,secondary,1,0,0.0,0,0,0,0,0,25.4,125,0,0,0,0,0,0,1,5.8
55535,34,male,Hill,5,tertiary,1,0,0.0,0,0,0,0,0,28.8,102,1,0,0,0,0,0,0,7.9
43866,32,male,Snow,1,tertiary,1,0,0.0,0,0,0,1,0,26.5,106,0,0,0,0,0,1,0,4.6
95659,58,female,Nightingale,2,secondary,1,1,8.4,0,1,1,0,0,30.0,113,0,0,0,0,0,0,0,8.3
20152,60,female,Snow,1,primary,0,1,19.3,1,0,0,0,0,30.3,115,1,0,0,0,0,0,0,4.2
33195,57,female,Rose,5,tertiary,1,0,0.0,0,0,1,0,0,27.8,126,1,0,0,0,0,0,0,8.1
31809,69,male,Hill,3,secondary,1,0,0.0,0,0,0,0,0,33.1,123,0,0,0,0,0,0,0,9.0
63117,60,female,Nightingale,3,tertiary,1,0,0.0,1,1,0,0,0,30.6,120,0,0,0,0,1,0,1,4.3
77765,61,male,Hill,3,primary,1,0,0.0,0,0,1,0,0,24.9,128,0,0,0,0,0,0,0,7.4
91058,40,female,Hill,3,primary,0,1,9.7,0,1,0,0,0,30.8,122,0,0,0,0,0,0,0,9.3
49801,79,female,Doll,3,secondary,0,1,21.0,0,0,0,0,0,28.5,137,0,0,0,1,0,0,0,8.8
28054,72,male,Hill,3,secondary,1,0,0.0,0,0,1,1,0,31.2,131,0,0,0,0,0,0,0,8.5
94130,29,female,Rose,3,secondary,1,0,0.0,0,0,0,0,0,23.7,96,0,0,0,0,0,0,0,6.2
31094,34,male,Doll,5,tertiary,1,0,0.0,0,0,1,1,0,23.0,115,0,0,0,0,0,0,0,7.6
18647,63,female,Hill,2,secondary,1,1,13.1,1,0,1,0,0,25.3,143,0,1,0,0,0,0,1,5.7
91719,79,male,Doll,3,secondary,0,0,0.0,0,1,0,0,0,28.4,132,0,0,0,0,0,0,0,8.0
92872,33,female,Nightingale,2,secondary,1,0,0.0,0,1,0,0,1,28.2,110,0,0,0,0,0,0,1,6.5
81359,49,female,Hill,3,secondary,1,1,5.8,0,0,0,0,0,25.9,129,0,0,0,0,0,0,1,8.9
55252,58,female,Snow,1,secondary,1,0,0.0,0,1,0,0,0,28.4,126,0,0,0,0,0,0,0,8.7
62341,53,female,Hill,3,secondary,0,0,0.0,1,1,1,0,1,33.7,118,0,0,0,0,1,0,0,5.6
34360,77,female,Doll,4,secondary,0,1,11.5,1,0,1,0,1,27.8,144,0,0,0,0,0,1,0,7.1
80726,39,male,Snow,1,primary,0,0,0.0,1,1,1,0,0,30.5,108,0,0,0,0,0,0,0,5.1
67206,52,female,Rose,4,primary,0,0,0.0,0,1,0,0,0,28.9,125,0,0,0,0,0,0,0,5.9
82620,19,male,Rose,3,secondary,0,1,0.2,0,1,0,0,0,27.2,101,0,0,0,0,0,0,0,8.6
48447,78,male,Snow,3,secondary,0,1,18.4,1,0,1,1,1,31.1,142,0,1,0,0,0,0,0,5.8
62954,22,female,Doll,3,secondary,1,0,0.0,1,0,0,1,0,26.8,102,0,0,0,0,0,0,0,6.8
25452,67,female,Doll,4,secondary,0,0,0.0,1,1,0,0,0,26.6,124,0,0,0,1,1,0,0,5.1
29676,49,male,Snow,2,tertiary,0,1,7.4,0,0,1,0,1,26.6,128,0,0,0,0,0,0,0,6.5
73611,60,male,Doll,5,secondary,0,0,0.0,0,0,0,0,0,26.6,126,0,0,0,0,0,1,0,6.5
52545,62,female,Doll,4,secondary,1,0,0.0,0,0,0,0,0,24.2,127,0,0,0,0,0,0,1,9.6
78783,33,female,Doll,5,tertiary,1,0,0.0,0,0,1,0,1,29.5,124,0,0,1,0,0,0,0,5.8
40745,79,female,Snow,1,secondary,0,0,0.0,0,0,1,0,0,27.3,137,0,0,0,0,1,0,1,7.3
19713,76,female,Nightingale,2,secondary,0,0,0.0,1,1,1,0,1,33.6,136,0,0,0,0,1,0,0,9.3
12156,46,male,Doll,3,secondary,0,0,0.0,1,1,0,1,0,26.1,127,1,0,0,0,0,1,0,8.4
36713,78,male,Nightingale,3,secondary,0,1,19.2,0,1,1,0,0,35.3,129,0,1,0,1,0,0,0,6.0
88527,69,male,Snow,3,tertiary,1,1,17.1,1,0,0,0,0,28.3,122,0,0,0,0,1,0,1,8.6
50493,68,male,Doll,4,tertiary,0,1,18.2,0,0,0,0,1,20.6,129,0,0,0,0,0,0,0,7.0
24078,22,female,Rose,5,tertiary,0,0,0.0,1,0,0,0,0,23.8,102,0,0,0,0,0,0,0,5.1
73770,42,female,Doll,4,secondary,1,0,0.0,0,0,1,0,0,21.1,96,0,0,0,0,0,0,0,9.7
32910,46,female,Snow,2,primary,1,1,8.6,1,0,1,0,0,27.7,130,1,0,1,0,0,0,1,8.8
66919,39,male,Hill,5,tertiary,1,1,10.9,1,0,0,0,0,27.9,116,0,0,0,0,0,0,0,6.1
77482,28,female,Nightingale,1,secondary,1,1,2.7,1,0,0,1,0,21.8,108,0,0,1,0,0,0,1,9.1
51551,53,female,Doll,3,secondary,1,0,0.0,1,0,0,0,0,23.4,106,1,0,0,0,0,0,0,8.2
76274,47,male,Nightingale,4,tertiary,1,0,0.0,0,0,1,0,0,23.2,90,0,0,0,0,0,0,0,7.1
10567,77,male,Nightingale,2,secondary,0,0,0.0,1,0,1,0,1,29.5,147,1,1,0,0,0,0,0,9.3
70627,57,male,Snow,3,primary,1,0,0.0,0,0,1,0,1,32.5,123,0,0,0,0,0,0,0,7.3
56811,72,female,Snow,1,secondary,0,1,20.8,1,0,0,0,0,27.9,135,0,0,0,0,0,0,0,7.8
67434,43,female,Hill,2,secondary,0,1,8.2,0,0,0,0,0,27.4,115,0,0,0,0,0,0,0,5.7
73351,45,male,Hill,2,secondary,0,1,12.2,0,1,1,0,1,30.4,111,0,1,0,0,0,0,0,5.0
26085,36,male,Snow,4,tertiary,1,0,0.0,0,0,0,1,0,18.4,99,0,0,0,0,0,1,0,5.7
74682,79,female,Rose,2,secondary,1,0,0.0,1,1,1,0,0,29.6,129,0,0,0,0,0,0,0,5.9
39411,26,female,Hill,2,secondary,0,0,0.0,1,0,1,0,0,30.6,110,0,0,0,0,0,0,0,9.5
25408,53,male,Hill,1,primary,0,0,0.0,1,0,1,0,0,25.4,105,1,0,0,0,0,0,0,9.8
75303,49,male,Rose,2,secondary,1,0,0.0,0,0,1,1,0,24.6,90,0,0,0,0,0,0,0,5.2
75701,74,male,Rose,5,tertiary,1,0,0.0,0,1,1,0,0,30.4,126,0,0,0,0,1,0,1,4.6
83469,58,male,Snow,2,tertiary,1,1,12.1,1,0,0,0,0,28.3,122,0,0,0,0,0,0,0,8.5
69171,40,female,Nightingale,1,secondary,0,1,9.6,0,0,0,0,0,26.7,100,0,0,0,0,0,0,0,4.9
84368,54,female,Hill,2,secondary,1,0,0.0,0,0,1,0,0,28.8,122,0,0,0,0,1,0,1,8.5
90699,39,female,Doll,2,primary,0,0,0.0,0,1,0,0,0,25.0,99,0,0,0,0,0,0,0,5.4
72052,29,female,Snow,1,primary,1,0,0.0,0,0,0,0,0,28.5,102,1,0,0,0,0,0,0,8.0
47520,33,female,Doll,2,secondary,0,0,0.0,0,1,1,1,0,28.3,128,0,0,0,0,0,0,0,6.0
29443,26,female,Doll,3,primary,1,0,0.0,0,1,0,1,0,28.9,106,1,0,0,0,0,0,0,5.5
62610,47,male,Doll,4,tertiary,1,0,0.0,1,0,0,1,0,29.4,120,0,0,0,0,0,0,1,9.0
14391,22,male,Rose,3,secondary,0,0,0.0,0,1,0,0,1,28.4,91,0,0,0,0,0,0,0,6.7
31313,37,female,Hill,1,secondary,0,0,0.0,0,0,0,0,0,25.3,106,0,0,1,0,0,0,0,7.0
33231,73,male,Hill,2,primary,1,0,0.0,0,0,0,0,1,21.9,127,1,0,0,0,0,0,0,9.5
35387,54,male,Doll,4,tertiary,0,0,0.0,0,1,1,1,0,25.9,142,0,0,0,0,0,0,0,6.1
33256,50,male,Rose,5,tertiary,1,1,15.2,0,1,0,0,0,25.6,120,0,0,0,0,0,0,0,5.4
41038,45,male,Doll,2,secondary,0,0,0.0,1,0,1,0,0,31.9,103,0,0,0,0,0,0,0,7.0
17572,50,female,Doll,2,primary,0,0,0.0,1,0,0,0,1,22.3,102,1,0,1,0,0,0,1,7.3
51005,70,female,Hill,3,secondary,1,0,0.0,0,0,1,1,0,31.3,139,0,0,0,0,0,0,1,5.1
82325,47,female,Rose,5,tertiary,1,0,0.0,0,0,0,1,0,24.7,134,0,0,0,0,0,0,1,4.3
45362,28,male,Snow,3,secondary,0,0,0.0,0,0,0,1,0,24.8,100,0,0,0,0,0,0,0,8.0
34475,31,female,Doll,3,secondary,0,1,3.7,1,0,0,0,0,25.9,111,0,0,0,0,0,0,0,5.5
34111,22,female,Rose,3,secondary,1,0,0.0,1,0,1,0,0,26.7,102,0,0,0,0,0,0,1,9.8
12569,25,female,Rose,5,secondary,1,0,0.0,0,1,0,0,0,24.6,90,1,0,0,0,0,0,1,7.3
63683,20,male,Nightingale,2,secondary,1,1,0.6,1,1,0,1,1,25.0,101,0,0,0,0,0,0,1,8.8
73984,43,female,Nightingale,1,secondary,0,0,0.0,0,1,1,0,0,32.6,112,0,0,0,0,0,0,0,7.6
98148,60,female,Nightingale,2,primary,1,0,0.0,1,1,0,0,0,24.9,123,0,0,0,0,0,0,0,7.0
14072,64,female,Nightingale,3,tertiary,0,1,21.4,1,0,0,0,0,25.9,129,0,0,0,0,0,0,0,8.9
93475,46,male,Nightingale,2,primary,1,0,0.0,0,0,0,1,0,28.2,118,0,1,0,0,0,0,1,9.1
77802,40,male,Snow,4,tertiary,0,0,0.0,1,0,0,0,1,22.6,112,0,0,0,0,0,0,1,6.9
13376,76,female,Nightingale,2,secondary,0,1,18.8,1,1,1,0,0,30.3,134,0,0,0,0,0,0,1,9.4
81332,24,female,Rose,4,secondary,1,0,0.0,1,1,0,0,0,33.1,116,0,0,0,0,0,0,0,8.4
46482,23,male,Rose,4,secondary,0,0,0.0,1,0,0,1,0,28.2,110,0,0,0,0,0,0,0,8.6
84764,78,male,Rose,4,secondary,1,0,0.0,0,0,1,0,0,28.2,145,0,0,0,0,0,0,1,9.4
33240,67,female,Rose,5,tertiary,0,0,0.0,0,0,0,0,0,25.5,124,0,0,0,0,0,0,0,8.9
20664,45,female,Doll,4,tertiary,0,0,0.0,0,0,1,1,1,24.2,118,0,0,0,0,0,1,0,6.7
14033,58,male,Rose,4,tertiary,0,0,0.0,0,0,1,0,0,21.1,114,0,0,0,0,0,0,0,7.2
30574,30,female,Nightingale,4,tertiary,1,0,0.0,0,0,1,0,0,27.6,107,0,0,0,0,0,0,1,6.1
76771,60,female,Snow,3,secondary,1,0,0.0,0,0,1,0,0,27.0,125,1,0,0,0,0,0,0,6.2
77975,39,male,Doll,3,secondary,1,0,0.0,1,0,1,0,1,34.4,111,0,0,0,0,1,0,1,4.8
83966,64,female,Snow,1,secondary,1,0,0.0,1,1,0,1,0,29.4,130,0,1,0,1,0,0,1,4.1
19386,21,female,Hill,4,tertiary,1,0,0.0,0,0,0,1,0,26.0,102,0,0,0,0,0,0,0,4.9
72579,52,male,Hill,5,tertiary,1,0,0.0,0,0,0,0,0,22.8,129,0,0,0,0,0,0,0,4.9
77394,30,female,Doll,5,tertiary,1,0,0.0,0,0,0,0,0,21.3,96,1,0,0,0,0,0,0,8.0
72821,39,female,Doll,3,secondary,1,0,0.0,1,1,0,0,0,26.8,99,0,0,1,0,0,0,1,9.1
64551,28,female,Snow,3,secondary,0,0,0.0,1,0,1,1,1,34.8,130,1,0,1,0,0,1,1,9.7
77028,55,female,Doll,4,primary,1,0,0.0,0,0,0,0,0,27.4,101,0,0,0,0,0,0,0,7.6
84221,78,female,Rose,4,tertiary,1,0,0.0,1,1,0,0,0,31.7,136,0,0,0,0,1,0,1,10.0
50517,48,female,Snow,3,secondary,0,0,0.0,1,0,0,0,0,25.0,113,0,0,0,0,0,1,0,4.8
34628,50,male,Rose,5,tertiary,0,0,0.0,0,0,0,0,1,25.9,114,0,0,0,0,0,0,0,6.6
66913,79,female,Snow,1,secondary,0,0,0.0,1,0,0,0,1,29.1,130,0,0,1,0,0,0,1,8.5
65589,62,male,Nightingale,2,primary,0,0,0.0,0,1,0,0,0,25.4,119,0,1,0,0,0,0,1,8.2
34317,56,male,Rose,2,secondary,0,0,0.0,0,0,0,0,1,29.1,115,0,0,0,0,0,0,0,7.1
12847,72,female,Doll,4,tertiary,0,0,0.0,1,0,0,0,1,30.8,138,0,0,0,0,0,0,0,4.0
44434,35,male,Nightingale,3,tertiary,1,0,0.0,0,1,1,1,1,34.8,121,0,0,0,0,0,0,0,4.5
20094,57,female,Doll,2,tertiary,0,0,0.0,0,1,1,0,1,26.5,116,0,0,0,0,1,0,1,7.9
44602,78,female,Snow,3,primary,0,0,0.0,0,1,0,0,1,30.9,134,0,0,0,0,1,0,1,9.7
25775,35,female,Snow,1,secondary,0,0,0.0,0,0,0,1,0,32.4,118,0,0,0,0,0,0,0,5.1
98459,53,female,Hill,4,secondary,1,0,0.0,1,1,0,0,0,26.3,118,0,0,0,0,0,0,0,8.5
70376,69,female,Snow,3,primary,0,1,21.2,1,0,1,0,0,33.6,139,0,1,0,1,0,0,1,6.8
13878,43,male,Doll,2,secondary,1,0,0.0,0,1,1,0,0,29.6,129,0,0,0,0,0,0,0,4.5
66778,71,male,Doll,5,tertiary,1,0,0.0,0,0,0,1,0,32.0,136,0,0,0,0,0,0,0,5.3
41443,76,male,Doll,5,tertiary,1,0,0.0,0,0,1,0,0,30.0,133,0,1,0,0,0,0,1,6.7
75263,46,female,Doll,3,secondary,0,0,0.0,1,0,1,0,0,29.3,109,1,0,0,0,0,0,0,8.8
26677,32,female,Snow,2,primary,0,1,2.6,0,0,1,1,0,30.2,142,0,0,0,0,0,1,0,6.3
23349,49,female,Snow,1,secondary,0,1,6.8,1,1,0,0,0,27.9,128,0,0,0,1,0,0,0,7.8
38591,72,female,Snow,2,tertiary,1,0,0.0,0,0,0,0,0,27.6,138,0,0,0,0,0,0,1,4.5
78073,68,male,Nightingale,1,primary,0,1,13.5,0,1,0,0,1,34.4,142,0,1,1,0,0,0,1,7.1
24548,40,female,Snow,4,secondary,1,0,0.0,0,0,0,0,0,26.8,104,0,0,0,0,0,0,1,8.6
81169,22,female,Doll,3,secondary,1,0,0.0,0,1,0,1,0,35.8,126,0,0,0,0,0,0,0,9.5
88408,34,male,Hill,2,secondary,0,0,0.0,0,0,1,0,0,29.1,130,0,0,0,0,0,0,0,9.6
98057,36,female,Rose,4,tertiary,1,1,5.6,1,1,0,0,0,23.2,100,0,0,0,0,0,0,1,6.1
93897,47,female,Rose,2,primary,0,0,0.0,1,1,0,0,0,28.9,125,0,0,0,0,0,0,0,6.5
11115,50,female,Doll,3,secondary,1,0,0.0,0,1,0,1,1,33.2,120,0,0,0,0,0,0,0,7.4
11394,60,female,Rose,3,secondary,1,0,0.0,0,1,0,0,0,31.0,127,0,0,0,0,0,0,0,4.3
73009,50,male,Snow,1,secondary,0,0,0.0,1,0,0,0,0,23.2,113,0,0,0,0,0,0,0,6.6
49956,27,female,Nightingale,5,tertiary,1,1,4.7,0,0,0,0,0,26.9,99,0,0,0,0,0,0,1,8.8
24122,71,female,Rose,2,secondary,1,0,0.0,0,0,1,0,0,23.7,118,0,0,0,0,0,0,0,6.9
72454,62,male,Rose,4,primary,1,1,20.0,1,0,1,0,0,26.4,135,1,0,0,0,0,0,1,4.6
22807,39,male,Nightingale,2,primary,0,1,5.1,1,0,1,1,0,28.9,127,1,0,0,0,1,0,0,9.8
37607,30,female,Nightingale,3,secondary,0,0,0.0,0,0,0,1,0,23.4,99,0,0,0,0,0,1,0,5.9
50568,27,female,Snow,4,primary,1,0,0.0,0,0,0,0,1,21.2,99,0,0,0,0,0,0,0,5.9
36991,55,male,Rose,5,tertiary,1,0,0.0,0,0,0,0,0,28.9,108,0,0,0,0,0,0,1,8.6
28234,65,female,Snow,1,primary,0,0,0.0,0,1,0,0,0,26.7,115,0,0,0,0,0,0,0,7.5
21227,44,male,Snow,1,primary,1,1,6.2,1,0,1,0,1,26.5,123,0,0,0,0,0,0,0,5.9
46569,70,male,Hill,4,secondary,0,0,0.0,0,1,1,1,1,33.0,127,0,0,0,0,0,0,0,6.2
74461,41,male,Doll,4,secondary,0,0,0.0,0,0,0,0,0,25.6,104,0,0,0,0,0,0,0,8.1
87524,68,female,Snow,2,primary,0,0,0.0,0,1,1,0,0,38.0,128,0,0,0,1,1,0,0,8.4
68240,26,female,Snow,2,primary,1,0,0.0,0,1,1,1,0,27.9,112,0,0,1,0,0,1,1,5.0
29260,57,female,Doll,5,tertiary,1,0,0.0,0,1,1,0,1,31.9,136,1,0,0,0,0,0,1,6.8
12624,78,male,Doll,5,tertiary,1,0,0.0,1,0,0,0,0,30.7,141,0,1,0,0,1,0,1,6.2
53503,55,female,Rose,5,tertiary,1,0,0.0,0,0,0,0,0,27.9,116,0,0,0,0,0,1,0,6.1
49747,42,male,Doll,3,tertiary,0,0,0.0,0,1,1,0,0,31.7,112,0,0,0,0,0,1,0,5.6
95356,36,male,Rose,5,tertiary,1,0,0.0,0,1,0,0,0,27.0,110,0,0,0,0,0,0,0,8.0
64718,49,male,Snow,3,secondary,1,0,0.0,1,0,0,0,0,28.4,114,0,0,0,0,0,0,0,7.1
61877,22,female,Snow,3,secondary,0,0,0.0,0,0,1,0,0,24.7,90,0,0,0,0,0,0,0,4.6
17201,19,female,Nightingale,4,tertiary,1,0,0.0,1,0,0,0,0,23.5,90,0,0,1,0,0,0,1,4.2
62999,69,female,Snow,4,primary,1,0,0.0,0,1,1,0,1,25.8,128,1,0,0,0,0,0,0,7.4
30249,51,female,Snow,4,primary,1,0,0.0,0,1,1,1,0,26.4,138,0,0,0,0,0,0,1,5.7
78161,57,male,Snow,3,secondary,1,0,0.0,1,1,1,0,0,32.3,138,0,0,0,0,0,0,1,8.0
69232,31,female,Hill,2,primary,1,1,4.7,0,0,1,0,0,30.9,111,0,0,0,0,0,0,0,5.1
29781,42,female,Nightingale,3,primary,1,0,0.0,0,0,1,1,1,29.7,108,0,0,1,0,0,1,0,5.6
80112,76,male,Rose,3,tertiary,1,0,0.0,0,0,0,0,0,25.7,115,0,0,0,0,0,0,0,4.8
88220,50,female,Rose,3,secondary,1,0,0.0,0,1,1,0,1,31.8,136,0,0,0,0,0,0,0,9.5
59153,35,female,Rose,3,primary,0,0,0.0,0,0,0,1,0,28.3,112,0,0,0,0,0,0,1,5.9
22599,18,female,Doll,3,secondary,1,1,0.0,0,0,0,1,0,24.5,107,0,0,0,0,0,0,0,7.7
32041,26,male,Rose,5,tertiary,1,0,0.0,0,0,0,1,1,21.7,100,0,1,0,0,0,0,1,8.5
63492,23,female,Nightingale,2,secondary,1,1,1.2,0,0,1,0,1,25.2,124,0,0,1,0,0,0,1,4.3
72923,42,female,Rose,3,secondary,1,1,12.3,0,0,0,0,0,35.3,120,0,0,0,0,0,0,0,8.6
76027,30,male,Snow,2,secondary,1,1,2.8,0,0,0,0,1,27.5,97,0,0,0,0,0,0,0,6.2
40733,22,male,Snow,3,secondary,1,0,0.0,0,1,0,1,0,29.5,108,0,0,0,0,0,0,1,4.9
61649,71,male,Snow,1,secondary,0,0,0.0,1,1,0,0,0,30.9,125,0,1,0,0,1,0,0,7.0
19223,69,female,Hill,2,tertiary,1,0,0.0,1,0,1,0,0,31.6,135,0,0,0,0,0,0,0,8.8
96481,74,male,Rose,5,secondary,1,0,0.0,1,0,0,0,0,27.1,107,0,0,1,1,0,0,1,8.8
79027,30,female,Doll,5,tertiary,0,0,0.0,0,1,1,1,0,32.5,107,0,0,0,0,0,0,1,4.4
99721,22,male,Doll,3,secondary,1,0,0.0,0,0,0,1,0,30.7,133,0,0,0,0,0,0,0,6.8
79699,54,female,Hill,5,secondary,1,0,0.0,1,0,1,0,0,29.5,128,0,0,1,0,0,0,1,5.7
27166,53,male,Rose,5,tertiary,1,0,0.0,0,0,0,0,0,21.3,124,0,1,0,0,0,1,1,7.2
86890,75,male,Hill,1,primary,0,0,0.0,0,0,1,0,1,29.9,133,0,0,0,0,0,0,0,7.0
70638,79,male,Snow,1,secondary,1,1,20.2,0,0,1,0,1,32.5,127,0,0,1,0,0,0,0,5.9
33311,40,male,Doll,5,secondary,1,0,0.0,1,0,0,1,0,20.1,103,0,0,0,0,0,1,0,8.1
84724,56,female,Rose,4,secondary,1,0,0.0,0,1,0,0,0,31.3,122,0,0,0,0,0,0,1,7.1
52339,40,male,Doll,5,secondary,1,0,0.0,0,0,0,0,0,19.6,106,0,0,0,0,0,0,0,6.3
45541,61,female,Nightingale,4,secondary,1,0,0.0,1,0,0,0,0,27.4,118,0,0,0,0,1,0,1,7.9
99390,60,male,Doll,5,secondary,1,0,0.0,1,0,0,1,0,27.1,108,0,0,0,0,0,0,0,6.1
15299,24,female,Rose,3,primary,1,0,0.0,1,1,1,0,0,24.1,90,0,0,0,0,0,0,1,5.3
92150,77,female,Doll,2,primary,0,1,12.3,1,0,0,0,0,30.3,138,0,0,0,0,0,0,1,7.9
95577,40,male,Rose,5,tertiary,0,0,0.0,0,0,1,1,0,30.9,119,0,0,0,0,0,0,0,8.2
43624,70,female,Snow,3,tertiary,1,0,0.0,1,1,0,0,0,28.0,132,0,0,0,0,0,0,1,7.1
79059,42,male,Rose,3,tertiary,1,0,0.0,1,1,0,1,0,19.7,119,0,0,0,0,0,0,1,4.2
14896,48,female,Snow,4,secondary,0,0,0.0,1,0,0,0,0,27.2,114,0,0,0,0,0,0,0,9.9
86687,77,female,Doll,2,tertiary,0,0,0.0,1,1,1,0,0,30.9,137,0,1,0,0,0,0,1,9.5
84414,50,male,Rose,3,secondary,0,0,0.0,0,0,0,0,0,26.3,105,0,0,0,0,0,0,0,4.2
19436,23,female,Doll,4,secondary,1,0,0.0,0,0,0,0,1,31.8,117,1,0,1,0,0,0,1,4.5
95523,30,female,Hill,3,tertiary,0,0,0.0,1,1,1,0,0,28.5,103,0,0,0,0,0,0,0,7.3
12906,31,female,Doll,2,secondary,0,0,0.0,0,0,0,0,0,27.1,105,1,0,0,0,0,0,0,4.1
98612,72,male,Rose,4,secondary,1,1,27.5,0,0,0,0,0,25.8,117,0,0,0,0,0,0,0,9.1
86024,21,female,Rose,2,secondary,1,0,0.0,1,1,1,0,1,37.1,126,0,0,1,0,0,0,1,5.8
89416,78,female,Doll,3,tertiary,1,0,0.0,0,0,0,0,0,22.5,123,0,0,0,0,0,0,0,5.8
16915,38,female,Hill,4,tertiary,1,0,0.0,0,0,0,1,0,31.6,109,0,1,0,0,0,0,1,8.0
96747,79,female,Nightingale,1,secondary,0,0,0.0,0,0,1,0,0,34.3,128,1,0,0,0,0,0,0,6.2
76183,22,male,Rose,4,tertiary,0,0,0.0,0,0,1,0,0,25.4,115,0,0,0,0,0,0,0,6.0
42092,35,male,Doll,5,secondary,1,0,0.0,0,0,1,0,0,24.5,106,0,0,0,0,0,0,0,6.2
50314,22,male,Rose,2,secondary,0,0,0.0,0,1,1,0,0,28.3,98,1,0,0,0,0,0,0,4.5
81525,67,female,Rose,2,secondary,1,1,21.7,0,1,1,0,0,33.9,143,1,0,0,0,0,0,0,7.6
34429,79,female,Doll,3,tertiary,1,0,0.0,0,1,1,0,0,28.3,121,0,0,0,0,0,0,1,9.9
69153,49,male,Snow,4,secondary,1,1,15.3,0,1,0,0,0,26.8,124,0,0,0,0,0,1,0,4.5
85972,59,female,Doll,2,secondary,0,1,18.0,0,0,1,0,0,30.5,132,1,0,0,0,0,0,0,10.0
31672,67,male,Snow,3,tertiary,1,1,13.4,1,1,0,0,0,33.4,132,0,1,0,0,0,0,1,7.2
54924,21,female,Hill,2,secondary,0,0,0.0,1,1,0,0,0,25.9,96,0,0,0,0,0,0,0,7.8
22913,31,male,Doll,5,tertiary,1,0,0.0,1,0,0,0,1,32.5,109,0,0,0,0,0,0,1,9.9
65012,44,male,Nightingale,2,tertiary,1,0,0.0,1,1,1,1,0,32.0,122,0,0,0,0,0,0,0,8.0
38859,51,female,Hill,3,secondary,0,0,0.0,0,0,0,0,0,29.4,122,0,0,0,0,0,0,0,8.2
93355,37,female,Snow,2,secondary,0,0,0.0,0,1,1,0,0,31.3,104,0,0,0,0,0,0,0,7.6
23277,62,female,Doll,2,primary,0,0,0.0,0,1,1,0,0,25.3,133,0,0,1,0,0,1,0,9.2
97708,54,male,Doll,2,secondary,0,0,0.0,1,0,0,0,0,23.0,106,0,0,0,0,0,0,0,7.4
10002,59,male,Hill,5,tertiary,1,0,0.0,0,0,1,0,0,31.8,128,0,0,0,0,0,0,0,4.8
73869,25,male,Snow,2,secondary,0,0,0.0,1,0,1,1,0,27.2,95,1,0,0,0,0,0,0,9.2
94970,59,male,Nightingale,2,secondary,1,0,0.0,1,0,0,0,0,23.8,128,0,0,0,0,0,0,1,5.4
22168,40,female,Rose,2,primary,0,1,5.5,0,0,1,0,0,25.8,115,1,0,0,0,0,0,0,8.2
56108,64,female,Snow,2,secondary,0,1,22.7,1,1,0,0,1,28.1,140,0,0,0,0,0,0,0,9.4
41199,45,female,Rose,3,secondary,1,0,0.0,0,1,1,0,1,28.5,111,0,0,0,0,0,1,0,6.1
80349,79,male,Doll,3,secondary,1,0,0.0,0,1,1,0,0,31.3,126,0,0,0,0,0,0,0,5.0
12383,59,female,Snow,3,primary,0,0,0.0,1,1,0,0,0,28.0,116,0,0,0,0,0,0,0,8.4
61141,21,male,Snow,2,secondary,1,0,0.0,1,1,1,1,0,26.5,102,0,0,0,0,0,0,0,5.4
57802,63,male,Hill,2,secondary,1,1,12.2,0,1,1,0,0,31.1,142,0,1,1,0,0,0,1,6.3
33730,55,male,Rose,4,tertiary,1,0,0.0,0,0,0,0,0,29.3,102,0,0,0,0,0,0,0,9.8
21044,29,male,Hill,1,secondary,0,1,4.9,0,1,1,0,0,34.3,107,0,0,0,0,0,0,0,6.0
96112,20,female,Nightingale,1,secondary,0,1,0.4,0,1,0,1,0,27.6,120,0,0,0,0,0,0,0,7.3
75199,51,male,Doll,3,tertiary,1,0,0.0,0,0,0,0,0,29.8,128,0,0,0,0,0,0,0,4.4
27262,30,male,Snow,2,secondary,0,0,0.0,1,1,1,0,0,35.6,114,0,0,0,0,0,1,0,5.2
53388,32,male,Doll,4,tertiary,1,0,0.0,1,1,1,0,0,30.0,105,0,0,0,0,0,0,0,4.5
80030,77,female,Hill,1,primary,0,0,0.0,1,1,0,0,0,31.6,140,0,0,0,0,1,0,1,9.0
22156,72,female,Hill,4,secondary,0,0,0.0,0,0,0,0,0,26.6,111,0,0,0,0,0,0,0,6.3
23473,66,male,Nightingale,2,secondary,0,0,0.0,0,0,1,0,1,32.4,126,1,0,0,0,0,0,0,5.7
74480,39,male,Hill,3,secondary,0,1,10.4,0,0,0,0,1,26.4,121,0,0,0,0,0,1,0,7.3
50796,39,male,Doll,5,secondary,1,0,0.0,0,0,0,0,1,28.5,133,1,0,1,0,0,0,1,5.5
98905,25,female,Nightingale,2,secondary,0,0,0.0,0,1,0,0,0,26.2,100,0,0,0,0,0,1,0,5.0
29452,57,female,Snow,4,secondary,0,0,0.0,0,0,0,1,1,27.8,117,0,0,0,0,0,0,0,9.9
93762,39,female,Nightingale,3,tertiary,1,0,0.0,1,0,0,1,0,19.9,110,0,0,0,0,0,0,0,8.4
87820,27,female,Nightingale,2,primary,0,0,0.0,1,0,1,0,0,29.3,108,0,0,0,0,1,0,1,4.6
59643,26,female,Snow,3,secondary,0,0,0.0,1,0,0,1,0,26.9,117,0,0,0,0,0,0,0,8.0
15916,40,female,Rose,5,secondary,0,0,0.0,1,0,0,0,0,28.0,101,0,0,0,0,0,0,0,7.5
68788,49,female,Doll,5,tertiary,1,1,8.5,0,0,0,0,1,29.3,130,0,0,0,0,0,0,0,8.0
33303,54,female,Nightingale,3,tertiary,0,0,0.0,0,1,0,0,0,27.4,128,0,0,0,0,0,0,0,6.6
92688,48,female,Rose,3,primary,0,0,0.0,0,0,0,0,0,26.7,120,0,0,0,0,0,0,0,6.4
95397,38,male,Nightingale,5,primary,1,0,0.0,0,0,0,1,0,29.3,127,0,0,0,0,0,0,1,9.9
79688,52,male,Doll,3,secondary,1,1,9.6,1,1,0,0,0,30.4,111,0,0,0,1,0,0,1,5.8
48727,32,male,Doll,4,secondary,0,1,3.0,1,1,0,0,0,27.9,113,0,0,0,0,0,0,0,4.8
11852,52,male,Nightingale,5,tertiary,1,0,0.0,0,0,1,1,0,29.6,130,0,0,0,0,0,0,0,4.2
42147,22,female,Snow,3,secondary,1,1,1.2,1,0,1,1,0,28.6,117,0,0,0,0,0,0,0,9.6
19902,68,female,Snow,4,secondary,0,0,0.0,1,0,0,0,0,23.4,126,0,0,0,0,0,0,0,9.9
16236,20,male,Doll,4,secondary,1,0,0.0,0,0,0,0,0,23.6,98,0,0,0,0,0,0,0,6.9
92462,45,male,Nightingale,2,secondary,1,1,5.7,0,1,1,0,0,31.1,139,1,0,0,0,1,0,1,7.9
69664,29,male,Nightingale,4,secondary,1,0,0.0,1,1,1,1,0,26.2,92,0,0,0,0,0,0,0,5.0
61542,74,male,Rose,5,tertiary,0,0,0.0,0,0,1,0,0,32.5,132,0,0,1,0,1,0,1,4.9
46584,44,male,Doll,4,secondary,0,0,0.0,1,0,0,0,0,27.7,93,0,0,0,0,0,1,0,6.6
67951,26,male,Rose,5,secondary,1,0,0.0,1,0,1,1,0,27.5,112,0,0,0,0,0,0,0,5.4
48988,47,male,Rose,2,secondary,0,0,0.0,0,1,0,0,0,34.1,122,0,0,0,0,0,0,0,7.8
90859,55,female,Hill,2,secondary,1,0,0.0,0,0,0,0,0,28.1,112,0,0,0,0,1,0,1,8.7
78886,67,female,Rose,5,secondary,1,0,0.0,0,0,1,0,0,27.2,121,0,0,0,0,0,0,0,5.2
87875,43,female,Nightingale,3,secondary,0,1,7.2,0,0,1,0,0,28.3,121,0,0,0,0,0,0,0,5.2
73584,20,male,Rose,5,secondary,1,0,0.0,0,0,1,0,1,21.4,101,0,0,1,0,0,0,1,9.2
78901,55,female,Doll,5,secondary,0,0,0.0,0,0,0,0,0,28.3,123,0,0,0,0,0,0,0,5.3
17783,62,female,Doll,3,secondary,1,0,0.0,0,1,1,0,0,35.4,119,0,0,0,0,0,0,0,5.5
15065,34,male,Rose,4,secondary,1,0,0.0,0,0,1,0,0,33.9,103,0,0,0,0,1,1,1,8.4
68783,71,male,Doll,5,tertiary,1,1,16.3,0,1,0,0,0,31.5,133,0,0,0,0,0,0,1,6.5
97964,68,male,Hill,4,secondary,0,1,13.2,1,0,1,0,0,23.7,122,0,0,1,1,1,0,1,4.2
61379,54,female,Rose,3,tertiary,1,1,9.3,1,0,0,1,0,26.8,124,0,0,0,1,0,0,1,6.9
70470,51,male,Rose,5,tertiary,1,0,0.0,0,0,0,0,0,26.5,113,1,0,0,0,0,0,1,4.4
18200,38,female,Rose,3,secondary,0,0,0.0,0,0,0,0,0,29.0,109,0,0,0,0,0,0,0,5.8
82644,35,male,Hill,3,secondary,1,0,0.0,0,0,1,1,0,28.6,113,0,0,0,0,0,1,0,4.8
90187,24,male,Rose,4,tertiary,1,0,0.0,0,0,1,0,0,31.1,106,0,0,0,0,0,1,1,8.9
96659,57,male,Rose,5,tertiary,1,0,0.0,0,0,1,0,0,33.5,133,0,0,0,0,0,0,1,7.2
20682,24,female,Hill,3,primary,1,0,0.0,1,0,0,1,0,23.0,100,1,0,0,0,0,0,1,8.2
11216,59,female,Hill,4,tertiary,1,1,16.8,1,1,0,0,0,33.8,113,0,0,0,1,0,0,1,4.9
39547,35,male,Rose,4,secondary,1,0,0.0,1,1,1,1,0,25.1,100,1,0,0,0,0,0,1,9.3
28860,40,male,Nightingale,3,secondary,1,0,0.0,0,1,1,0,0,28.0,107,0,0,0,0,0,0,0,9.7
29548,78,female,Snow,1,primary,0,1,22.0,1,0,0,0,0,31.1,150,0,0,0,0,1,0,0,6.8
65061,41,male,Doll,4,primary,0,0,0.0,0,0,0,0,0,22.0,115,0,0,0,0,0,1,0,9.4
99102,48,male,Nightingale,1,secondary,0,1,7.4,0,1,0,0,1,30.9,130,0,0,0,0,0,0,0,8.3
29984,30,female,Snow,3,tertiary,1,0,0.0,0,0,1,0,0,28.2,103,0,0,0,0,0,0,0,5.9
74553,34,female,Snow,3,tertiary,0,0,0.0,1,1,0,1,0,27.3,115,0,0,0,0,0,0,1,8.8
79300,38,female,Rose,3,primary,1,0,0.0,1,0,0,0,0,25.6,105,0,0,0,0,0,0,0,5.7
48287,75,male,Rose,2,secondary,0,0,0.0,0,0,1,0,0,29.3,121,0,0,0,0,1,0,1,9.7
27010,62,male,Nightingale,3,primary,1,1,19.7,1,0,1,1,0,24.2,111,0,0,0,0,0,0,1,4.9
29355,38,male,Rose,5,tertiary,1,0,0.0,0,0,0,0,0,24.9,113,0,0,0,0,0,0,0,10.0
67661,28,male,Snow,3,secondary,0,0,0.0,1,0,0,1,0,24.3,94,0,0,0,0,0,1,0,4.2
67772,61,male,Rose,5,tertiary,1,1,14.8,1,0,0,0,0,28.4,122,0,0,0,0,0,0,0,4.3
68703,58,female,Snow,1,secondary,1,1,10.7,0,1,0,1,0,31.5,126,1,0,0,0,0,0,1,5.3
18005,42,male,Nightingale,2,secondary,0,1,9.9,1,1,0,0,0,30.8,112,0,0,0,0,0,0,0,6.1
16430,57,female,Rose,5,tertiary,1,0,0.0,0,0,1,0,0,27.3,104,0,0,0,0,0,0,1,4.0
45317,33,male,Hill,4,secondary,0,0,0.0,1,1,1,0,0,28.9,94,0,0,0,0,0,1,1,5.5
46937,75,female,Snow,1,secondary,1,0,0.0,0,0,1,0,0,26.7,121,0,0,0,0,0,0,1,9.3
39189,56,female,Rose,4,primary,1,0,0.0,1,0,1,1,0,27.8,120,1,0,0,0,0,0,1,5.1
68163,70,male,Rose,5,secondary,1,0,0.0,0,0,1,0,0,27.5,133,0,0,0,0,0,0,1,5.5
70509,25,male,Nightingale,3,primary,1,1,2.7,1,1,0,0,0,30.8,103,0,0,0,0,0,0,0,4.2
42589,32,male,Rose,3,secondary,1,0,0.0,1,0,1,1,0,33.6,127,0,0,0,0,0,0,0,7.0
42346,57,male,Doll,3,secondary,1,0,0.0,0,1,1,0,0,32.9,132,0,1,0,0,0,0,1,6.9
87769,43,female,Doll,4,tertiary,0,0,0.0,1,0,0,0,0,31.1,121,0,0,0,0,0,0,0,5.2
16510,52,female,Nightingale,3,tertiary,1,0,0.0,0,0,1,0,0,23.1,126,0,0,0,0,0,0,0,5.0
29911,69,male,Snow,3,secondary,0,0,0.0,0,0,0,0,0,26.3,129,0,0,0,0,0,0,0,9.7
47433,44,male,Snow,1,secondary,0,0,0.0,0,1,1,0,0,26.7,104,0,0,0,0,0,0,0,8.0
10907,79,male,Rose,4,secondary,1,0,0.0,0,1,0,0,0,32.4,137,0,0,0,0,0,0,0,4.4
31041,35,male,Doll,5,tertiary,1,0,0.0,0,1,0,0,1,23.2,119,1,0,0,0,0,0,0,9.8
52547,57,male,Nightingale,1,primary,0,0,0.0,1,0,1,0,0,27.5,131,0,0,0,0,0,0,0,4.6
89029,25,male,Doll,2,tertiary,0,0,0.0,1,0,1,0,0,31.1,126,0,0,0,0,0,0,1,10.0
73405,77,male,Hill,4,tertiary,1,1,19.6,1,0,1,0,0,29.3,119,1,0,0,1,0,0,1,4.4
20380,45,female,Rose,4,tertiary,1,0,0.0,0,1,0,0,1,28.4,96,1,0,0,0,0,0,0,5.6
59818,53,male,Snow,4,secondary,0,0,0.0,1,0,0,0,0,23.6,109,0,0,0,0,0,0,0,8.1
98109,39,male,Hill,4,secondary,1,1,8.6,0,0,0,0,0,25.0,101,0,0,0,0,0,0,0,5.7
95334,67,female,Rose,3,tertiary,1,0,0.0,1,0,0,0,1,30.0,112,1,0,0,0,0,0,1,8.2
61762,47,male,Doll,3,secondary,1,0,0.0,0,0,0,0,1,27.5,125,0,0,0,0,0,1,1,4.6
11933,26,female,Hill,1,primary,0,0,0.0,0,0,1,0,1,32.9,122,0,0,0,0,0,0,0,5.1
44486,26,female,Rose,2,tertiary,1,1,4.1,0,1,0,0,0,27.7,101,0,0,0,0,0,0,0,8.9
15028,73,female,Nightingale,2,secondary,0,1,18.0,1,1,0,0,0,36.4,134,1,1,0,0,0,0,0,9.7
30776,68,female,Hill,3,secondary,0,0,0.0,1,0,0,0,0,26.0,111,0,0,0,0,1,0,1,6.1
35885,73,male,Doll,3,secondary,0,0,0.0,1,0,0,0,0,27.8,108,0,0,0,0,0,0,0,9.0
27228,18,male,Nightingale,3,tertiary,1,0,0.0,1,0,0,0,0,24.0,104,0,0,0,0,0,0,0,9.8
34789,78,female,Hill,3,tertiary,1,0,0.0,1,1,1,0,0,34.3,121,0,0,0,0,0,0,0,6.1
49755,74,male,Snow,1,secondary,0,0,0.0,1,0,0,0,0,33.0,135,0,0,0,0,0,0,0,4.4
16728,57,male,Doll,2,secondary,0,0,0.0,0,0,1,0,0,26.5,115,0,1,0,0,0,1,1,4.9
51261,74,male,Hill,4,tertiary,1,0,0.0,1,0,1,0,0,27.4,129,1,0,0,0,0,0,0,8.5
59849,77,male,Doll,4,secondary,0,1,14.6,1,0,1,1,0,29.2,139,0,0,0,0,0,1,0,6.5
38891,57,male,Rose,5,secondary,1,0,0.0,1,0,1,1,0,31.5,120,0,0,0,0,1,1,1,7.4
58425,19,male,Nightingale,1,secondary,0,1,0.4,0,1,0,0,1,26.9,107,0,0,1,0,0,0,0,6.6
93431,25,male,Doll,5,tertiary,1,1,2.1,0,0,0,0,0,26.2,96,0,0,0,0,0,0,0,6.9
28738,52,female,Doll,4,secondary,1,0,0.0,0,0,0,0,1,27.5,113,0,0,0,0,0,0,1,6.6
83183,41,female,Doll,2,secondary,0,0,0.0,0,1,0,0,0,34.2,124,0,0,0,0,0,0,0,9.2
24710,29,male,Rose,3,secondary,1,0,0.0,0,1,1,0,0,21.5,108,0,0,0,0,0,0,0,7.1
99905,58,male,Doll,3,secondary,1,1,13.7,0,0,0,0,0,29.0,106,0,1,0,0,0,0,1,6.4
48254,60,female,Hill,3,secondary,0,0,0.0,1,0,0,1,0,24.3,128,0,0,0,0,0,0,1,6.5
49399,31,male,Doll,3,tertiary,1,0,0.0,0,0,1,1,0,31.8,115,0,0,0,0,0,0,0,8.1
99236,58,female,Hill,1,secondary,0,1,16.5,1,1,1,0,1,32.9,120,0,0,1,0,1,0,1,9.2
11103,79,male,Hill,3,secondary,0,0,0.0,1,1,1,0,0,35.3,121,1,0,0,0,1,0,1,8.7
45337,39,male,Doll,2,primary,1,0,0.0,1,1,0,0,0,29.6,122,0,0,0,0,0,0,0,9.1
63303,51,female,Doll,4,secondary,1,0,0.0,0,0,0,0,1,19.5,110,0,0,0,0,0,0,1,8.2
98535,29,male,Doll,4,tertiary,0,0,0.0,0,1,0,1,0,34.0,118,1,1,0,0,0,0,1,4.1
59478,36,male,Doll,3,primary,0,0,0.0,0,1,0,0,0,31.1,119,0,0,0,0,0,0,0,5.7
46112,42,female,Hill,4,tertiary,0,1,6.1,0,0,1,0,0,26.3,98,0,0,0,0,0,0,0,5.8
26782,76,male,Hill,3,primary,1,0,0.0,0,0,0,0,1,28.1,125,0,0,0,0,0,0,0,7.7
49729,25,male,Snow,4,secondary,1,1,3.3,1,1,1,1,0,27.9,118,0,0,0,0,0,0,0,9.6
46968,47,female,Doll,3,primary,1,1,10.0,0,0,1,1,0,30.6,113,0,0,0,0,0,0,0,7.1
92135,20,female,Rose,3,tertiary,1,0,0.0,0,1,1,0,0,21.0,108,0,0,0,0,0,0,0,5.3
97347,59,male,Rose,4,tertiary,1,0,0.0,0,0,1,1,0,27.8,122,0,0,0,0,0,0,0,7.8
78349,23,female,Nightingale,5,tertiary,1,0,0.0,1,0,1,0,1,26.2,102,1,0,0,0,0,0,1,5.4
93898,18,male,Rose,2,primary,1,0,0.0,1,0,0,1,0,22.1,110,0,0,1,0,0,0,0,9.2
90086,18,male,Nightingale,3,primary,1,0,0.0,0,0,1,1,0,22.9,108,0,0,0,0,0,0,0,6.1
13431,21,female,Snow,2,secondary,1,1,0.6,0,1,0,0,1,25.0,104,0,0,1,0,0,0,1,9.5
90797,32,male,Doll,5,tertiary,1,0,0.0,0,1,1,1,0,19.8,112,1,0,0,0,0,0,0,7.3
95097,47,male,Doll,5,tertiary,1,0,0.0,1,0,0,0,0,26.6,109,0,0,0,0,0,0,1,5.6
69728,31,male,Hill,3,secondary,0,0,0.0,1,0,0,1,0,26.4,99,0,0,1,0,0,0,0,5.2
28472,27,male,Snow,4,primary,0,0,0.0,1,0,0,1,0,23.3,97,0,0,0,0,0,0,0,6.3
19029,29,female,Doll,3,tertiary,0,0,0.0,0,0,0,0,0,26.5,124,0,0,0,0,0,0,0,5.6
26995,75,male,Hill,2,secondary,0,0,0.0,1,1,0,0,1,25.0,122,1,0,0,0,0,0,1,4.7
66203,24,female,Hill,4,tertiary,1,0,0.0,1,0,0,0,0,23.5,106,0,0,0,0,0,1,0,4.2
59534,26,male,Snow,4,tertiary,1,0,0.0,1,0,1,0,0,24.6,111,0,0,0,0,0,0,0,6.2
18695,38,female,Nightingale,2,secondary,0,1,10.0,0,1,0,0,1,27.5,103,1,0,1,0,0,0,0,6.2
56561,31,male,Nightingale,4,tertiary,1,0,0.0,0,0,0,1,0,27.7,118,0,1,0,0,0,0,1,8.2
23806,41,male,Nightingale,1,secondary,0,1,5.8,0,1,1,0,1,29.5,109,1,0,0,0,0,0,0,8.7
49682,34,male,Nightingale,5,secondary,0,0,0.0,0,0,1,1,0,24.7,100,0,0,0,0,0,1,0,5.3
89408,62,male,Doll,4,secondary,1,1,14.2,1,0,0,0,0,30.8,135,0,0,0,1,0,0,0,6.6
56743,29,male,Rose,4,tertiary,1,1,2.5,1,0,1,0,0,23.4,111,0,0,0,0,0,0,1,5.1
21756,18,male,Snow,4,tertiary,1,0,0.0,0,1,0,1,1,31.6,104,0,0,0,0,0,0,0,9.8
51866,53,female,Nightingale,2,tertiary,1,0,0.0,0,1,1,0,1,27.7,116,0,0,1,0,0,0,1,4.6
92463,71,female,Doll,4,secondary,1,0,0.0,0,0,0,0,0,27.7,127,0,0,1,0,0,0,1,8.4
13794,36,female,Hill,5,tertiary,1,0,0.0,1,1,1,1,0,29.7,104,0,0,0,0,0,0,0,4.0
64734,62,male,Nightingale,4,secondary,1,0,0.0,0,1,0,0,0,22.8,111,0,0,0,0,0,0,0,5.9
91891,55,female,Hill,5,secondary,0,0,0.0,0,0,1,0,0,26.8,119,0,0,0,0,0,0,1,4.4
62469,45,male,Snow,1,secondary,0,0,0.0,0,0,0,0,1,26.7,127,0,0,0,0,0,0,0,7.5
23795,39,female,Nightingale,3,secondary,0,0,0.0,1,1,0,0,0,27.7,127,0,0,0,0,0,0,0,4.3
90938,60,female,Rose,3,secondary,1,0,0.0,0,0,0,1,0,23.8,131,0,0,0,0,1,0,1,8.1
82492,36,female,Nightingale,3,secondary,1,0,0.0,0,0,1,0,0,29.5,106,0,0,0,0,0,0,0,8.8
20523,65,female,Rose,5,secondary,0,0,0.0,1,1,0,0,1,25.2,131,0,0,0,0,0,0,0,7.3
97784,52,female,Hill,2,secondary,1,1,16.9,1,0,1,0,1,34.1,127,1,0,0,0,0,0,0,9.2
18438,50,male,Nightingale,3,secondary,0,0,0.0,0,1,1,0,0,25.9,109,0,0,0,0,1,0,0,4.2
47844,70,male,Doll,5,tertiary,1,1,19.4,0,1,0,0,0,27.6,122,0,0,0,0,1,0,1,6.1
58177,71,male,Nightingale,4,tertiary,1,0,0.0,0,0,1,0,0,29.8,127,0,0,0,1,0,0,0,8.6
15530,54,female,Snow,3,tertiary,1,0,0.0,0,0,1,0,0,27.4,132,0,0,0,0,0,0,0,6.6
59190,25,male,Rose,3,primary,0,1,1.5,0,0,0,1,0,23.2,126,1,0,0,0,0,1,0,8.6
73527,47,male,Doll,5,secondary,1,0,0.0,0,0,0,0,1,28.7,129,1,0,0,0,0,0,0,5.6
95897,26,male,Nightingale,3,secondary,1,0,0.0,0,0,0,1,1,29.6,106,0,0,0,0,0,1,0,5.4
49044,47,female,Hill,5,secondary,1,0,0.0,0,0,0,0,0,28.8,124,0,0,0,0,0,0,1,5.5
73784,19,male,Hill,5,tertiary,1,0,0.0,1,0,0,1,0,21.2,118,0,0,0,0,0,0,0,9.4
71002,25,female,Snow,4,tertiary,1,1,3.0,0,0,0,1,0,25.7,97,0,0,0,0,0,0,1,5.6
90929,20,male,Hill,3,tertiary,1,1,0.6,0,0,0,1,1,28.5,109,0,0,0,0,0,0,0,6.8
13685,40,male,Rose,2,secondary,0,0,0.0,1,0,1,1,0,28.0,124,0,0,0,0,0,0,0,5.5
18262,45,female,Hill,4,secondary,1,0,0.0,0,0,0,0,0,29.0,106,0,0,0,0,0,0,0,4.9
30993,60,male,Nightingale,4,secondary,1,0,0.0,0,0,0,0,0,27.8,120,0,0,0,0,0,0,0,8.0
64563,43,female,Hill,2,secondary,1,0,0.0,1,1,1,0,0,32.3,119,0,0,0,0,0,1,1,4.7
37853,24,male,Doll,5,secondary,1,0,0.0,1,1,0,0,0,34.1,103,0,0,1,0,0,0,0,4.5
81474,76,male,Doll,5,tertiary,1,0,0.0,0,0,1,1,0,32.0,151,0,0,0,0,0,0,1,6.9
33612,79,female,Doll,4,tertiary,1,0,0.0,0,0,1,0,1,30.2,134,0,0,0,0,1,0,0,6.7
39739,24,female,Nightingale,3,secondary,1,0,0.0,0,0,0,1,0,27.2,90,1,0,0,0,0,1,0,8.2
11456,54,male,Rose,4,secondary,0,0,0.0,0,1,1,1,1,31.2,119,0,1,1,0,0,0,1,9.2
35986,55,female,Doll,4,tertiary,1,0,0.0,0,1,0,0,0,30.8,123,0,0,0,0,0,0,1,7.6
69969,47,female,Hill,1,secondary,0,1,8.5,0,0,0,0,0,24.9,122,0,0,0,0,0,0,0,8.4
98106,18,female,Rose,5,secondary,1,1,0.0,1,0,0,1,0,23.4,118,0,0,0,0,0,0,0,5.4
52922,19,female,Doll,4,secondary,1,0,0.0,1,0,0,0,0,24.2,94,0,0,0,0,0,1,0,8.7
11324,23,male,Hill,4,secondary,1,0,0.0,1,0,0,1,0,22.1,94,0,0,0,0,0,1,0,6.7
81432,23,male,Snow,1,secondary,0,0,0.0,0,0,0,1,0,28.6,115,0,1,0,0,0,1,1,5.0
74935,50,male,Doll,3,secondary,1,0,0.0,1,0,0,0,0,29.2,126,0,0,0,0,0,1,1,6.8
68589,42,male,Snow,3,secondary,0,1,11.5,1,0,1,0,0,26.1,115,0,0,0,0,0,0,0,8.7
58338,46,female,Snow,1,secondary,0,0,0.0,0,0,1,0,0,29.5,117,0,0,1,0,0,0,1,9.1
29745,44,male,Nightingale,3,tertiary,0,1,9.4,1,1,0,1,0,25.9,138,1,0,0,1,0,0,1,6.9
23337,21,female,Hill,2,primary,0,0,0.0,0,0,1,1,0,26.0,106,0,0,0,0,0,0,0,5.7
34760,64,male,Hill,3,secondary,1,0,0.0,1,1,1,0,1,26.2,128,0,0,0,0,1,0,0,8.3
24956,72,female,Doll,3,secondary,1,0,0.0,0,1,1,0,1,30.1,138,1,0,0,0,0,0,0,6.4
80910,69,female,Rose,4,secondary,0,1,15.3,0,0,1,0,0,27.3,134,0,0,0,0,0,0,0,7.3
22545,63,male,Rose,3,secondary,0,0,0.0,0,0,1,0,0,28.7,124,0,0,0,0,0,0,1,4.1
38683,71,female,Hill,4,tertiary,1,1,9.9,0,0,0,0,0,30.2,140,0,0,0,0,0,0,0,4.8
48906,45,female,Hill,2,secondary,1,0,0.0,1,0,0,0,0,28.6,109,0,0,0,0,0,0,1,9.3
40384,25,female,Hill,5,tertiary,0,0,0.0,0,0,0,0,0,29.6,100,0,0,0,0,0,0,0,4.2
88127,27,male,Hill,2,secondary,0,0,0.0,1,1,1,1,0,28.8,106,1,0,0,0,0,0,0,8.7
16555,60,male,Doll,2,secondary,1,0,0.0,0,0,1,1,0,25.8,118,0,0,0,0,0,0,0,7.6
60285,60,male,Doll,3,secondary,1,0,0.0,0,1,0,1,0,31.9,111,0,0,0,0,0,0,1,7.9
94400,29,female,Hill,2,secondary,1,0,0.0,0,1,1,1,1,26.4,109,0,0,0,0,0,1,1,4.9
69715,20,male,Nightingale,4,secondary,1,1,0.7,0,0,1,0,0,26.8,113,1,0,0,0,0,0,1,7.8
52566,26,female,Snow,4,primary,1,0,0.0,0,1,0,1,0,32.5,105,0,0,0,0,0,0,0,8.8
36706,30,female,Nightingale,3,secondary,1,0,0.0,1,0,0,0,0,26.1,91,0,0,0,0,0,0,1,7.3
61138,23,female,Doll,5,secondary,1,1,1.4,0,1,0,0,0,26.4,108,0,0,0,0,0,0,0,8.0
77634,78,female,Doll,3,secondary,0,0,0.0,1,1,0,0,0,22.7,119,0,0,0,0,0,0,1,5.0
77211,48,female,Rose,4,secondary,0,0,0.0,1,0,0,0,0,27.4,107,0,0,0,0,0,0,0,9.5
31994,19,female,Nightingale,1,secondary,1,1,0.3,0,0,1,1,0,30.7,115,0,0,0,0,0,0,0,5.0
88932,42,male,Nightingale,1,secondary,0,1,8.0,0,1,0,0,0,31.2,131,0,0,0,0,1,0,0,7.2
80891,61,female,Nightingale,5,tertiary,1,1,14.6,1,1,0,1,0,27.5,111,0,0,0,0,0,0,0,8.8
61669,20,female,Rose,2,secondary,0,0,0.0,1,0,1,0,0,22.9,90,1,0,0,0,0,0,0,4.6
74208,62,male,Nightingale,2,secondary,1,1,18.0,0,0,1,0,0,22.1,112,0,0,0,0,0,0,0,8.5
13381,46,female,Hill,4,tertiary,1,0,0.0,1,0,1,0,0,25.1,114,0,0,0,0,0,0,0,5.6
19399,38,male,Doll,3,primary,1,1,10.3,0,0,0,1,0,18.9,122,1,0,1,0,0,0,0,9.1
65991,24,male,Snow,4,tertiary,1,0,0.0,0,1,1,0,1,29.8,108,0,0,0,0,0,0,0,9.3
21897,28,male,Doll,5,tertiary,1,1,4.7,0,1,0,1,1,27.6,121,0,0,0,0,0,0,0,4.9
49144,41,male,Doll,5,tertiary,1,0,0.0,0,0,1,0,0,27.0,110,0,0,0,0,0,0,0,4.9
19279,75,female,Hill,3,secondary,1,0,0.0,1,0,0,0,0,24.6,127,0,0,0,0,0,0,0,4.1
45030,45,female,Snow,2,secondary,1,0,0.0,0,1,0,0,1,22.6,92,0,0,1,0,0,0,1,9.5
41744,54,male,Doll,4,secondary,1,1,7.7,0,1,0,1,0,24.8,130,0,1,0,0,0,0,1,4.8
59993,73,male,Snow,4,secondary,0,1,11.8,0,0,1,0,1,26.1,131,0,0,0,0,0,0,0,4.2
40345,30,male,Hill,5,tertiary,0,0,0.0,1,1,0,0,0,28.6,101,0,0,0,0,0,1,0,6.3
93129,38,male,Doll,4,secondary,1,1,9.2,0,0,0,0,0,27.1,119,0,0,0,0,0,0,0,6.0
51348,78,male,Hill,4,tertiary,1,0,0.0,0,0,0,0,0,25.2,132,0,0,0,0,0,1,0,4.2
27878,29,female,Doll,4,primary,1,0,0.0,1,0,0,0,0,20.0,106,0,0,0,0,0,0,0,7.3
69245,34,female,Rose,3,secondary,1,0,0.0,1,0,0,0,0,22.7,108,0,0,0,0,0,0,1,9.2
86681,77,female,Nightingale,1,primary,0,0,0.0,0,0,1,0,0,31.1,130,0,0,0,0,0,0,0,9.2
88917,48,male,Hill,1,secondary,0,0,0.0,1,0,0,0,0,26.9,120,0,0,0,0,0,0,0,4.6
19969,21,female,Rose,4,tertiary,1,0,0.0,0,1,1,0,0,31.9,90,0,0,1,0,0,0,1,4.7
81581,31,male,Nightingale,4,tertiary,1,0,0.0,1,0,0,1,0,27.6,109,0,0,1,0,0,0,1,9.0
16064,78,female,Snow,1,secondary,0,0,0.0,0,1,0,0,0,30.7,140,0,0,0,0,0,0,0,8.7
78867,46,male,Doll,5,secondary,1,0,0.0,0,1,1,0,0,26.9,111,0,0,0,0,0,0,0,5.7
67002,70,male,Doll,4,tertiary,1,0,0.0,0,1,0,0,1,35.1,129,1,0,0,0,1,0,1,4.2
58255,19,male,Rose,4,tertiary,1,0,0.0,0,0,0,0,0,27.1,95,0,0,0,0,0,0,0,5.8
18468,27,male,Nightingale,3,secondary,0,0,0.0,1,0,1,0,0,25.1,111,0,0,0,0,0,0,0,5.8
30327,54,male,Snow,2,secondary,0,1,12.1,1,0,0,0,0,26.6,128,0,0,0,0,0,0,0,6.3
48450,48,female,Rose,2,secondary,0,1,10.0,0,1,0,0,0,33.0,143,0,0,0,0,0,0,0,6.1
56869,34,female,Hill,5,tertiary,1,0,0.0,1,0,0,0,0,19.9,107,0,0,0,0,0,0,0,7.7
79445,27,male,Snow,2,primary,0,0,0.0,0,0,0,0,0,25.4,111,0,0,0,0,0,1,0,9.9
58784,49,female,Nightingale,3,secondary,1,0,0.0,0,1,1,0,1,32.7,115,0,0,0,0,0,0,1,8.2
63960,33,male,Snow,4,tertiary,0,0,0.0,0,0,0,1,0,25.4,102,0,0,0,0,0,1,0,5.4
87856,76,female,Hill,3,primary,0,0,0.0,1,0,1,0,1,28.7,119,0,0,1,0,0,0,1,4.4
54517,75,male,Snow,4,tertiary,0,0,0.0,0,1,1,0,0,30.7,129,1,0,1,0,0,0,1,5.8
60307,37,female,Doll,2,primary,1,1,5.4,0,1,0,1,0,30.4,119,0,0,1,0,0,1,0,5.9
20898,36,female,Hill,2,secondary,0,0,0.0,0,1,0,0,0,31.2,122,1,0,0,0,1,0,1,5.6
15785,26,female,Rose,5,secondary,0,0,0.0,0,1,0,0,0,25.1,109,0,0,0,0,0,1,0,8.4
72520,51,male,Rose,5,tertiary,1,0,0.0,1,1,1,0,0,28.6,118,0,0,0,0,0,0,0,8.1
22813,49,male,Doll,5,secondary,1,0,0.0,0,1,0,0,0,25.0,110,0,0,0,0,0,0,0,6.9
95841,33,female,Hill,1,primary,0,0,0.0,0,0,0,1,0,23.4,110,0,0,1,0,0,0,1,4.1
57714,67,male,Hill,4,secondary,1,0,0.0,0,0,0,0,0,27.1,114,0,0,0,0,1,0,1,6.5
96898,31,female,Hill,1,primary,0,1,2.5,1,0,1,0,0,28.7,118,0,0,0,0,0,1,0,8.5
48809,29,female,Nightingale,3,tertiary,0,0,0.0,1,1,1,1,0,27.9,112,0,0,0,0,0,1,0,8.2
21600,65,male,Rose,3,secondary,1,1,19.6,0,1,1,0,0,29.9,135,0,0,0,0,1,0,0,6.9
54364,57,male,Snow,1,secondary,0,0,0.0,1,1,1,0,1,24.0,117,0,0,0,0,0,0,0,5.9
75766,46,female,Doll,4,secondary,1,1,5.1,0,0,1,1,0,30.3,130,0,0,0,0,0,0,0,7.0
61525,63,male,Rose,4,secondary,1,0,0.0,0,0,0,0,1,27.6,123,0,0,0,0,0,0,1,8.9
72169,44,female,Rose,4,tertiary,1,0,0.0,0,0,0,0,0,27.2,110,0,0,0,0,1,0,0,4.7
73683,37,male,Snow,4,tertiary,1,0,0.0,0,0,1,1,0,21.0,110,0,0,0,0,0,1,0,4.1
32423,78,male,Doll,4,tertiary,0,0,0.0,0,0,0,0,0,37.5,124,0,0,0,0,0,1,0,6.3
41680,71,female,Hill,3,secondary,1,1,13.6,0,0,0,0,0,25.5,131,1,0,0,0,0,0,0,5.9
85285,26,male,Hill,1,secondary,1,0,0.0,1,1,1,0,1,36.2,97,0,1,1,0,0,0,1,9.5
59810,18,female,Hill,2,secondary,1,0,0.0,0,1,0,1,0,28.6,105,0,0,0,0,0,0,0,4.2
11803,72,male,Nightingale,4,secondary,1,0,0.0,1,0,0,0,0,23.3,126,0,0,0,0,1,0,1,7.9
76538,63,male,Nightingale,4,secondary,1,0,0.0,0,0,0,0,0,26.3,119,0,0,0,0,0,0,0,8.9
99474,48,male,Doll,4,tertiary,1,0,0.0,0,0,1,1,0,25.5,124,0,0,0,0,1,0,1,7.6
92729,62,male,Nightingale,3,secondary,1,0,0.0,1,1,0,0,0,38.0,115,0,0,0,0,0,0,0,8.8
14832,60,female,Nightingale,1,secondary,1,0,0.0,0,1,1,0,0,28.0,118,1,0,0,0,0,0,0,5.8
39988,77,male,Nightingale,3,tertiary,0,0,0.0,0,0,0,0,0,25.2,128,0,0,0,0,0,0,0,6.7
77539,49,male,Nightingale,2,tertiary,0,1,13.0,1,0,0,0,0,32.2,125,0,0,0,0,0,0,0,5.8
56416,70,male,Snow,3,secondary,0,0,0.0,1,0,0,0,0,29.2,131,0,0,0,0,1,0,0,5.3
42183,71,female,Doll,2,secondary,1,0,0.0,0,1,1,0,1,29.5,121,0,0,0,0,0,0,0,8.1
60219,26,male,Snow,1,primary,1,1,3.6,0,0,1,1,0,27.1,120,0,0,1,0,0,0,0,9.5
46925,75,female,Doll,5,secondary,0,0,0.0,0,0,0,0,0,25.2,122,0,0,0,0,0,0,0,6.6
37220,53,male,Doll,5,tertiary,0,0,0.0,0,0,0,0,0,22.6,104,0,0,0,0,0,0,0,7.0
79012,65,male,Doll,4,secondary,1,0,0.0,0,0,1,0,0,27.1,109,0,0,0,0,0,1,0,7.4
94883,79,female,Hill,3,tertiary,1,0,0.0,0,1,0,0,1,27.6,128,0,0,0,0,0,0,0,7.9
46219,57,male,Snow,4,secondary,1,0,0.0,0,0,0,0,0,26.8,105,0,0,0,0,0,0,0,4.5
70061,47,female,Nightingale,2,secondary,0,0,0.0,0,1,0,1,0,29.1,112,0,0,1,0,0,0,0,7.5
36218,54,female,Hill,3,secondary,1,0,0.0,0,0,0,0,1,26.2,101,0,0,0,0,0,0,0,7.3
32214,50,female,Snow,4,tertiary,0,1,14.4,0,0,1,1,0,28.2,116,0,0,0,0,0,0,0,4.0
47599,38,female,Hill,4,secondary,0,0,0.0,0,1,0,1,0,26.4,101,0,0,0,0,0,0,0,5.5
58938,54,female,Rose,4,secondary,1,0,0.0,0,0,1,0,0,25.2,121,0,0,0,0,0,0,0,9.7
20700,67,female,Nightingale,1,primary,1,0,0.0,0,0,1,0,1,26.8,119,0,0,0,0,0,0,0,4.1
73834,21,female,Hill,2,primary,1,1,1.5,0,1,0,0,1,26.1,98,0,0,0,0,0,0,0,9.6
46609,46,male,Rose,5,tertiary,1,0,0.0,1,1,0,0,0,28.4,112,0,0,0,0,1,1,1,9.9
94654,18,female,Rose,2,primary,1,0,0.0,1,1,1,0,0,27.8,99,0,0,0,0,0,0,0,5.7
78099,32,male,Rose,5,secondary,1,0,0.0,1,0,0,1,0,21.7,110,0,0,0,0,0,0,0,4.2
61289,21,female,Rose,3,secondary,1,0,0.0,1,0,0,1,1,24.6,113,0,0,1,0,0,0,1,7.4
24324,21,female,Nightingale,4,tertiary,0,0,0.0,0,0,0,1,0,29.7,104,0,0,0,0,0,0,0,4.4
51718,53,male,Hill,3,secondary,1,0,0.0,1,0,0,0,0,23.9,119,0,0,0,0,0,0,1,4.3
46206,61,female,Snow,1,secondary,0,1,22.1,0,0,0,0,0,29.2,110,0,0,0,0,0,0,0,5.3
12064,18,female,Hill,3,secondary,0,0,0.0,0,1,0,0,0,26.4,91,0,0,0,0,0,0,0,7.9
64002,59,male,Nightingale,4,secondary,1,1,8.3,1,1,0,0,0,23.7,121,0,1,0,0,0,0,1,6.3
82100,68,female,Rose,5,secondary,1,0,0.0,0,1,1,0,0,28.5,119,0,0,0,0,0,0,0,8.4
30007,57,female,Nightingale,2,secondary,0,0,0.0,0,1,0,0,0,28.6,111,0,0,1,0,0,0,1,6.2
64619,26,female,Hill,2,tertiary,1,1,1.8,0,1,1,0,0,27.2,106,0,0,0,0,0,0,0,8.1
28145,54,female,Nightingale,3,secondary,1,1,13.9,0,1,1,0,1,34.9,116,0,0,0,0,0,0,0,7.9
63641,74,male,Nightingale,3,secondary,1,0,0.0,0,0,1,0,0,26.5,131,0,0,0,0,0,1,0,7.5
88471,63,female,Nightingale,2,secondary,1,1,19.1,1,1,0,0,1,26.1,128,0,1,0,0,0,0,1,5.4
32621,51,male,Nightingale,2,secondary,1,0,0.0,0,0,0,0,0,24.0,99,1,0,0,0,0,0,0,6.6
70056,76,male,Hill,5,secondary,1,0,0.0,1,1,1,0,0,27.4,131,0,0,0,0,0,0,0,6.4
53691,68,female,Hill,5,secondary,1,0,0.0,1,0,0,0,0,23.2,111,0,0,1,0,0,0,1,8.3
14185,60,female,Nightingale,2,secondary,0,0,0.0,1,0,0,0,0,26.3,122,0,0,0,0,0,1,0,5.3
54516,27,female,Rose,4,secondary,0,0,0.0,0,0,0,1,0,18.6,111,0,0,0,0,0,0,0,5.8
39225,54,female,Snow,1,primary,0,1,17.5,0,1,1,0,1,34.3,130,0,0,0,0,0,0,0,5.2
87739,50,female,Doll,3,secondary,0,0,0.0,1,0,1,0,0,28.7,110,0,0,0,0,1,1,1,9.1
69973,54,female,Rose,5,tertiary,1,0,0.0,0,1,0,0,0,30.4,128,1,0,0,0,0,0,0,7.9
82837,33,male,Hill,5,tertiary,1,0,0.0,0,0,0,0,0,19.6,90,0,0,0,0,0,1,1,10.0
96005,71,female,Hill,4,tertiary,1,0,0.0,0,0,0,0,0,30.1,124,0,0,0,0,1,0,1,6.3
35944,45,female,Snow,3,secondary,0,0,0.0,1,0,0,0,0,27.6,114,0,0,0,0,0,0,0,7.1
75719,76,male,Hill,4,secondary,1,0,0.0,1,0,0,0,1,26.6,127,1,0,0,0,0,0,0,9.6
70617,26,male,Nightingale,1,secondary,0,1,2.5,1,1,0,0,0,29.7,106,0,0,0,0,0,0,0,9.8
14229,78,male,Nightingale,1,secondary,0,0,0.0,0,0,1,0,0,30.5,134,1,0,0,0,1,0,1,9.3
20787,57,female,Rose,3,secondary,0,0,0.0,1,0,0,0,0,32.8,116,0,0,0,0,0,0,0,7.3
54494,56,female,Nightingale,3,secondary,1,0,0.0,1,0,1,0,0,30.0,134,0,0,0,0,0,0,0,9.7
56301,39,female,Hill,5,secondary,1,0,0.0,1,0,0,0,1,24.0,128,0,1,0,0,0,0,0,5.9
97271,54,male,Hill,2,secondary,0,0,0.0,1,0,1,0,0,23.1,104,0,0,1,0,0,0,0,4.2
52837,55,male,Rose,3,secondary,1,0,0.0,1,0,0,1,0,27.6,123,1,1,0,1,0,0,1,7.4
72697,22,male,Doll,5,tertiary,1,0,0.0,0,1,0,0,0,22.7,113,0,0,0,0,0,0,1,7.5
16746,60,female,Doll,5,tertiary,0,0,0.0,0,0,0,0,0,25.4,106,0,0,0,0,0,0,0,8.2
55165,41,female,Doll,3,secondary,1,0,0.0,1,1,1,0,0,31.1,103,0,0,0,0,0,0,0,6.5
60328,33,female,Snow,1,secondary,0,1,3.9,1,0,0,1,0,31.7,117,0,0,0,0,0,1,0,8.8
99606,76,female,Nightingale,4,primary,0,0,0.0,1,1,1,0,0,25.8,136,0,0,0,0,0,0,1,8.0
64095,56,female,Doll,3,secondary,0,1,18.4,1,0,1,0,0,31.4,133,0,0,1,0,0,0,0,7.3
74160,23,male,Snow,3,primary,1,0,0.0,0,0,0,0,1,27.6,106,1,0,0,0,0,1,0,6.9
65201,38,male,Rose,2,secondary,1,0,0.0,0,1,1,1,1,29.4,128,0,0,0,0,0,0,0,7.8
71456,72,female,Nightingale,2,secondary,1,1,21.2,0,0,0,0,1,34.0,122,0,0,0,0,0,1,1,6.8
47283,47,female,Hill,2,primary,1,0,0.0,0,0,0,0,1,30.8,116,0,0,1,0,0,0,1,6.2
85573,74,female,Doll,3,secondary,1,0,0.0,0,1,0,0,0,32.3,142,0,0,0,0,0,0,0,8.3
48147,33,female,Nightingale,4,tertiary,1,0,0.0,1,0,0,0,0,26.5,106,0,0,0,0,0,0,1,8.1
67132,33,female,Hill,5,secondary,1,1,7.2,0,1,0,0,0,30.7,117,0,0,0,0,0,0,0,8.2
42226,58,female,Doll,5,tertiary,0,0,0.0,0,0,0,0,0,27.4,139,0,0,0,0,0,0,0,9.0
28826,74,male,Nightingale,2,primary,0,1,27.8,0,1,0,0,0,30.5,139,0,0,0,0,1,0,1,9.6
40928,28,female,Hill,2,primary,0,0,0.0,0,0,1,0,1,25.5,101,1,0,0,0,0,0,0,8.7
82514,60,female,Hill,3,primary,1,0,0.0,1,1,0,0,0,32.4,111,0,0,0,0,0,0,1,6.1
34584,28,male,Hill,1,secondary,0,0,0.0,0,1,1,0,1,28.1,104,0,0,0,0,0,0,0,7.0
87013,19,male,Nightingale,5,tertiary,1,0,0.0,0,0,0,1,0,25.9,104,0,0,0,0,0,1,1,7.2
21768,36,male,Rose,4,secondary,1,0,0.0,1,0,1,0,0,27.7,104,0,0,0,0,0,0,0,9.0
82961,19,female,Hill,2,secondary,0,0,0.0,0,0,1,0,0,34.9,104,0,0,0,0,0,0,0,7.6
49482,34,female,Snow,1,primary,1,0,0.0,1,0,0,0,0,29.2,103,0,0,0,0,0,0,1,10.0
64323,62,male,Doll,3,primary,1,0,0.0,1,0,0,0,1,30.5,126,0,1,0,0,0,0,1,7.1
47907,68,female,Nightingale,3,primary,1,0,0.0,0,0,0,0,0,19.8,128,0,0,0,0,0,0,0,6.6
69720,60,female,Rose,2,secondary,1,0,0.0,1,0,0,0,0,26.9,117,0,0,0,0,0,0,0,5.3
88266,72,female,Rose,5,tertiary,1,0,0.0,0,0,1,0,0,28.2,134,0,0,0,0,0,1,1,7.9
79046,44,male,Rose,3,secondary,0,0,0.0,0,0,1,0,0,31.9,123,1,0,0,0,0,0,0,4.4
82506,41,male,Nightingale,1,secondary,0,0,0.0,1,0,0,0,1,25.4,122,0,1,0,0,0,0,1,5.9
84181,32,female,Rose,4,secondary,1,0,0.0,0,0,0,0,0,23.2,104,0,0,0,0,0,0,0,8.1
78249,53,male,Hill,4,secondary,0,1,7.8,0,0,0,0,1,26.4,114,1,0,0,0,0,0,1,9.4
69404,19,female,Nightingale,4,tertiary,1,0,0.0,0,1,0,0,0,21.9,93,0,0,0,0,0,0,1,6.2
94079,40,female,Doll,3,tertiary,1,0,0.0,0,0,1,0,1,26.0,124,1,0,1,0,0,0,0,7.1
64267,48,female,Hill,5,secondary,1,1,13.0,0,1,1,0,0,25.7,125,0,0,0,0,0,0,1,4.9
83163,36,female,Doll,3,tertiary,1,1,6.1,0,0,0,0,1,24.0,107,0,0,0,0,0,0,0,4.1
92111,59,male,Nightingale,4,secondary,0,0,0.0,0,0,1,0,1,23.4,106,0,0,0,0,0,1,0,6.5
52073,36,female,Hill,5,tertiary,1,0,0.0,1,1,1,1,0,34.0,124,0,0,0,0,0,0,0,7.2
54634,37,female,Rose,5,tertiary,1,0,0.0,0,0,0,0,0,31.0,99,0,0,0,0,0,0,0,5.2
41896,18,male,Rose,4,secondary,1,0,0.0,0,0,0,1,0,25.6,94,0,0,0,0,0,1,0,7.8
80018,54,male,Rose,4,tertiary,1,0,0.0,0,1,0,0,0,22.5,103,0,0,0,0,0,0,0,8.6
29718,76,male,Doll,4,secondary,1,0,0.0,1,0,0,0,1,25.2,124,0,0,0,0,0,0,0,4.7
24925,77,female,Hill,3,secondary,1,0,0.0,0,0,0,0,0,22.7,126,0,0,0,0,0,0,1,4.4
53214,32,male,Rose,5,secondary,0,0,0.0,0,0,0,0,0,25.7,103,0,0,0,0,0,0,0,10.0
68284,72,male,Snow,2,primary,1,1,22.1,0,0,0,0,1,27.8,132,0,0,0,0,0,0,0,8.1
89631,42,male,Snow,2,tertiary,0,0,0.0,0,1,1,0,0,29.5,124,0,0,0,0,0,0,0,5.7
41640,64,female,Hill,4,secondary,0,0,0.0,0,1,0,0,1,21.8,140,0,0,1,0,1,0,1,6.3
93283,32,female,Rose,3,primary,1,0,0.0,1,1,1,0,1,26.1,110,0,0,1,0,0,0,1,8.1
23359,43,female,Snow,4,tertiary,0,0,0.0,1,0,0,1,0,25.7,130,1,0,0,0,0,0,0,9.4
52844,73,male,Rose,2,secondary,1,0,0.0,0,1,1,0,0,35.3,120,1,0,0,0,0,0,1,7.6
98909,67,female,Hill,4,tertiary,1,0,0.0,1,1,0,1,0,29.3,124,0,1,0,0,0,0,1,9.0
51359,51,male,Hill,2,secondary,0,1,12.7,1,0,1,0,0,27.9,123,0,0,1,0,0,0,1,6.6
64762,36,male,Rose,5,secondary,1,0,0.0,0,0,1,1,0,21.4,109,0,0,0,0,0,0,1,8.3
32216,32,male,Nightingale,4,secondary,1,1,4.9,0,0,1,1,0,24.6,119,0,0,1,0,0,0,1,4.4
93497,57,female,Nightingale,3,tertiary,1,0,0.0,0,0,0,1,0,31.4,128,0,0,0,0,0,0,0,9.0
90231,72,male,Doll,4,secondary,0,0,0.0,0,0,1,0,0,31.5,145,0,0,0,0,0,0,0,9.3
62325,41,female,Snow,2,primary,0,0,0.0,0,1,0,0,0,31.1,126,0,1,0,0,0,0,0,6.4
54124,39,female,Snow,1,tertiary,1,0,0.0,0,0,1,0,0,31.6,129,0,0,0,0,0,0,0,4.5
12486,40,male,Hill,5,primary,1,0,0.0,0,0,0,0,0,18.4,103,1,0,0,1,0,1,1,8.8
76739,43,female,Snow,4,secondary,1,0,0.0,0,0,0,0,1,25.1,112,0,0,0,0,0,0,0,8.1
53787,39,female,Nightingale,4,tertiary,1,1,5.6,0,0,0,0,0,27.8,104,0,0,0,0,0,0,1,4.9
41561,29,male,Hill,4,tertiary,1,0,0.0,0,1,0,0,0,30.1,125,0,0,0,0,0,1,0,7.6
43249,75,male,Hill,2,secondary,0,0,0.0,1,1,1,0,1,31.3,123,0,0,0,0,0,0,0,8.4
14197,59,female,Rose,2,secondary,1,0,0.0,1,1,1,0,0,26.5,99,0,0,0,0,1,0,0,6.6
57703,46,male,Nightingale,3,secondary,0,0,0.0,0,1,0,0,0,34.1,103,0,0,0,0,0,0,0,5.5
30032,69,male,Hill,4,secondary,0,0,0.0,1,0,1,0,1,25.8,135,0,1,0,0,1,0,1,7.6
44576,76,female,Hill,3,secondary,1,0,0.0,0,1,0,0,1,29.2,134,0,0,0,0,0,0,0,8.7
32476,65,female,Nightingale,5,tertiary,1,0,0.0,0,0,0,0,0,23.3,126,0,0,0,0,0,0,0,7.1
60713,36,female,Hill,1,secondary,0,0,0.0,1,0,0,0,0,26.0,123,0,0,0,0,0,1,0,7.1
98116,65,male,Doll,3,secondary,1,0,0.0,1,0,1,0,0,29.4,130,1,0,0,0,0,1,0,6.4
55422,65,female,Nightingale,4,primary,0,0,0.0,1,0,0,0,0,31.9,114,0,0,0,0,0,0,0,9.2
49818,65,male,Rose,4,secondary,1,0,0.0,0,1,1,0,0,27.2,131,0,0,0,0,0,0,0,7.3
94849,74,female,Rose,5,tertiary,1,0,0.0,0,0,1,0,1,33.4,131,0,1,1,0,1,0,1,5.7
61052,57,male,Hill,4,secondary,0,1,13.3,0,0,0,0,0,22.0,102,0,0,0,0,0,0,0,6.7
15182,56,male,Hill,4,primary,1,1,7.3,1,1,1,0,0,26.5,132,0,0,0,0,0,0,0,5.0
19180,26,male,Hill,2,tertiary,0,1,2.6,0,0,0,1,0,29.1,116,0,0,0,0,0,0,0,5.8
15420,32,female,Hill,3,primary,0,0,0.0,0,0,1,0,0,29.7,113,0,0,0,0,0,1,0,6.2
68379,70,female,Rose,2,primary,0,0,0.0,0,1,0,1,0,27.5,133,0,1,0,0,0,1,1,5.7
82239,47,female,Hill,2,primary,0,1,12.9,1,0,0,0,0,24.3,119,1,0,0,0,0,0,0,6.3
63486,59,female,Doll,5,secondary,1,0,0.0,0,0,1,0,0,34.5,115,0,0,0,0,0,0,1,7.1
93340,23,male,Hill,4,tertiary,1,0,0.0,0,0,1,1,0,26.4,115,0,0,0,0,0,0,0,7.3
18315,28,male,Hill,5,tertiary,1,0,0.0,1,1,0,0,0,30.4,105,0,0,0,0,0,0,0,4.3
18330,24,female,Doll,4,tertiary,0,0,0.0,1,0,1,1,0,21.7,123,0,0,0,0,0,0,0,4.5
22179,38,female,Snow,3,secondary,0,0,0.0,0,1,0,0,0,29.0,101,0,0,0,0,0,0,0,7.7
89583,26,male,Snow,3,secondary,1,0,0.0,1,0,1,0,0,23.9,101,1,0,1,0,0,1,1,5.0
35473,44,female,Snow,1,primary,0,1,6.4,1,0,1,0,1,28.1,107,0,0,0,0,0,0,0,5.2
20037,33,male,Rose,4,primary,0,0,0.0,0,0,0,0,0,26.7,104,0,0,0,0,0,0,0,5.6
57211,33,male,Snow,4,secondary,1,1,4.6,0,1,0,1,0,27.0,114,0,0,0,0,0,0,0,6.5
44896,43,female,Rose,4,tertiary,1,0,0.0,0,0,1,0,0,27.3,112,0,0,0,0,0,0,0,9.9
26191,60,male,Hill,4,tertiary,1,0,0.0,1,0,0,0,0,27.7,133,0,0,0,0,0,0,0,8.0
54492,69,female,Hill,3,primary,1,1,12.9,1,0,0,0,0,24.4,131,1,0,0,1,0,0,1,4.4
55074,71,male,Snow,1,primary,0,0,0.0,0,0,0,0,1,24.2,118,0,0,1,0,0,0,0,9.3
57359,23,male,Rose,5,secondary,1,0,0.0,0,1,0,1,0,24.1,95,0,0,0,0,0,0,0,9.8
80096,36,male,Rose,5,tertiary,1,0,0.0,0,0,0,0,0,29.8,116,0,0,0,0,0,1,0,9.8
33205,61,male,Doll,3,secondary,1,0,0.0,0,0,1,0,0,26.2,122,0,0,0,0,0,0,0,5.7
99681,63,male,Rose,3,secondary,0,0,0.0,0,0,1,0,0,31.6,135,0,0,0,0,0,0,0,4.9
68721,33,male,Doll,2,secondary,1,1,7.1,0,1,0,1,0,26.7,117,0,0,0,0,0,1,0,4.0
46469,22,male,Doll,4,tertiary,0,0,0.0,0,0,1,1,0,26.4,107,0,0,0,0,0,0,0,6.5
53512,49,male,Rose,5,secondary,0,1,7.0,1,1,0,0,0,28.9,112,0,0,0,0,0,0,0,5.3
50258,38,female,Doll,4,secondary,1,0,0.0,1,0,0,1,0,28.0,111,0,0,0,0,0,1,1,4.4
18040,21,female,Nightingale,4,secondary,1,0,0.0,1,0,1,0,0,29.9,90,0,0,0,0,0,0,0,6.5
85443,70,male,Rose,5,secondary,1,0,0.0,0,0,0,0,1,27.7,123,0,0,0,0,0,1,1,10.0
93438,48,male,Doll,4,secondary,0,0,0.0,0,0,1,0,0,28.0,120,0,0,0,0,0,0,1,5.2
71913,72,female,Rose,3,secondary,0,1,21.4,0,0,1,0,1,26.7,126,0,0,0,0,0,0,0,9.8
46050,18,male,Hill,4,secondary,1,1,0.0,0,0,1,1,0,25.5,129,0,1,1,0,0,1,1,8.2
75680,21,male,Hill,2,primary,1,0,0.0,0,0,0,0,1,27.5,110,0,0,0,0,0,0,1,9.2
16713,76,male,Snow,2,secondary,1,1,19.2,1,0,1,0,0,28.0,128,0,1,0,0,1,0,1,9.0
70700,42,female,Rose,2,secondary,0,0,0.0,1,0,1,0,1,30.1,103,0,0,0,0,0,0,0,4.2
88356,18,female,Hill,2,secondary,0,0,0.0,1,0,0,1,0,23.9,98,0,0,0,0,0,1,1,6.5
85932,77,female,Nightingale,3,secondary,0,0,0.0,0,0,0,0,0,25.5,132,0,0,0,0,0,0,0,8.4
26274,51,female,Hill,2,secondary,1,0,0.0,1,0,1,0,0,33.5,119,0,0,0,0,0,0,0,6.2
87934,20,male,Nightingale,4,tertiary,1,1,0.4,1,0,0,0,0,24.8,98,1,0,0,0,0,0,1,6.7
44158,19,female,Nightingale,3,tertiary,1,0,0.0,0,1,0,0,0,31.0,107,0,0,0,0,0,0,0,6.4
94648,65,female,Doll,3,secondary,0,0,0.0,0,1,1,0,1,34.7,131,0,0,0,0,1,0,1,4.5
53266,37,female,Doll,5,secondary,1,0,0.0,0,0,1,1,0,26.9,118,0,0,1,0,0,0,1,9.8
12737,47,female,Doll,5,secondary,1,0,0.0,1,0,0,0,1,28.0,116,0,0,0,0,0,0,0,7.8
56360,22,female,Snow,3,secondary,0,1,1.1,0,1,1,0,0,27.3,90,0,0,0,0,0,0,0,7.0
51286,35,female,Hill,1,secondary,0,0,0.0,1,0,0,0,0,32.6,121,0,0,0,0,0,0,0,4.6
69832,23,male,Rose,5,tertiary,0,0,0.0,0,0,0,1,0,21.1,115,0,0,0,0,0,0,0,8.1
85481,24,male,Hill,4,secondary,1,0,0.0,1,0,0,1,0,26.3,98,0,0,0,0,0,1,0,7.4
62570,30,female,Doll,3,secondary,1,0,0.0,0,0,1,0,0,31.6,103,0,0,0,0,0,0,0,5.1
56637,61,female,Nightingale,4,secondary,1,1,9.4,1,0,1,0,0,25.3,127,0,0,0,0,0,0,1,7.2
56783,42,male,Nightingale,3,secondary,0,1,4.7,0,1,0,0,0,29.0,120,0,0,0,0,0,1,0,9.1
77009,21,male,Doll,5,secondary,1,0,0.0,0,1,0,0,0,28.8,99,0,0,0,0,0,0,0,6.3
14003,40,male,Nightingale,2,secondary,1,0,0.0,1,0,1,1,0,36.5,115,0,0,0,0,0,1,0,5.1
25926,65,female,Rose,5,secondary,0,0,0.0,1,0,0,0,0,26.2,120,0,0,0,0,0,0,0,8.7
28789,47,male,Snow,2,secondary,1,0,0.0,0,0,1,1,0,30.0,122,0,0,0,0,0,0,0,7.9
52006,74,male,Doll,5,tertiary,1,0,0.0,1,1,0,0,0,26.1,143,0,0,0,0,1,0,0,9.0
24688,62,female,Rose,5,secondary,1,0,0.0,0,1,0,0,0,25.4,121,0,0,0,0,0,0,0,5.4
64206,25,female,Snow,1,secondary,1,0,0.0,0,1,0,1,0,29.1,104,0,0,0,0,0,0,0,9.0
77648,66,female,Doll,3,secondary,1,0,0.0,0,1,0,0,1,35.0,140,0,1,0,0,0,0,1,7.7
82159,49,female,Nightingale,3,secondary,1,0,0.0,1,0,0,0,0,31.7,126,0,0,0,0,0,0,1,7.8
79489,73,male,Doll,5,tertiary,1,0,0.0,0,0,0,1,0,24.1,134,0,0,0,0,0,0,1,9.8
17156,62,male,Snow,2,secondary,0,0,0.0,0,1,1,0,1,29.1,117,0,0,0,1,1,0,0,6.4
54935,70,female,Doll,2,secondary,0,1,23.2,1,0,1,0,0,28.8,135,0,0,0,0,0,0,0,4.6
75452,63,male,Rose,3,secondary,1,0,0.0,0,0,1,0,1,26.8,125,0,0,0,0,0,0,0,9.7
12488,24,female,Snow,4,secondary,1,0,0.0,0,0,0,1,1,26.5,100,0,0,0,0,0,1,0,5.4
85135,60,female,Rose,5,tertiary,1,0,0.0,0,0,0,1,0,23.2,121,0,0,1,0,0,0,1,7.8
11621,58,female,Nightingale,3,secondary,1,0,0.0,0,1,1,0,0,32.9,125,0,0,0,0,0,0,0,8.2
69574,31,female,Hill,2,secondary,1,1,4.7,1,0,1,0,0,29.4,106,0,0,0,1,0,0,1,7.6
79619,70,male,Doll,5,primary,0,0,0.0,0,1,1,0,1,29.1,140,0,0,0,0,1,0,1,7.2
82387,32,male,Rose,5,tertiary,0,0,0.0,0,1,1,0,0,33.3,136,0,0,0,0,0,0,0,8.5
61724,34,female,Nightingale,3,secondary,0,0,0.0,0,0,0,0,0,29.7,123,0,0,0,0,0,0,0,9.7
35952,56,male,Snow,3,secondary,0,1,15.1,0,0,1,1,0,30.0,126,0,0,0,0,0,0,0,9.5
52360,32,female,Hill,2,primary,0,0,0.0,0,0,0,0,1,34.6,119,0,0,0,0,0,0,0,9.7
53551,71,female,Rose,2,secondary,0,1,18.8,0,0,1,0,1,28.4,140,0,0,0,0,1,0,0,9.5
74976,45,female,Rose,5,secondary,1,0,0.0,0,0,1,1,0,28.8,113,0,1,0,0,0,0,1,8.0
30048,61,female,Rose,2,secondary,1,0,0.0,1,1,0,0,0,25.4,117,0,1,0,0,1,0,1,9.4
90691,63,female,Hill,3,secondary,1,0,0.0,1,1,0,0,0,30.8,135,0,0,0,0,0,0,0,5.2
15968,52,male,Nightingale,4,tertiary,1,0,0.0,0,0,1,1,0,30.4,132,0,0,0,0,0,0,0,9.1
32342,32,male,Snow,2,primary,0,1,6.7,0,1,1,0,0,27.1,112,0,1,0,0,0,0,0,8.6
57857,31,female,Nightingale,4,secondary,0,1,2.6,0,0,0,0,0,26.5,94,0,0,0,0,0,0,0,6.7
65172,73,male,Hill,4,tertiary,1,0,0.0,0,0,1,0,0,29.3,147,0,0,0,0,0,0,0,7.7
57882,23,male,Snow,2,secondary,1,0,0.0,1,0,1,0,0,29.3,108,0,0,1,0,0,0,1,9.6
18661,67,male,Rose,4,secondary,1,0,0.0,1,0,1,0,0,27.0,126,0,0,0,0,1,1,1,9.8
80553,51,female,Nightingale,4,tertiary,1,0,0.0,0,0,0,0,0,24.2,113,0,0,0,0,0,0,1,5.0
29667,62,male,Rose,5,tertiary,1,0,0.0,1,0,0,1,1,26.1,103,0,0,1,0,0,0,0,5.7
20392,33,female,Nightingale,3,tertiary,0,0,0.0,0,1,0,1,1,25.3,114,0,0,0,0,0,0,0,6.8
93631,54,female,Doll,5,secondary,1,0,0.0,1,1,0,0,0,27.7,121,0,0,0,0,1,0,1,5.7
71550,18,male,Doll,3,secondary,0,0,0.0,0,0,0,0,0,24.4,110,0,0,1,0,0,0,1,8.7
71606,30,male,Rose,3,secondary,1,0,0.0,0,0,1,1,0,26.8,104,0,0,0,0,0,0,0,4.5
89693,23,female,Doll,5,secondary,1,0,0.0,0,1,0,0,0,25.2,113,0,0,0,0,0,0,1,8.8
36132,74,male,Rose,4,tertiary,1,0,0.0,1,1,0,0,0,29.6,121,1,0,0,0,0,0,0,6.3
67093,28,male,Hill,2,primary,1,0,0.0,1,0,0,0,0,21.9,108,0,0,0,0,0,0,0,8.5
87967,31,female,Snow,2,primary,0,0,0.0,0,0,1,0,1,26.4,125,0,0,0,0,0,0,0,4.8
33927,26,female,Nightingale,5,secondary,1,0,0.0,0,0,0,0,0,21.0,99,0,0,0,0,0,0,1,9.3
53314,54,female,Doll,3,secondary,1,0,0.0,1,0,1,0,0,31.1,119,0,0,0,0,0,0,0,5.5
83801,62,female,Hill,1,secondary,1,1,8.9,0,0,1,0,0,23.7,125,0,0,0,0,0,0,0,7.9
81061,50,male,Nightingale,4,secondary,0,0,0.0,1,0,0,1,0,26.4,126,0,0,0,0,0,0,0,4.4
74985,51,male,Doll,2,primary,0,0,0.0,0,1,0,0,0,29.7,129,0,0,0,0,0,0,0,4.2
71620,45,male,Rose,3,tertiary,0,0,0.0,0,1,0,0,0,25.2,117,0,0,0,0,0,0,0,7.8
60263,45,male,Rose,4,tertiary,1,0,0.0,0,0,1,0,0,28.4,112,1,0,0,0,0,0,1,9.9
88698,65,male,Hill,2,tertiary,0,0,0.0,1,0,1,0,0,31.6,145,0,0,0,0,0,0,0,7.6
47102,20,male,Snow,2,primary,0,0,0.0,0,0,1,1,0,31.3,120,0,0,1,0,0,0,1,6.1
47894,18,female,Snow,1,primary,0,1,0.0,1,0,0,1,0,24.9,99,0,0,0,0,0,1,1,5.7
74886,59,male,Snow,1,secondary,0,0,0.0,1,0,0,0,0,28.1,114,0,0,0,0,0,0,0,7.5
25686,35,female,Hill,4,tertiary,1,0,0.0,1,0,0,0,0,20.1,101,0,0,0,0,0,0,0,4.7
52535,30,male,Hill,4,tertiary,1,0,0.0,0,1,1,0,1,30.4,107,0,0,1,0,0,0,1,5.1
84911,32,male,Rose,4,tertiary,1,0,0.0,1,0,1,0,1,22.7,104,0,0,0,0,0,0,1,6.1
68535,79,female,Nightingale,3,secondary,1,0,0.0,0,0,1,0,0,26.2,122,0,0,0,0,1,0,1,8.0
15608,26,male,Nightingale,3,secondary,0,0,0.0,0,0,0,0,0,27.9,118,1,0,0,0,0,0,0,8.4
27279,33,male,Rose,5,secondary,1,1,5.1,0,0,0,1,0,20.1,110,0,0,0,0,0,0,1,7.6
76748,39,female,Nightingale,2,secondary,1,0,0.0,0,1,0,0,0,29.1,113,0,0,0,0,0,0,0,7.3
33742,43,female,Hill,4,secondary,1,0,0.0,1,0,0,1,0,21.9,113,0,0,0,0,0,0,0,5.6
90317,26,male,Snow,4,tertiary,1,0,0.0,0,1,0,0,0,30.4,116,0,0,0,0,0,0,0,6.1
65147,58,female,Hill,5,tertiary,1,0,0.0,1,1,1,0,0,26.9,117,1,0,1,0,0,0,1,6.5
27183,51,male,Doll,3,primary,1,0,0.0,1,1,0,0,1,32.2,135,0,0,0,0,0,0,0,6.9
74326,55,female,Doll,3,secondary,0,0,0.0,0,0,1,0,0,23.1,117,0,0,0,0,0,0,0,4.3
54312,28,female,Nightingale,4,secondary,0,0,0.0,0,0,0,1,0,25.4,105,0,0,0,0,0,0,0,6.7
97209,77,female,Snow,1,primary,0,1,14.9,1,1,1,0,0,29.4,134,0,1,0,0,0,0,0,8.2
62041,31,female,Snow,4,primary,0,0,0.0,1,0,0,0,0,23.3,108,0,0,0,0,0,1,0,9.4
63665,52,female,Doll,3,tertiary,0,0,0.0,0,1,0,1,0,33.2,122,1,0,0,0,0,0,0,8.8
42380,30,female,Rose,2,primary,0,0,0.0,0,0,1,0,1,30.9,119,0,0,0,0,0,0,0,7.2
43491,39,female,Rose,4,secondary,1,1,8.1,0,0,1,0,0,27.5,99,0,0,0,0,0,0,0,7.4
70339,72,male,Rose,2,secondary,0,1,20.5,0,1,1,0,1,34.2,128,0,0,0,0,0,0,0,5.3
31101,34,male,Snow,1,primary,0,0,0.0,1,1,0,1,1,34.4,103,0,0,0,0,0,0,0,6.1
72887,70,male,Doll,4,tertiary,1,0,0.0,0,0,0,0,0,23.8,114,0,0,0,0,0,0,1,9.9
70906,32,male,Doll,5,tertiary,1,0,0.0,1,1,1,0,0,25.4,114,0,0,0,0,0,0,0,5.5
36090,42,male,Snow,1,secondary,0,0,0.0,0,1,0,0,1,26.4,111,0,0,0,0,0,0,0,5.1
18751,71,male,Hill,5,secondary,1,1,17.6,0,0,0,0,1,30.2,132,0,0,0,0,0,0,0,5.9
80973,73,female,Snow,2,secondary,0,1,20.5,0,1,0,0,0,31.2,132,1,0,1,0,0,0,0,7.2
71820,27,female,Rose,4,tertiary,1,0,0.0,0,0,1,0,0,27.7,102,0,0,0,0,0,0,0,4.6
19888,64,male,Rose,3,secondary,0,0,0.0,0,1,0,0,0,35.1,130,0,1,0,0,0,0,1,8.3
34835,66,female,Doll,5,secondary,0,0,0.0,0,1,0,0,1,22.5,123,0,0,0,0,0,0,0,7.6
29453,37,male,Hill,3,secondary,1,0,0.0,0,0,1,1,0,32.1,114,0,0,0,0,0,0,0,6.7
55663,36,male,Hill,4,secondary,1,0,0.0,1,0,1,0,1,26.0,124,0,0,0,0,0,0,0,9.9
58526,52,female,Snow,2,secondary,0,0,0.0,0,1,0,0,0,31.1,110,1,0,0,0,0,0,0,6.7
73719,73,male,Snow,4,secondary,1,0,0.0,0,0,1,0,0,27.4,126,1,0,0,0,0,0,1,7.6
46339,57,male,Snow,4,tertiary,1,0,0.0,0,0,0,0,0,26.1,125,0,0,0,0,0,0,0,4.5
95614,64,female,Snow,4,secondary,1,0,0.0,0,1,0,0,0,25.7,133,0,0,1,0,0,0,1,4.2
80629,39,female,Nightingale,2,tertiary,1,0,0.0,1,1,0,0,0,26.2,107,0,0,0,0,0,0,0,5.4
27312,38,male,Hill,5,tertiary,1,0,0.0,1,0,0,0,0,26.0,104,0,1,0,0,0,0,0,8.4
55298,46,male,Rose,2,secondary,1,0,0.0,1,0,0,0,1,26.4,115,0,0,0,0,0,0,0,5.0
89143,45,male,Doll,3,tertiary,1,1,13.6,1,1,1,1,0,29.3,123,0,0,0,0,0,0,0,7.2
74819,36,female,Nightingale,3,secondary,0,0,0.0,1,0,0,1,0,31.0,127,0,0,0,0,0,0,0,5.1
66585,27,female,Snow,4,secondary,1,0,0.0,1,1,0,0,0,24.8,106,0,0,0,0,0,0,0,5.6
78634,47,female,Snow,3,tertiary,1,0,0.0,1,1,1,0,0,34.2,109,0,0,0,0,1,0,1,7.9
64902,41,male,Doll,3,secondary,1,0,0.0,1,0,1,0,0,32.8,108,0,0,1,0,0,0,1,7.0
42222,63,female,Nightingale,2,primary,1,0,0.0,0,0,1,0,1,30.8,123,0,0,1,0,0,1,1,9.4
40784,55,female,Doll,4,secondary,1,0,0.0,0,1,0,0,0,26.8,117,1,0,0,0,0,1,1,4.4
24176,55,female,Rose,5,tertiary,1,0,0.0,1,0,0,0,0,22.2,129,0,0,0,0,0,0,0,4.7
37630,61,male,Hill,4,secondary,1,0,0.0,1,0,1,0,0,30.4,112,0,0,0,0,0,0,0,8.7
41988,58,male,Doll,2,secondary,0,1,19.8,1,0,1,0,0,21.2,117,0,1,0,0,0,0,0,5.3
85366,26,male,Doll,2,secondary,1,0,0.0,0,1,0,1,1,23.4,107,1,0,0,0,0,1,1,6.2
71048,42,male,Rose,5,tertiary,1,1,6.6,0,0,1,1,0,32.3,129,1,1,0,0,0,1,1,7.4
34702,74,female,Doll,5,secondary,1,0,0.0,0,0,0,0,1,26.2,128,0,0,0,0,0,0,1,4.3
33500,34,male,Nightingale,4,tertiary,1,0,0.0,0,0,1,0,1,27.4,117,0,0,0,0,0,0,0,7.6
57966,52,male,Doll,3,secondary,0,0,0.0,0,0,0,0,1,25.4,117,1,0,0,0,0,0,0,5.4
10378,27,male,Snow,4,primary,1,1,2.0,0,0,1,0,0,29.2,100,0,0,0,0,0,0,0,8.8
10748,60,female,Snow,1,secondary,0,0,0.0,0,0,1,0,0,30.7,125,0,1,0,0,0,0,1,5.6
35831,58,male,Rose,4,tertiary,1,1,8.2,0,1,1,0,0,31.9,129,0,0,0,0,0,0,0,9.3
35087,42,female,Nightingale,4,tertiary,0,0,0.0,0,0,1,1,0,29.9,120,0,0,0,0,0,1,0,4.5
45095,39,male,Doll,4,secondary,1,0,0.0,1,1,1,0,1,25.5,123,0,0,1,0,0,0,1,5.2
75022,33,female,Rose,5,secondary,1,0,0.0,0,1,0,0,0,28.2,107,0,0,0,0,0,0,0,8.5
89666,74,male,Rose,5,tertiary,1,0,0.0,1,0,1,0,0,32.1,127,1,0,0,0,0,1,0,8.3
88100,77,female,Nightingale,3,tertiary,1,1,17.8,0,0,0,0,0,30.3,131,0,0,0,0,0,0,0,6.8
54599,56,female,Rose,3,secondary,1,0,0.0,0,0,1,0,0,28.0,130,1,0,0,0,0,0,0,8.1
18964,67,female,Nightingale,3,secondary,1,1,17.2,0,0,1,0,0,28.4,131,0,0,0,0,0,0,1,8.0
38471,43,female,Snow,4,tertiary,1,0,0.0,0,0,1,0,1,27.6,123,0,0,0,0,0,1,0,6.4
42782,23,female,Doll,5,secondary,1,0,0.0,0,0,0,0,0,25.7,91,0,0,0,0,0,1,0,6.4
16801,46,female,Rose,5,secondary,1,0,0.0,0,1,0,1,0,24.9,134,0,0,0,0,0,0,0,5.9
27148,23,male,Hill,2,primary,0,0,0.0,0,0,1,0,1,28.0,110,0,0,0,0,0,0,0,5.8
22619,29,male,Snow,1,primary,0,1,3.7,1,0,1,1,0,26.7,106,0,0,0,0,0,0,0,4.8
47274,71,male,Nightingale,2,primary,0,1,19.6,1,0,1,0,0,22.7,113,1,0,0,0,0,0,0,5.1
10694,58,female,Hill,4,secondary,1,0,0.0,0,1,0,0,0,33.2,119,0,0,0,0,0,0,0,6.4
43961,59,female,Doll,3,secondary,1,0,0.0,0,0,0,1,0,28.1,114,0,0,0,0,0,0,0,4.6
97003,52,female,Hill,2,primary,1,0,0.0,0,1,0,0,0,31.0,120,1,0,0,0,0,0,1,7.2
80105,20,male,Hill,3,tertiary,1,0,0.0,1,0,0,1,0,20.8,102,0,0,0,0,0,1,0,8.3
93219,35,female,Nightingale,4,tertiary,1,0,0.0,1,0,0,1,0,27.7,119,0,0,0,0,0,0,1,4.4
14398,76,male,Hill,1,secondary,0,1,16.0,0,0,0,0,0,29.6,125,0,0,0,0,0,0,0,4.2
97417,45,female,Hill,4,tertiary,1,0,0.0,1,1,0,0,0,27.9,108,0,1,0,0,0,0,1,8.7
98115,69,female,Nightingale,4,primary,0,0,0.0,0,1,0,1,0,31.4,118,0,0,0,0,0,0,0,8.4
76609,57,female,Nightingale,1,secondary,1,1,15.5,0,1,0,0,0,26.0,119,0,0,0,0,0,0,0,4.4
76494,44,male,Snow,3,secondary,0,1,7.7,1,0,0,0,1,27.3,119,0,0,0,0,0,0,0,5.7
84151,71,male,Snow,1,primary,0,0,0.0,1,0,0,0,1,28.2,123,0,0,0,0,0,0,0,4.4
48080,65,male,Doll,5,tertiary,0,1,8.7,0,0,1,0,0,21.7,104,0,0,0,0,0,0,0,6.2
63825,57,female,Rose,5,tertiary,1,1,10.9,0,0,1,0,0,25.8,116,0,0,0,0,0,0,0,8.0
68027,46,female,Nightingale,3,secondary,1,0,0.0,0,1,1,0,1,30.1,114,1,0,0,0,0,0,0,7.8
94242,56,male,Hill,1,secondary,0,1,13.0,0,1,1,0,0,32.7,136,1,1,0,0,0,0,1,8.4
73317,40,male,Rose,3,tertiary,0,0,0.0,0,0,0,0,0,25.0,124,1,0,0,0,0,0,1,7.8
34229,69,female,Hill,5,tertiary,1,0,0.0,0,0,0,0,0,25.1,139,0,0,0,0,0,0,0,4.6
39128,49,female,Doll,3,secondary,1,0,0.0,1,0,1,0,0,32.3,106,0,0,0,0,0,0,1,7.6
96375,42,female,Snow,3,secondary,1,1,6.2,0,1,0,0,0,23.9,125,0,0,0,0,0,0,0,6.7
92642,45,female,Snow,3,primary,0,0,0.0,1,1,0,1,0,27.0,126,0,0,0,0,0,0,0,4.1
54609,38,male,Snow,3,secondary,0,0,0.0,0,0,0,0,0,29.2,109,0,0,0,0,0,0,0,8.8
10411,43,female,Snow,2,tertiary,1,0,0.0,1,0,0,1,0,22.6,115,0,0,0,0,0,1,1,6.9
95668,67,male,Nightingale,2,secondary,0,1,19.4,1,1,1,0,1,31.2,129,0,0,0,0,1,0,1,9.9
64960,37,male,Nightingale,2,secondary,0,0,0.0,1,1,0,0,0,27.4,106,0,0,0,0,0,0,0,7.0
39753,30,male,Snow,3,tertiary,1,1,5.5,1,0,0,1,0,19.4,104,1,0,0,0,0,0,0,8.6
18326,52,male,Hill,5,secondary,1,0,0.0,0,0,0,0,1,27.3,101,0,0,0,0,0,0,0,5.3
29593,49,female,Snow,4,secondary,1,0,0.0,0,0,0,0,0,28.0,135,0,0,0,0,0,1,0,4.1
46806,61,female,Doll,3,secondary,1,0,0.0,0,1,0,0,0,29.6,128,0,0,0,0,1,0,1,9.6
46602,69,male,Hill,5,tertiary,0,0,0.0,1,0,0,0,0,29.9,120,0,0,0,0,0,1,0,4.5
15212,42,male,Snow,3,primary,1,0,0.0,0,0,0,1,0,32.8,118,0,0,0,0,0,0,0,7.6
23179,78,male,Rose,3,tertiary,1,1,13.2,0,0,1,0,0,37.0,130,0,0,0,1,0,0,1,7.3
88452,48,male,Nightingale,3,secondary,1,1,6.6,1,0,1,0,0,25.1,126,0,0,0,0,0,1,1,5.2
70679,18,female,Hill,4,tertiary,1,0,0.0,1,0,0,1,0,21.4,115,0,0,0,0,0,0,0,6.3
78702,29,female,Doll,5,tertiary,0,1,4.7,0,0,0,1,0,27.3,115,0,0,0,0,0,0,0,5.9
54972,65,male,Nightingale,3,secondary,1,0,0.0,1,0,1,0,0,26.4,133,0,0,0,0,0,0,0,8.2
61994,50,male,Hill,3,secondary,1,1,12.4,1,1,0,0,0,24.7,121,0,0,0,0,1,0,0,8.5
21196,30,male,Hill,4,secondary,1,0,0.0,0,0,0,1,0,25.3,118,1,0,0,0,0,0,0,8.9
54006,62,female,Snow,1,primary,0,0,0.0,0,1,1,0,0,29.8,118,0,0,0,0,0,0,0,7.0
48928,40,female,Rose,2,primary,0,1,9.7,0,1,1,0,1,31.0,132,0,0,0,0,0,0,0,6.0
74265,39,male,Rose,5,primary,1,0,0.0,0,1,1,1,0,27.7,128,0,0,1,0,0,0,0,5.5
36167,75,female,Snow,3,secondary,1,0,0.0,0,0,1,0,0,26.2,130,0,0,0,0,0,0,0,6.2
61461,33,male,Rose,4,primary,1,0,0.0,0,0,0,0,0,25.6,96,0,0,0,0,0,1,0,7.9
45825,53,male,Snow,2,secondary,0,0,0.0,1,1,1,1,0,31.3,109,1,0,1,0,0,0,0,6.1
61608,26,female,Snow,1,primary,1,1,3.9,1,0,1,0,1,21.0,117,1,0,0,1,0,0,1,5.7
20837,31,male,Snow,1,primary,0,1,3.5,0,1,0,1,0,23.7,104,0,0,0,0,0,0,0,5.1
30655,51,male,Rose,3,primary,1,1,6.4,0,0,0,0,0,27.4,127,0,0,0,0,0,0,0,5.0
63702,43,male,Doll,3,tertiary,1,0,0.0,0,1,0,0,0,35.7,133,0,0,0,0,0,0,0,9.3
29399,74,female,Hill,3,primary,0,1,19.0,0,0,1,0,0,28.4,114,0,0,0,0,0,0,0,7.8
63883,32,male,Nightingale,4,primary,1,0,0.0,1,0,0,1,1,21.6,119,0,0,0,0,0,0,0,6.3
54728,57,female,Doll,2,tertiary,0,1,17.5,0,1,1,0,0,32.2,119,0,0,0,0,0,0,0,7.4
90240,69,male,Rose,5,tertiary,1,0,0.0,0,0,1,0,0,31.4,132,0,0,0,0,0,0,0,6.3
85291,42,male,Nightingale,1,secondary,1,0,0.0,0,1,1,0,0,30.1,122,0,0,0,0,0,0,0,4.3
77112,79,female,Rose,2,tertiary,1,0,0.0,0,0,1,0,0,32.1,146,0,0,0,0,0,0,0,8.6
89495,37,female,Doll,2,secondary,0,0,0.0,0,0,1,1,0,28.4,119,1,0,0,0,0,0,0,7.3
85022,47,male,Doll,3,secondary,0,1,15.2,0,0,0,0,0,24.5,111,0,0,0,0,0,0,0,5.1
13219,25,female,Hill,1,secondary,0,0,0.0,0,1,1,0,0,23.6,106,1,0,0,0,0,0,0,5.5
58320,56,male,Nightingale,2,primary,1,1,17.3,0,1,1,0,0,30.4,121,0,0,0,1,0,0,1,4.4
39587,76,male,Rose,3,secondary,0,1,16.7,0,1,1,0,1,35.5,133,0,1,0,0,1,0,0,9.3
61057,34,female,Nightingale,4,secondary,1,0,0.0,0,1,0,0,0,27.7,95,0,0,0,0,0,0,0,5.1
62003,65,male,Hill,4,secondary,1,0,0.0,1,0,0,0,0,28.4,138,0,0,0,0,0,0,1,4.7
91069,21,female,Doll,4,secondary,0,0,0.0,0,0,1,0,0,21.4,105,0,0,0,0,0,0,0,8.3
68043,33,female,Rose,3,secondary,0,0,0.0,1,0,0,0,0,28.6,124,0,0,0,0,0,0,0,4.6
85451,61,male,Doll,3,secondary,1,0,0.0,0,1,0,0,0,30.5,130,0,0,0,0,0,0,1,6.9
30055,65,female,Hill,1,primary,1,0,0.0,0,0,0,0,1,25.7,127,0,0,0,0,0,0,0,7.7
71115,38,male,Nightingale,3,tertiary,1,0,0.0,1,1,0,0,0,34.8,110,0,0,0,0,0,0,0,7.8
24365,73,female,Rose,2,tertiary,0,0,0.0,0,0,1,0,0,29.9,132,1,0,0,0,1,0,1,6.0
30960,37,female,Nightingale,2,primary,1,1,3.3,0,0,0,0,0,30.5,109,0,0,0,0,0,0,1,6.6
39573,60,male,Doll,5,tertiary,1,0,0.0,0,0,0,0,0,24.4,121,0,0,0,0,0,1,0,8.5
71598,59,female,Rose,4,secondary,0,0,0.0,1,1,0,0,0,26.3,115,0,0,0,0,0,0,0,8.2
88644,77,male,Nightingale,3,secondary,1,1,25.0,1,1,0,0,0,31.8,128,0,1,0,0,0,0,1,9.6
51102,60,female,Hill,2,primary,0,0,0.0,1,0,0,0,1,19.7,128,0,0,0,0,0,0,0,4.6
40374,29,female,Nightingale,3,secondary,1,0,0.0,0,0,1,1,1,27.1,118,0,0,1,0,0,0,0,10.0
37347,23,female,Snow,3,secondary,1,0,0.0,1,0,0,1,0,25.6,92,1,0,0,0,0,0,1,6.9
94584,29,male,Snow,3,secondary,1,0,0.0,1,0,1,1,1,27.7,126,1,0,1,0,0,1,0,9.6
98098,70,male,Rose,5,secondary,0,0,0.0,0,0,1,0,0,23.3,120,0,0,0,0,0,0,1,9.9
21534,23,male,Nightingale,4,tertiary,0,0,0.0,0,0,0,0,1,28.8,92,1,0,0,0,0,0,0,9.0
95924,26,male,Nightingale,4,tertiary,1,0,0.0,0,0,1,0,1,30.9,101,0,0,0,0,0,0,0,9.2
28561,49,male,Hill,3,tertiary,0,0,0.0,1,1,0,0,1,32.9,112,0,0,0,0,0,0,0,4.2
84651,40,female,Rose,2,tertiary,0,0,0.0,0,1,0,0,0,36.2,122,0,0,0,0,0,0,0,8.9
44970,38,male,Rose,2,secondary,1,1,6.0,0,0,0,1,1,25.0,115,0,0,0,0,0,0,0,5.8
63296,19,male,Snow,4,secondary,1,0,0.0,1,0,1,1,0,28.5,91,0,0,0,0,0,1,1,9.4
13193,46,female,Snow,2,secondary,0,1,13.8,1,1,1,0,1,27.8,119,0,0,0,0,0,0,0,9.2
88201,58,male,Hill,1,secondary,0,0,0.0,0,1,1,1,0,27.8,134,0,1,0,0,1,0,0,6.0
90763,18,male,Hill,2,secondary,1,0,0.0,1,0,1,0,0,35.7,121,0,0,0,0,0,0,1,6.7
55368,29,male,Rose,5,tertiary,1,0,0.0,0,0,0,1,0,30.0,111,0,0,0,0,0,0,1,6.0
41850,77,male,Snow,1,secondary,0,1,15.7,1,0,0,1,0,23.4,125,0,0,0,0,1,0,1,7.7
90843,56,female,Hill,4,secondary,0,1,18.5,1,0,1,0,1,24.7,119,0,0,0,0,0,0,0,7.2
15934,21,female,Doll,2,secondary,0,1,1.1,0,1,0,0,1,26.8,90,1,0,0,0,0,0,0,4.5
14097,51,male,Rose,3,tertiary,0,0,0.0,0,0,0,0,0,26.1,117,0,0,0,0,0,0,0,5.9
17283,67,female,Rose,3,tertiary,0,1,18.0,0,0,1,0,0,32.1,140,0,0,0,0,0,0,0,9.8
70362,50,male,Doll,4,primary,1,0,0.0,0,1,0,0,1,30.6,105,0,0,0,0,0,0,0,4.3
66299,71,female,Hill,5,secondary,1,0,0.0,0,0,1,0,0,33.4,136,0,0,0,0,0,0,1,5.3
37157,28,female,Snow,3,tertiary,1,0,0.0,1,0,0,1,1,24.1,118,0,0,1,0,0,1,1,7.7
38303,77,male,Hill,1,primary,0,0,0.0,0,1,1,0,0,29.5,132,0,1,0,0,0,0,1,6.7
71110,72,female,Hill,5,secondary,1,0,0.0,0,0,0,0,0,26.4,133,0,0,0,0,0,0,0,6.5
28701,39,female,Snow,3,secondary,1,0,0.0,1,0,0,0,0,19.6,100,0,0,0,0,0,0,0,9.9
32559,70,female,Nightingale,4,secondary,1,0,0.0,0,0,1,0,1,28.4,138,0,1,0,0,0,0,1,8.2
77386,58,male,Doll,5,tertiary,1,0,0.0,0,0,0,0,0,22.3,118,0,0,0,0,0,0,1,6.6
81346,69,male,Hill,2,primary,1,0,0.0,1,0,1,0,1,30.3,137,0,0,0,0,1,0,0,5.3
88760,34,female,Doll,5,tertiary,1,0,0.0,0,0,0,0,0,28.2,110,0,0,0,0,0,0,0,10.0
26222,50,female,Nightingale,3,secondary,1,1,15.2,0,0,0,0,0,31.2,118,0,0,0,0,0,0,1,4.3
66596,64,female,Hill,2,secondary,0,1,13.5,0,1,0,0,0,29.2,125,0,0,0,0,1,0,0,9.9
60874,22,female,Hill,3,primary,0,0,0.0,0,0,0,0,0,34.5,103,0,0,0,0,0,0,0,5.8
25365,36,female,Hill,5,tertiary,1,0,0.0,0,0,1,0,0,24.1,102,0,0,0,0,1,0,0,7.6
52757,70,female,Doll,5,tertiary,1,1,24.1,0,0,1,0,0,30.9,134,0,1,1,0,0,0,1,5.6
90096,22,male,Doll,5,tertiary,1,0,0.0,0,0,0,0,1,25.4,92,0,0,0,0,0,0,1,9.7
87894,51,male,Doll,3,secondary,0,0,0.0,0,0,0,0,0,25.9,125,0,0,0,0,0,0,0,5.2
14708,53,male,Doll,2,secondary,1,0,0.0,1,0,1,0,1,23.1,100,0,0,0,0,0,0,1,7.4
56877,19,female,Hill,5,tertiary,1,0,0.0,0,1,1,0,0,27.3,103,0,0,0,0,0,0,0,4.6
76855,79,female,Doll,5,secondary,1,0,0.0,1,0,0,0,1,24.4,126,0,1,0,0,0,0,0,9.0
31221,37,female,Snow,4,tertiary,1,1,7.6,1,0,1,0,0,21.4,99,0,0,0,0,0,0,0,8.3
35284,74,male,Rose,5,tertiary,1,1,19.5,0,1,1,0,0,37.3,149,0,0,0,1,0,0,1,4.2
37736,58,female,Hill,3,secondary,1,0,0.0,1,1,0,0,0,34.5,120,0,0,0,0,0,0,0,6.3
77722,70,male,Doll,3,secondary,1,1,24.8,0,0,1,0,0,26.1,131,1,1,0,0,0,0,1,9.7
87830,67,male,Rose,3,tertiary,0,1,13.4,0,0,1,0,0,25.8,132,0,0,0,0,0,0,0,9.6
75710,66,female,Nightingale,4,secondary,1,1,25.0,0,0,1,0,0,27.0,126,0,0,0,1,0,1,0,9.4
74912,37,male,Snow,4,secondary,0,0,0.0,1,0,1,0,1,26.1,106,0,0,0,0,0,0,0,5.6
32796,23,male,Rose,4,primary,1,0,0.0,1,0,0,0,0,26.5,90,1,0,0,0,0,0,0,9.5
85883,63,female,Snow,4,primary,1,0,0.0,1,0,0,0,0,30.6,127,0,0,0,0,0,0,0,7.3
44304,74,female,Nightingale,3,secondary,1,0,0.0,0,0,1,0,0,28.8,136,0,0,0,0,0,0,0,7.7
86700,35,male,Nightingale,4,secondary,1,0,0.0,0,0,0,0,0,21.8,109,0,0,0,0,0,0,0,7.7
51014,39,male,Nightingale,5,secondary,1,0,0.0,1,0,0,1,0,23.5,125,0,0,0,0,0,0,0,5.9
25870,70,male,Nightingale,2,primary,0,1,15.2,1,1,1,0,0,35.5,129,0,0,0,0,0,0,0,9.4
59698,74,male,Snow,3,tertiary,1,0,0.0,0,0,1,0,0,27.0,133,0,0,0,0,0,0,0,7.2
79694,42,male,Doll,2,tertiary,1,0,0.0,0,0,0,0,0,25.8,114,0,0,0,0,0,0,0,8.1
90617,34,female,Rose,2,secondary,0,1,8.2,1,0,1,0,0,29.9,115,0,0,0,0,0,0,0,6.1
60545,77,male,Nightingale,4,tertiary,1,0,0.0,0,0,0,0,1,23.7,140,0,0,0,0,0,0,1,9.5
79196,44,male,Doll,5,secondary,1,0,0.0,0,0,1,0,0,27.5,91,0,0,0,0,0,0,0,8.5
25835,62,male,Rose,4,secondary,1,0,0.0,0,0,0,0,0,25.5,121,0,0,0,0,0,0,0,9.8
97491,76,male,Doll,3,secondary,0,0,0.0,1,0,0,0,0,28.2,117,0,0,0,0,0,0,0,6.8
35434,62,female,Rose,3,secondary,0,1,8.7,0,1,1,0,0,30.8,112,0,0,0,0,0,0,0,5.4
81880,45,male,Nightingale,3,secondary,1,0,0.0,0,0,0,0,0,28.6,121,0,0,0,0,0,0,0,6.9
10327,30,male,Rose,5,primary,1,0,0.0,0,0,1,0,0,22.8,92,0,0,0,0,0,0,1,4.1
70849,79,male,Snow,1,secondary,0,1,23.4,0,0,0,0,0,32.8,136,0,0,0,0,1,0,0,9.4
74967,70,female,Doll,5,tertiary,1,1,24.2,0,0,0,0,0,30.1,134,0,0,0,0,0,0,0,8.0
32443,55,male,Doll,5,tertiary,1,0,0.0,0,0,1,1,0,26.3,124,0,0,0,0,0,0,0,5.6
59092,31,female,Snow,3,primary,1,0,0.0,1,0,0,0,0,27.8,107,0,0,0,0,0,0,0,9.7
56808,38,female,Hill,4,secondary,1,1,8.7,1,0,1,0,0,20.8,101,0,0,0,1,0,1,1,6.8
17731,72,female,Doll,5,secondary,1,0,0.0,1,0,0,0,0,32.1,114,1,0,0,0,0,0,1,4.3
65104,36,male,Hill,1,primary,1,1,8.9,1,1,1,1,1,30.0,124,0,0,1,0,0,0,0,5.4
50732,48,female,Rose,4,secondary,1,0,0.0,0,0,0,0,0,25.3,105,0,0,0,0,0,0,0,4.9
73533,71,female,Snow,3,tertiary,0,1,20.2,0,0,1,0,0,30.3,130,0,0,0,0,0,0,0,9.8
68627,33,male,Hill,3,tertiary,0,0,0.0,0,0,0,0,0,25.1,102,0,0,0,0,0,1,0,9.1
75068,64,female,Hill,3,secondary,1,0,0.0,1,0,0,0,0,21.4,124,0,0,0,0,0,1,0,7.4
17025,58,female,Snow,1,secondary,0,1,12.4,0,1,1,0,0,39.4,127,0,0,0,0,1,0,0,9.1
89517,69,female,Snow,1,primary,0,1,14.8,0,0,1,0,0,31.3,134,0,0,0,0,1,1,1,7.8
21561,19,female,Nightingale,4,tertiary,0,0,0.0,1,0,0,0,0,24.3,90,0,0,0,0,0,0,1,8.0
39151,52,female,Snow,3,secondary,1,1,15.5,0,0,0,0,0,27.8,119,0,0,0,0,0,0,0,9.1
68949,51,male,Rose,5,tertiary,1,0,0.0,0,1,1,0,0,27.8,112,0,0,0,0,0,0,0,5.6
60008,25,female,Nightingale,3,secondary,1,1,1.8,0,0,0,1,0,24.9,109,0,0,0,0,0,0,0,4.7
59501,65,female,Rose,4,primary,1,0,0.0,1,1,0,0,1,32.1,118,1,1,0,0,0,0,1,7.2
54082,21,male,Rose,4,tertiary,1,0,0.0,1,0,0,0,0,24.4,109,1,0,0,0,0,0,1,6.4
38670,47,male,Nightingale,2,primary,1,1,10.3,1,1,0,1,1,31.3,119,0,1,1,0,0,0,1,5.1
67383,42,female,Hill,5,tertiary,1,0,0.0,0,0,1,0,0,25.1,112,0,0,0,1,0,0,0,6.0
71552,66,female,Doll,4,secondary,0,0,0.0,0,0,1,0,0,27.3,136,0,0,0,0,0,0,0,5.1
91047,28,female,Nightingale,3,primary,0,0,0.0,0,1,0,0,0,24.3,99,0,0,0,0,0,0,1,9.8
92231,24,male,Hill,3,secondary,0,0,0.0,0,0,0,0,0,17.2,102,1,0,0,0,0,0,0,5.2
42541,63,female,Snow,1,primary,0,1,11.6,0,0,1,0,0,26.8,128,0,0,0,0,0,0,0,7.6
57485,54,female,Nightingale,3,primary,1,0,0.0,1,0,0,0,0,28.5,108,1,0,0,0,0,0,0,5.3
66750,66,female,Hill,4,primary,1,0,0.0,0,0,1,0,0,25.3,118,0,0,0,0,0,0,0,4.8
76235,30,female,Snow,2,primary,0,1,6.0,1,0,1,0,0,31.4,116,0,0,0,0,0,0,0,7.0
47648,32,male,Doll,2,primary,0,1,6.2,0,1,0,1,0,31.9,121,0,0,0,0,0,0,0,6.2
55150,29,male,Doll,4,primary,1,0,0.0,1,0,0,1,0,30.0,105,0,0,0,0,1,1,1,9.1
82314,72,male,Hill,2,secondary,0,1,17.0,1,1,1,0,1,29.1,136,0,1,0,1,0,0,0,5.7
13000,56,male,Nightingale,2,secondary,0,0,0.0,0,0,0,0,0,23.6,102,1,0,0,0,0,0,0,7.5
67928,51,female,Hill,2,primary,0,1,12.1,0,1,0,0,1,31.3,110,1,0,0,0,0,0,0,8.8
10811,64,female,Rose,3,tertiary,0,1,15.8,0,1,0,0,0,25.4,146,0,0,0,1,0,0,0,8.5
39111,26,female,Nightingale,1,secondary,1,0,0.0,1,1,1,1,0,22.6,108,0,0,0,0,0,0,1,9.8
75085,34,female,Rose,2,primary,0,0,0.0,0,0,0,0,0,21.2,109,0,0,1,0,0,0,0,9.2
60513,27,female,Doll,5,tertiary,1,0,0.0,0,0,0,1,0,26.1,105,0,0,0,0,0,0,0,8.3
14838,56,female,Rose,3,secondary,0,0,0.0,0,0,0,0,0,29.8,125,1,0,0,0,0,0,0,9.1
48083,47,male,Snow,4,tertiary,1,1,5.8,1,0,0,0,0,27.1,123,1,0,0,0,0,0,0,4.2
56746,63,male,Snow,4,secondary,1,0,0.0,0,0,1,0,0,30.0,133,0,0,0,0,1,0,1,5.8
10887,54,male,Doll,2,primary,0,0,0.0,0,0,1,0,0,21.5,112,1,0,0,0,0,0,0,7.3
66364,31,female,Snow,3,tertiary,0,0,0.0,1,1,0,1,0,27.8,126,0,0,1,0,0,0,0,6.6
71601,44,male,Doll,4,secondary,1,0,0.0,0,0,0,0,0,28.7,115,0,0,0,0,1,0,0,5.7
26098,60,female,Nightingale,2,primary,0,0,0.0,0,1,1,0,0,31.7,108,0,0,0,0,0,0,1,8.1
44927,65,male,Doll,5,secondary,1,0,0.0,0,0,0,0,0,29.7,119,0,0,0,0,0,0,0,9.9
77425,32,female,Snow,2,secondary,0,0,0.0,1,1,1,0,1,30.4,108,0,0,1,0,0,0,0,8.2
36421,18,male,Snow,4,tertiary,1,0,0.0,0,0,1,1,0,27.2,102,0,0,0,0,0,0,0,4.2
11799,39,male,Rose,5,tertiary,1,0,0.0,0,0,0,1,0,25.7,114,0,0,0,0,0,0,0,9.4
67120,47,male,Nightingale,3,secondary,0,0,0.0,1,0,1,1,0,30.0,133,0,0,0,0,0,0,0,4.9
16117,77,male,Snow,1,secondary,1,1,16.3,1,1,0,0,0,36.9,138,1,1,0,0,0,0,0,9.0
16179,66,male,Rose,2,primary,0,1,18.9,1,0,1,0,0,31.9,136,0,0,1,0,0,1,1,6.8
56579,77,male,Rose,2,secondary,1,0,0.0,1,0,1,0,1,30.0,142,0,0,0,0,0,0,0,7.3
50723,75,female,Hill,2,secondary,1,1,28.6,1,0,1,0,0,31.5,146,0,0,0,0,0,0,0,9.7
84452,49,male,Nightingale,2,secondary,0,0,0.0,0,1,0,0,0,34.3,131,0,0,1,0,0,0,1,9.1
24572,35,female,Nightingale,2,secondary,0,0,0.0,0,1,0,0,0,26.0,125,1,0,1,0,0,0,0,8.0
71211,37,male,Hill,2,secondary,0,1,6.4,1,1,1,0,0,30.7,114,0,0,0,1,0,0,1,5.7
61910,55,female,Hill,1,secondary,1,0,0.0,0,1,0,0,0,28.9,129,1,0,0,0,0,1,1,7.9
81968,37,male,Rose,5,tertiary,1,0,0.0,0,1,0,1,1,26.6,116,0,0,1,0,0,1,1,5.8
83201,30,female,Doll,5,tertiary,1,0,0.0,0,0,0,1,0,25.9,123,0,0,0,0,1,0,1,9.4
64716,32,female,Doll,3,primary,1,0,0.0,0,0,0,1,0,25.0,103,0,0,0,0,0,0,1,6.9
43401,59,male,Doll,5,tertiary,1,0,0.0,0,0,0,0,0,24.8,135,0,0,0,0,0,0,0,6.0
34606,34,male,Snow,2,tertiary,0,0,0.0,1,1,0,1,1,24.2,123,0,0,1,0,0,0,0,8.6
28119,62,female,Hill,3,secondary,0,0,0.0,1,1,0,0,1,31.9,111,0,0,0,0,0,0,0,5.1
45917,42,female,Nightingale,2,secondary,1,0,0.0,0,1,1,0,1,30.8,111,0,1,0,0,0,0,1,9.0
34220,33,male,Snow,1,primary,0,1,4.6,0,1,0,1,0,23.4,113,0,1,0,0,0,0,0,4.5
75513,74,female,Doll,4,primary,0,0,0.0,0,0,0,0,0,23.5,122,0,0,0,0,0,0,0,9.6
75839,67,female,Rose,5,tertiary,0,1,14.6,1,0,1,0,0,28.1,133,1,0,0,0,1,0,1,9.7
66321,29,female,Rose,4,secondary,1,0,0.0,0,0,1,0,1,27.6,111,0,0,0,0,0,0,1,8.7
61352,59,male,Snow,4,secondary,1,0,0.0,1,0,0,1,0,25.9,128,1,0,0,0,0,0,0,5.7
72779,35,female,Doll,5,tertiary,0,0,0.0,0,0,0,1,0,24.2,115,0,0,0,0,0,0,0,4.3
43240,43,male,Nightingale,4,secondary,1,0,0.0,1,0,0,0,1,23.8,107,0,0,0,0,0,1,0,8.7
26120,26,male,Rose,5,tertiary,0,1,4.1,1,0,1,1,0,29.8,113,0,0,1,0,0,1,1,6.4
14888,51,male,Doll,5,tertiary,1,1,10.9,0,0,0,0,1,25.1,122,1,0,1,0,0,0,1,9.8
17087,53,female,Doll,5,primary,1,1,10.2,0,0,0,0,0,22.5,113,0,0,0,0,0,0,0,9.6
85526,31,female,Nightingale,2,secondary,0,0,0.0,0,1,0,1,0,26.8,111,0,0,0,0,0,0,0,7.9
41272,60,female,Nightingale,3,primary,1,1,18.6,0,0,0,0,0,29.9,122,0,0,0,0,0,0,0,6.4
60660,49,female,Rose,2,secondary,1,1,15.2,0,0,1,0,0,27.0,118,0,0,0,0,0,1,0,9.9
55051,64,male,Doll,5,secondary,1,0,0.0,0,0,1,0,0,29.4,125,0,0,0,0,0,0,1,5.5
37790,23,female,Hill,4,secondary,1,0,0.0,1,0,0,1,0,27.5,110,1,0,1,0,0,0,1,5.1
40119,42,female,Rose,4,tertiary,1,0,0.0,0,0,0,1,0,23.9,130,0,0,0,0,0,1,1,7.4
41135,50,female,Doll,4,tertiary,1,0,0.0,0,0,0,0,0,21.9,109,0,0,0,0,0,0,0,4.7
69296,23,female,Doll,5,tertiary,1,1,1.6,1,0,0,1,0,21.9,110,0,0,0,0,0,0,0,4.1
69550,46,male,Rose,3,secondary,0,0,0.0,0,1,0,0,0,21.7,108,0,0,0,0,0,0,0,8.2
16492,58,female,Hill,2,secondary,1,0,0.0,0,0,0,0,0,26.7,114,0,0,0,0,0,0,0,9.2
32749,42,male,Rose,3,primary,0,0,0.0,0,1,0,0,0,31.0,117,0,0,0,0,0,0,0,6.3
16797,64,male,Doll,3,secondary,0,0,0.0,0,0,1,1,0,27.0,132,0,0,0,0,0,1,0,9.7
15614,27,female,Doll,4,secondary,1,0,0.0,0,0,0,1,0,21.7,122,0,0,0,0,0,1,0,5.4
33721,28,female,Hill,2,secondary,0,1,5.0,0,0,1,0,0,28.5,108,0,0,0,0,0,0,0,8.9
14983,63,female,Hill,1,secondary,0,0,0.0,1,1,0,0,0,26.8,109,0,0,0,0,0,0,1,7.0
76621,53,female,Doll,3,secondary,1,0,0.0,1,0,1,0,0,27.7,112,0,0,0,0,1,0,1,4.3
40530,78,male,Doll,4,tertiary,1,0,0.0,1,0,0,0,1,22.3,124,0,0,0,0,0,0,0,9.5
90136,55,female,Snow,3,primary,0,0,0.0,1,0,0,0,0,26.3,124,0,0,0,0,0,1,1,9.7
13120,43,male,Nightingale,5,secondary,0,0,0.0,0,0,0,0,1,27.3,121,1,0,0,0,0,0,1,8.3
49985,41,male,Rose,5,secondary,1,0,0.0,1,0,1,0,0,31.4,108,0,0,0,0,0,0,0,4.6
22581,48,female,Snow,2,secondary,0,1,14.4,0,0,0,0,0,23.8,106,0,0,0,0,0,0,0,9.5
23190,31,female,Rose,5,tertiary,1,0,0.0,1,0,0,0,1,27.8,101,1,0,0,0,0,0,0,6.6
50601,28,female,Nightingale,4,secondary,1,0,0.0,1,0,0,0,1,31.2,102,0,0,0,0,0,0,0,7.2
60727,52,female,Doll,3,secondary,1,0,0.0,0,0,1,1,0,29.9,139,0,0,1,0,0,0,1,9.4
60381,40,female,Snow,3,secondary,0,0,0.0,0,0,0,0,1,21.3,94,0,0,0,0,0,0,0,7.4
96884,35,female,Doll,4,secondary,1,1,3.5,1,1,1,0,0,27.8,107,1,0,0,0,0,1,0,6.4
24806,55,female,Snow,2,secondary,0,1,7.4,1,1,1,0,1,28.5,127,0,0,1,0,0,0,0,8.3
54487,30,female,Snow,2,secondary,0,0,0.0,0,1,0,1,0,28.3,120,0,0,0,0,0,0,0,8.6
45452,23,male,Nightingale,3,secondary,0,0,0.0,0,0,0,0,1,25.1,96,0,0,0,0,0,0,0,9.2
46770,77,female,Rose,2,secondary,1,0,0.0,0,1,1,0,1,32.1,137,0,0,1,0,1,0,1,5.4
18241,48,female,Hill,4,secondary,1,0,0.0,0,1,1,1,0,32.1,116,0,0,0,0,0,0,0,8.8
26565,30,female,Snow,3,primary,1,1,4.5,0,1,0,0,0,28.2,115,0,0,0,0,0,0,0,4.7
44955,33,male,Snow,1,primary,0,1,3.1,1,0,0,0,0,21.9,95,1,0,0,0,0,0,0,4.2
63073,29,male,Doll,5,tertiary,1,0,0.0,0,1,1,1,0,30.8,115,0,0,0,0,1,0,1,4.0
13371,66,female,Hill,3,secondary,0,1,9.7,1,0,1,0,0,27.1,136,0,0,0,1,1,0,1,6.4
79638,53,male,Doll,2,tertiary,1,1,7.0,0,0,1,0,0,32.9,127,0,0,0,1,0,1,1,7.6
30964,24,female,Doll,3,primary,0,1,2.4,1,1,1,1,0,36.0,120,1,0,0,1,0,1,0,8.8
82862,18,female,Doll,5,tertiary,1,0,0.0,0,0,1,0,1,24.9,92,0,0,0,0,0,0,0,7.4
55234,71,male,Nightingale,1,secondary,0,1,23.5,0,1,1,0,0,35.9,154,0,0,0,0,1,1,1,7.8
77031,27,male,Doll,3,secondary,0,0,0.0,1,1,1,0,0,29.4,111,0,0,0,0,0,0,0,9.1
39004,49,male,Rose,3,secondary,1,1,9.9,0,0,0,0,0,26.9,119,0,0,0,0,0,0,0,4.3
76961,42,male,Snow,1,secondary,0,1,8.9,1,1,1,0,1,26.8,109,0,1,0,0,0,0,1,5.4
77454,48,male,Rose,5,secondary,1,0,0.0,1,0,1,1,0,26.4,141,0,0,0,0,0,0,0,9.7
90887,35,female,Hill,5,tertiary,0,1,5.4,0,1,0,0,0,31.1,113,1,0,0,0,0,0,0,9.7
83018,38,male,Nightingale,4,tertiary,1,0,0.0,1,0,1,1,0,29.1,124,0,0,0,0,0,0,1,8.3
45854,34,male,Doll,2,secondary,1,0,0.0,0,1,0,1,0,33.3,129,0,0,0,0,0,1,0,4.9
41134,33,female,Hill,2,secondary,0,1,4.6,0,0,1,1,0,29.8,122,1,0,0,0,0,0,0,8.7
49410,21,female,Hill,1,primary,1,1,0.9,0,0,0,1,0,23.7,107,0,0,0,0,0,1,0,9.5
91885,64,female,Snow,4,primary,1,1,16.6,0,0,0,0,0,23.2,156,0,0,0,0,0,0,1,6.1
75350,41,male,Rose,4,secondary,1,0,0.0,1,0,0,0,1,25.8,112,0,0,0,0,0,0,0,7.9
83926,44,male,Hill,1,secondary,0,1,12.6,0,0,0,0,0,25.2,121,0,0,1,0,0,0,1,9.4
34290,69,female,Doll,5,tertiary,1,0,0.0,0,0,0,0,0,30.4,114,0,0,0,0,1,0,1,6.4
36552,19,male,Hill,5,primary,1,0,0.0,1,0,0,0,0,27.4,90,0,0,0,0,0,0,0,8.9
61046,34,male,Snow,2,secondary,1,0,0.0,0,1,1,0,0,34.0,120,1,0,0,0,0,0,1,4.6
23371,67,male,Snow,2,secondary,1,1,10.2,0,1,1,0,0,28.9,120,0,1,0,0,0,0,1,4.8
53249,58,male,Hill,2,primary,0,1,17.6,1,0,1,0,1,28.8,119,0,0,0,1,0,0,0,4.6
13674,59,female,Nightingale,3,secondary,1,1,18.5,0,0,1,0,0,33.5,129,0,0,0,0,0,0,0,6.6
78897,32,female,Doll,5,tertiary,0,0,0.0,0,1,0,0,0,26.0,106,0,0,0,0,0,0,0,9.0
35029,71,female,Nightingale,4,tertiary,1,0,0.0,1,0,1,0,1,26.5,128,0,0,0,0,1,0,1,6.3
87127,61,female,Nightingale,4,tertiary,1,0,0.0,0,0,1,0,0,29.6,113,0,0,0,0,0,0,0,8.1
69751,45,male,Rose,5,tertiary,1,0,0.0,1,0,1,1,1,26.0,117,0,0,1,0,0,0,1,4.1
77447,23,male,Doll,5,secondary,0,0,0.0,1,1,0,0,0,29.3,90,0,0,0,0,0,1,0,9.1
58852,58,female,Nightingale,5,secondary,1,0,0.0,0,0,1,0,1,25.5,113,0,0,0,0,0,0,0,6.2
18889,29,male,Doll,5,tertiary,1,0,0.0,1,0,1,1,1,23.6,112,1,0,0,0,0,1,1,7.0
42447,58,female,Hill,2,tertiary,0,0,0.0,0,1,0,0,1,29.5,124,0,0,0,0,0,0,1,7.6
31758,30,male,Nightingale,4,tertiary,1,0,0.0,0,0,0,1,0,23.0,104,0,0,0,0,0,0,0,9.4
87485,43,female,Snow,4,tertiary,1,1,5.4,0,0,1,1,0,24.5,119,0,0,0,0,0,0,0,9.1
52265,65,female,Hill,4,tertiary,1,0,0.0,0,0,1,0,0,21.0,130,0,0,1,0,0,0,1,8.5
19566,46,female,Hill,4,secondary,1,0,0.0,0,0,1,0,0,24.8,123,1,0,0,0,1,0,0,9.2
67151,63,female,Rose,4,primary,1,0,0.0,0,0,1,0,0,29.0,124,0,0,0,0,0,0,0,9.2
86689,61,male,Hill,2,primary,1,1,12.9,0,1,0,1,0,35.7,137,1,1,0,0,0,1,0,9.3
85251,31,female,Doll,5,tertiary,1,0,0.0,1,0,0,1,0,23.1,110,0,0,1,0,0,0,1,9.0
49543,63,male,Hill,4,tertiary,1,0,0.0,0,0,1,0,0,26.9,118,1,1,0,0,0,0,1,5.0
70008,39,female,Rose,3,secondary,0,0,0.0,1,0,0,0,1,27.1,131,0,0,0,0,0,0,0,6.3
25583,79,male,Rose,5,tertiary,1,0,0.0,1,0,0,1,0,31.5,139,0,0,0,0,0,0,0,7.0
86894,45,male,Hill,2,secondary,1,1,8.3,1,0,0,0,0,24.9,114,1,0,0,0,0,0,1,6.7
76937,20,male,Nightingale,4,tertiary,1,0,0.0,1,0,1,1,1,23.3,110,0,0,1,0,0,0,1,6.0
53242,77,female,Doll,4,tertiary,1,0,0.0,0,1,1,0,1,31.3,149,0,1,0,0,0,0,1,9.4
87275,66,female,Nightingale,1,primary,0,1,17.2,0,0,1,0,0,28.2,114,0,1,0,0,0,0,0,6.1
84015,73,female,Hill,4,secondary,0,0,0.0,0,0,1,0,0,30.4,123,0,0,0,0,0,0,0,7.8
39663,69,female,Snow,2,secondary,0,1,21.3,1,1,1,0,0,28.2,123,0,0,0,0,0,0,0,4.8
91551,47,female,Hill,3,secondary,1,0,0.0,1,0,0,0,0,23.8,107,0,0,0,0,0,0,0,4.6
50752,37,male,Snow,2,primary,1,0,0.0,0,0,0,1,0,32.8,129,0,0,0,0,0,0,0,8.9
44655,39,male,Snow,5,tertiary,1,0,0.0,0,1,1,1,1,33.3,114,1,1,0,0,1,0,0,7.9
78297,19,male,Snow,1,secondary,1,1,0.4,0,1,0,1,1,29.0,115,0,1,0,0,0,0,1,4.4
72998,36,male,Rose,4,secondary,0,1,8.6,0,0,1,1,0,21.2,121,0,0,0,0,0,1,0,9.4
54140,63,female,Doll,5,tertiary,1,0,0.0,1,0,0,0,0,23.0,111,0,0,0,0,0,0,0,6.2
89222,68,female,Snow,1,primary,1,1,9.3,1,0,0,0,0,28.9,145,0,0,0,0,0,0,0,5.7
47959,53,female,Hill,2,secondary,0,0,0.0,1,1,1,1,0,37.3,125,0,1,0,0,1,0,1,6.8
93332,32,female,Hill,4,secondary,0,0,0.0,0,0,0,0,1,21.0,104,0,0,0,0,0,0,0,8.8
61914,37,female,Nightingale,2,secondary,0,0,0.0,0,1,1,0,0,31.1,114,1,0,0,0,0,0,0,9.4
77276,66,female,Hill,3,secondary,1,1,15.2,0,0,1,1,0,30.3,117,0,0,0,0,0,0,0,5.5
83002,54,female,Doll,2,primary,0,0,0.0,1,1,1,0,1,35.2,119,0,0,0,0,0,0,0,5.1
51852,39,male,Rose,3,secondary,0,0,0.0,0,1,0,0,0,36.9,118,0,0,0,0,1,0,1,7.9
41251,71,male,Rose,4,tertiary,0,1,11.6,0,0,0,1,1,27.8,129,0,0,0,0,0,0,0,9.6
35906,25,female,Snow,4,primary,0,1,1.7,0,1,1,0,1,21.9,109,1,0,1,0,0,0,0,4.2
32904,44,female,Snow,1,primary,0,0,0.0,1,0,1,0,0,30.1,109,0,0,0,0,0,0,0,4.7
10076,62,male,Hill,1,primary,0,0,0.0,0,0,0,0,0,24.4,120,0,0,0,0,0,0,0,8.9
28941,56,male,Hill,4,tertiary,0,0,0.0,1,0,1,0,0,29.6,154,0,0,0,0,0,0,0,5.3
70123,41,male,Doll,4,tertiary,0,1,7.0,0,1,0,0,0,27.7,131,0,0,0,0,0,0,0,4.3
28423,63,male,Nightingale,1,secondary,0,1,20.1,0,0,1,0,1,27.8,123,0,1,0,0,0,0,0,9.2
99902,48,male,Rose,5,secondary,1,0,0.0,0,0,0,1,0,22.1,114,1,0,0,0,0,0,0,5.2
45610,70,female,Rose,5,secondary,1,0,0.0,0,0,0,0,0,29.2,127,0,0,0,0,0,0,0,9.1
62952,34,male,Doll,4,primary,1,0,0.0,0,0,0,0,0,29.2,111,0,0,0,0,0,0,1,7.6
22052,61,female,Snow,4,secondary,0,0,0.0,0,0,0,0,1,33.1,115,1,0,0,0,0,0,0,6.9
99970,18,female,Nightingale,3,secondary,1,1,0.0,1,0,1,0,1,28.0,112,0,0,0,0,0,0,0,6.8
60397,32,female,Doll,4,secondary,1,1,5.5,1,0,0,1,0,29.1,138,0,0,0,0,0,0,0,5.4
24131,47,male,Doll,3,primary,1,0,0.0,0,0,0,0,1,24.5,123,0,0,0,0,0,0,0,4.5
44336,26,female,Rose,4,tertiary,1,0,0.0,1,1,0,0,0,27.9,96,0,0,0,0,0,0,0,7.4
84410,67,female,Hill,4,secondary,1,0,0.0,0,0,0,0,1,24.2,123,1,0,0,0,1,0,0,8.6
13681,64,female,Snow,1,primary,0,1,21.7,0,0,1,0,0,27.3,131,0,0,0,0,0,0,0,7.0
61640,43,male,Hill,4,secondary,1,0,0.0,1,0,1,0,0,25.2,116,0,0,0,0,0,0,0,8.1
35685,57,female,Doll,5,tertiary,0,0,0.0,0,0,1,0,1,27.6,117,0,0,0,0,0,1,0,8.1
56026,66,female,Hill,1,primary,0,0,0.0,1,1,0,0,0,24.1,110,0,0,0,0,0,0,0,8.1
90375,31,female,Snow,4,tertiary,1,0,0.0,1,0,1,1,0,22.8,124,0,0,1,0,0,0,1,6.3
19764,65,male,Rose,3,secondary,1,1,21.8,0,0,0,0,0,27.6,118,0,0,0,0,1,0,1,8.9
76232,72,female,Snow,3,primary,1,0,0.0,0,0,1,0,1,28.3,137,0,0,0,0,0,1,0,8.7
51991,26,female,Doll,3,primary,0,0,0.0,0,1,0,0,0,26.7,116,0,0,0,0,0,0,0,9.2
39149,66,male,Hill,4,secondary,1,0,0.0,0,1,0,0,1,32.4,129,0,0,0,0,0,0,0,9.2
20824,66,male,Nightingale,2,secondary,0,0,0.0,0,0,0,0,0,21.7,127,0,0,0,0,0,0,0,4.1
42315,18,male,Rose,5,secondary,1,0,0.0,0,0,0,1,0,21.7,118,1,0,0,0,0,0,0,8.5
41229,21,male,Hill,2,primary,0,0,0.0,0,1,1,0,0,30.8,112,0,0,0,0,0,0,0,8.6
50837,64,male,Snow,3,secondary,1,0,0.0,0,0,0,0,1,31.0,113,0,0,0,0,0,0,0,7.4
89750,55,female,Nightingale,3,secondary,0,0,0.0,0,1,0,0,0,26.3,122,1,0,0,0,0,0,0,5.7
94078,32,male,Hill,3,secondary,1,0,0.0,1,0,0,0,0,27.7,90,0,0,0,0,0,0,0,6.1
27476,60,male,Hill,3,secondary,1,0,0.0,1,0,0,0,1,29.3,123,0,0,0,0,0,0,0,7.5
96671,42,male,Rose,4,secondary,1,0,0.0,0,0,0,0,0,27.1,119,1,0,0,0,0,0,0,6.6
35666,32,female,Doll,5,tertiary,0,0,0.0,1,1,0,1,0,24.6,97,0,0,0,0,0,1,0,4.4
60445,48,female,Nightingale,2,secondary,0,0,0.0,0,1,0,1,0,25.8,111,0,0,0,0,0,0,0,8.2
51703,28,male,Rose,5,secondary,1,0,0.0,1,0,0,0,1,24.7,111,0,0,0,0,0,0,0,8.3
78231,35,female,Doll,4,secondary,1,0,0.0,0,0,1,1,0,24.0,106,1,0,1,0,0,0,1,7.8
99292,34,male,Snow,2,tertiary,1,1,4.5,1,0,0,0,0,34.8,99,0,0,0,0,0,0,0,9.9
26153,66,male,Snow,2,secondary,0,1,9.4,1,0,1,0,0,29.6,129,0,0,0,1,0,0,1,5.9
97885,28,female,Rose,3,secondary,1,0,0.0,0,0,1,1,1,27.9,110,0,0,1,0,0,0,1,5.5
51783,68,female,Rose,4,secondary,1,0,0.0,1,0,0,0,0,25.5,113,1,0,0,0,0,0,1,5.9
81603,39,female,Doll,4,tertiary,1,1,8.1,0,0,1,0,1,28.4,117,0,0,1,0,0,0,1,7.8
11441,49,female,Nightingale,5,secondary,0,0,0.0,0,0,0,0,0,26.4,105,0,0,0,0,0,0,0,6.4
68257,58,male,Nightingale,2,secondary,0,1,11.1,1,1,1,0,1,26.8,121,1,0,0,0,0,0,0,8.5
10918,58,female,Snow,1,secondary,0,0,0.0,0,1,0,0,0,30.1,115,0,1,0,0,0,0,0,9.2
51252,26,female,Doll,5,secondary,1,0,0.0,0,1,1,1,1,27.4,96,0,0,0,0,0,0,0,6.0
20479,42,female,Hill,5,tertiary,1,0,0.0,0,1,1,0,1,25.6,100,0,0,0,0,0,0,1,6.0
68469,22,female,Rose,5,primary,1,0,0.0,0,0,0,0,0,22.9,96,0,0,1,0,0,0,1,5.1
24749,44,male,Nightingale,2,primary,1,0,0.0,1,0,0,0,0,24.5,106,0,0,0,0,0,0,0,5.8
11593,33,female,Hill,4,tertiary,1,1,4.7,1,1,0,0,0,29.4,121,0,0,0,0,1,0,0,5.7
93807,41,female,Snow,1,tertiary,0,1,11.9,1,1,0,0,0,27.6,123,0,0,0,0,0,0,0,8.7
60187,43,female,Rose,2,tertiary,1,1,9.1,1,1,0,1,1,31.7,123,0,0,0,0,0,0,0,6.6
95812,33,female,Doll,5,tertiary,1,0,0.0,0,0,0,1,0,26.4,107,0,0,0,0,0,0,1,4.7
27821,61,male,Hill,2,secondary,1,1,16.6,0,0,1,0,0,31.1,120,0,0,0,0,0,0,1,9.9
60180,36,male,Doll,3,secondary,1,0,0.0,1,0,0,1,0,18.5,110,0,0,1,0,0,0,1,5.0
13198,44,male,Hill,4,secondary,0,0,0.0,1,1,0,0,0,22.6,103,0,0,0,0,0,0,1,5.3
55640,51,female,Hill,2,secondary,0,0,0.0,1,0,1,0,0,32.4,134,0,0,0,0,0,0,0,4.3
91078,20,female,Doll,5,tertiary,1,0,0.0,0,0,0,0,1,21.8,93,0,0,0,0,0,0,1,9.7
55949,58,male,Nightingale,3,secondary,0,0,0.0,0,0,1,0,0,29.3,127,0,1,0,0,0,0,1,5.5
96582,30,male,Rose,2,secondary,0,0,0.0,1,1,0,1,1,25.1,99,0,0,0,0,0,0,0,7.7
32965,39,female,Snow,2,secondary,0,0,0.0,1,1,1,1,1,27.4,108,1,0,1,0,0,0,0,7.7
64830,36,female,Snow,1,secondary,1,0,0.0,0,0,0,1,1,24.9,119,0,0,0,0,0,0,0,7.7
72003,31,male,Hill,3,secondary,1,0,0.0,1,0,0,0,1,28.1,114,0,0,0,0,1,0,0,9.9
52225,36,female,Snow,4,tertiary,1,0,0.0,1,1,0,0,0,33.0,112,0,0,0,0,0,0,0,4.5
32772,18,male,Snow,3,secondary,0,0,0.0,1,0,0,1,0,29.9,112,1,0,0,0,0,0,0,9.0
95705,61,female,Nightingale,1,primary,0,0,0.0,1,1,0,0,0,29.9,122,1,0,0,0,0,1,1,9.2
17318,33,male,Hill,4,secondary,1,0,0.0,1,0,0,1,1,32.9,127,0,0,0,0,0,0,0,4.8
27970,66,male,Doll,4,secondary,1,0,0.0,1,0,0,0,0,21.9,129,0,0,0,0,0,0,0,6.8
17967,26,female,Nightingale,4,tertiary,1,0,0.0,0,0,1,0,0,24.6,98,1,0,0,0,0,0,0,8.4
66730,54,female,Hill,3,secondary,1,0,0.0,0,0,0,0,1,24.8,117,0,0,0,0,0,0,0,8.9
41075,35,male,Doll,2,primary,0,1,7.9,0,1,0,1,0,25.9,107,0,0,0,0,0,0,0,8.6
49357,39,female,Hill,5,tertiary,1,0,0.0,0,0,1,0,1,36.3,136,0,0,0,0,1,0,1,7.1
20212,65,male,Snow,2,secondary,0,1,17.1,0,1,1,0,0,31.3,110,0,0,1,0,0,0,0,9.2
85066,35,female,Snow,4,secondary,1,0,0.0,0,0,0,1,1,23.5,119,0,1,0,0,1,0,1,8.6
11510,32,male,Nightingale,4,secondary,1,0,0.0,0,1,0,1,0,26.9,109,0,0,0,0,0,0,0,9.3
74733,54,female,Snow,2,primary,1,0,0.0,1,1,1,0,0,31.5,90,0,0,0,0,0,0,0,7.4
59883,75,male,Hill,2,tertiary,0,0,0.0,1,0,1,0,1,29.4,133,0,1,0,0,0,0,0,9.4
95640,49,female,Doll,4,secondary,1,0,0.0,0,0,1,0,1,24.5,107,0,0,0,0,0,0,0,7.7
89580,77,male,Hill,4,tertiary,1,0,0.0,0,1,0,0,1,24.6,126,0,0,0,0,0,0,1,4.8
78471,64,female,Snow,3,secondary,1,1,18.0,1,0,1,0,0,35.4,137,0,0,0,1,0,0,0,9.6
34291,57,male,Rose,5,primary,1,0,0.0,1,0,1,0,0,26.4,111,0,0,1,0,0,0,1,4.9
53430,71,female,Nightingale,1,secondary,0,1,19.7,0,1,0,0,1,30.5,114,0,0,0,0,1,0,1,7.5
58375,61,female,Nightingale,3,secondary,1,1,14.8,1,0,0,0,0,26.2,129,1,0,0,0,0,0,0,8.7
51470,77,male,Nightingale,2,secondary,1,0,0.0,1,0,1,0,0,29.4,125,0,1,0,0,1,0,0,7.9
13871,33,female,Snow,2,secondary,0,1,3.7,0,0,1,0,1,21.9,100,0,0,0,0,0,0,0,9.9
14096,39,female,Hill,3,secondary,1,1,6.7,0,0,0,0,0,23.3,128,0,0,1,0,0,0,1,5.5
14526,48,male,Doll,3,secondary,0,1,7.9,1,0,1,0,0,30.2,125,1,0,0,0,0,0,0,5.5
42413,31,male,Hill,3,primary,1,0,0.0,0,0,1,0,0,24.9,98,0,0,0,0,0,0,0,7.0
42918,26,male,Snow,1,primary,0,0,0.0,1,1,0,0,0,26.6,109,0,0,0,0,0,0,0,9.4
21424,48,male,Hill,3,secondary,1,1,7.8,0,1,0,0,0,29.2,123,0,0,0,0,0,0,0,8.2
79887,79,female,Rose,5,secondary,1,0,0.0,0,0,0,0,0,29.2,132,0,0,0,0,0,0,0,7.0
33910,31,female,Doll,3,primary,0,0,0.0,0,0,0,0,0,21.3,100,0,0,0,0,0,0,0,5.6
22180,40,male,Nightingale,3,secondary,1,0,0.0,1,1,0,1,0,30.3,109,0,0,0,0,0,0,0,7.3
36011,23,male,Doll,5,secondary,1,1,2.2,0,0,0,1,0,23.4,117,0,1,0,0,0,0,1,5.7
69960,61,female,Doll,2,secondary,1,0,0.0,0,0,1,0,0,33.5,126,0,0,0,0,0,0,0,9.1
67544,66,male,Doll,5,tertiary,1,1,10.9,0,1,1,0,0,26.1,118,0,0,0,0,0,0,1,7.3
13002,78,female,Hill,3,secondary,1,0,0.0,0,0,1,0,0,31.3,125,0,0,0,0,0,0,0,9.9
27050,60,female,Hill,4,primary,1,1,11.2,1,0,0,0,0,20.9,116,0,0,0,0,0,1,1,5.5
94160,19,male,Snow,1,secondary,0,0,0.0,0,1,1,1,1,29.5,120,1,0,1,0,1,0,1,7.6
75853,75,female,Snow,2,secondary,0,0,0.0,1,1,0,0,0,31.4,129,0,0,0,0,1,0,1,8.6
93685,18,female,Doll,5,secondary,1,1,0.0,0,1,1,1,0,26.1,117,0,0,0,0,0,0,0,9.5
76958,70,female,Rose,4,tertiary,1,0,0.0,0,1,1,0,0,26.7,123,0,0,0,0,0,0,1,7.1
68657,28,female,Hill,3,secondary,0,0,0.0,1,0,1,1,0,26.7,102,1,1,0,0,0,0,0,5.5
10224,35,female,Doll,3,secondary,1,1,4.1,0,1,0,0,0,24.8,106,0,0,0,0,0,0,1,7.7
84559,51,male,Doll,5,secondary,1,0,0.0,0,0,0,0,0,23.3,128,0,0,0,0,0,0,0,5.9
72785,24,female,Rose,3,secondary,0,0,0.0,0,0,0,1,0,24.1,112,1,0,1,0,0,0,1,6.7
53040,33,male,Doll,5,tertiary,0,0,0.0,0,0,0,1,0,25.5,114,0,0,0,0,0,0,0,8.8
20146,52,male,Hill,3,secondary,1,0,0.0,1,0,1,0,0,26.9,124,0,0,0,0,0,0,1,5.1
27046,67,male,Hill,3,primary,1,0,0.0,0,0,0,0,0,33.4,139,0,0,0,0,0,0,1,7.3
58861,44,female,Hill,5,tertiary,1,0,0.0,1,1,1,0,0,28.4,115,0,0,0,0,0,0,1,8.2
46922,37,female,Nightingale,2,primary,0,1,9.0,0,1,1,1,0,31.9,133,0,1,1,0,1,0,1,4.6
84493,23,male,Nightingale,5,secondary,0,0,0.0,1,0,0,1,0,25.2,119,0,0,0,0,0,1,0,8.2
37038,70,male,Snow,4,secondary,1,0,0.0,0,0,0,1,0,27.8,118,0,0,0,0,0,1,1,6.3
71511,47,male,Rose,2,secondary,0,0,0.0,0,0,0,0,1,27.0,114,0,0,1,0,0,0,0,4.3
55644,69,female,Doll,4,tertiary,1,0,0.0,1,1,1,0,0,30.4,141,0,0,0,0,0,0,0,5.5
10255,41,male,Snow,1,secondary,1,0,0.0,1,0,0,0,0,28.3,110,1,0,0,0,0,0,0,8.2
23913,70,male,Hill,5,tertiary,1,0,0.0,0,0,0,1,0,28.6,140,0,0,0,0,0,0,0,6.3
52164,28,female,Hill,4,secondary,1,1,5.1,1,0,0,0,0,30.3,98,0,0,1,0,0,0,1,5.6
74478,40,female,Doll,3,tertiary,1,0,0.0,0,0,0,0,0,22.0,103,0,0,0,0,0,0,0,8.1
68774,28,female,Hill,4,tertiary,1,1,4.2,1,1,1,1,0,30.5,118,0,0,0,0,0,1,0,9.3
99968,45,female,Nightingale,4,primary,1,0,0.0,0,1,0,0,0,24.0,113,0,0,0,0,0,0,0,9.3
46006,69,male,Doll,5,secondary,1,0,0.0,0,0,1,0,0,31.4,127,1,0,0,0,0,0,0,5.5
71945,61,male,Rose,2,tertiary,0,1,14.4,1,1,0,0,0,27.8,114,1,1,0,1,0,0,1,5.2
99991,59,male,Snow,3,secondary,1,0,0.0,1,0,0,0,0,28.7,113,1,0,0,0,0,0,0,5.6
87703,32,female,Doll,3,primary,1,0,0.0,0,0,0,1,0,21.2,119,1,0,0,0,0,0,1,5.0
85869,25,female,Doll,3,secondary,0,0,0.0,0,1,1,0,1,25.4,114,0,0,1,0,0,0,0,5.8
88619,22,male,Hill,3,secondary,1,0,0.0,0,0,1,1,0,27.4,103,0,0,0,0,0,0,0,7.9
22579,42,male,Snow,2,secondary,0,1,7.7,0,0,1,0,1,24.3,121,0,0,1,0,0,0,1,5.4
86933,63,male,Hill,2,primary,0,1,21.5,0,1,0,0,0,30.3,129,0,0,0,0,1,0,0,8.8
65663,34,female,Nightingale,5,secondary,1,0,0.0,0,0,1,0,0,32.7,116,1,0,0,0,0,0,0,5.8
77714,24,female,Rose,3,secondary,1,1,2.1,0,0,1,0,0,27.1,113,1,0,0,0,0,0,0,4.6
46442,37,female,Doll,4,secondary,1,0,0.0,0,0,0,1,0,25.5,108,0,0,0,0,0,0,0,4.2
80542,75,female,Rose,2,secondary,1,0,0.0,0,0,1,0,0,31.7,131,0,0,0,0,0,0,0,6.9
25929,42,male,Snow,3,secondary,1,0,0.0,1,0,0,0,0,30.4,100,0,0,0,0,0,0,0,7.4
83867,62,female,Hill,4,secondary,1,1,12.2,0,0,0,0,0,26.2,130,0,0,0,0,0,0,0,7.3
50903,70,male,Hill,1,primary,0,1,20.8,1,1,1,0,1,31.8,134,0,1,0,0,0,0,1,9.4
59427,42,female,Doll,4,secondary,1,0,0.0,0,0,1,0,1,27.3,108,1,0,0,0,0,0,0,5.7
36830,79,female,Doll,2,secondary,1,1,14.6,0,0,1,0,1,31.0,129,1,0,1,0,1,0,1,6.9
53847,45,female,Hill,4,secondary,1,1,12.0,1,0,1,0,0,29.0,117,0,0,0,0,0,0,0,6.8
65982,67,male,Hill,4,primary,0,0,0.0,0,0,0,0,0,32.7,132,0,0,0,0,0,0,0,10.0
64378,30,male,Rose,3,secondary,1,0,0.0,0,0,1,0,0,25.5,105,0,0,0,0,0,0,0,9.7
26943,55,female,Rose,5,tertiary,1,0,0.0,1,0,0,0,0,29.5,122,0,0,0,0,0,0,1,4.1
13333,18,male,Rose,3,primary,0,0,0.0,0,0,0,0,0,28.4,118,1,0,0,0,0,1,0,4.1
71033,71,male,Nightingale,4,secondary,1,1,12.8,0,0,1,0,0,34.2,133,1,0,0,0,0,0,1,8.6
92038,37,male,Hill,3,secondary,0,1,5.7,0,0,1,1,0,28.6,121,0,0,0,0,0,0,0,6.2
56347,56,female,Rose,5,tertiary,1,0,0.0,0,0,0,0,0,22.7,118,0,0,0,0,0,0,1,7.9
61205,49,female,Rose,4,secondary,1,0,0.0,0,0,0,0,0,23.9,118,0,0,0,0,0,0,0,8.9
23915,27,male,Hill,1,secondary,0,1,1.9,1,0,1,0,0,30.2,120,0,0,0,0,0,0,0,6.9
36014,52,male,Hill,5,tertiary,1,1,12.2,0,1,1,0,0,29.4,106,0,0,0,1,0,0,1,8.6
12576,44,female,Nightingale,5,tertiary,1,0,0.0,1,0,0,0,0,21.3,109,0,1,0,0,0,0,0,4.4
27107,55,male,Snow,2,primary,1,0,0.0,1,0,0,0,0,29.1,127,1,1,0,0,0,0,1,8.5
75110,79,female,Snow,1,secondary,0,0,0.0,0,1,0,0,0,27.9,132,0,0,0,0,0,0,0,9.8
51974,34,female,Snow,2,secondary,0,1,6.6,1,1,1,1,1,31.8,126,0,0,1,0,0,0,1,6.3
34144,33,male,Nightingale,3,secondary,0,1,3.8,0,0,0,1,0,23.5,113,0,0,0,0,0,0,0,4.9
83857,77,male,Snow,1,primary,0,1,18.3,1,0,1,0,0,28.1,125,0,0,0,0,0,0,0,6.0
74235,20,female,Snow,2,primary,1,1,0.8,1,1,1,0,0,33.9,106,0,0,0,0,1,0,0,6.4
59765,72,female,Doll,5,tertiary,1,0,0.0,1,1,0,0,1,35.0,131,1,0,0,0,0,0,0,5.5
77885,43,male,Hill,2,secondary,0,0,0.0,1,0,1,0,0,29.3,117,0,0,0,0,0,0,0,6.1
54784,68,male,Rose,4,primary,0,0,0.0,0,0,0,0,0,24.8,140,1,1,0,0,0,0,0,5.7
43556,27,male,Doll,3,primary,1,0,0.0,0,0,0,1,0,29.1,108,0,0,0,0,0,0,0,5.5
26871,33,male,Nightingale,5,tertiary,1,0,0.0,0,1,1,1,0,27.5,109,0,0,0,0,0,0,0,8.0
96871,74,female,Hill,3,primary,1,0,0.0,1,0,0,1,0,23.5,140,0,0,0,0,0,0,0,8.9
14511,21,male,Rose,5,tertiary,1,0,0.0,1,0,1,0,0,28.2,93,0,0,0,0,0,0,1,9.5
25340,71,female,Hill,5,tertiary,1,0,0.0,1,0,1,0,0,24.2,119,0,0,0,0,0,1,0,4.1
81117,36,male,Nightingale,3,primary,0,0,0.0,1,0,1,1,0,29.0,116,0,0,0,0,0,0,0,6.5
99613,47,female,Doll,3,tertiary,0,0,0.0,0,0,0,0,0,27.0,106,1,0,0,0,0,0,0,6.1
98734,78,male,Snow,1,secondary,1,1,21.7,1,0,1,1,0,31.1,150,1,1,0,1,0,0,0,6.4
91408,53,female,Nightingale,3,secondary,0,0,0.0,1,0,0,0,0,34.5,124,0,0,0,0,0,0,0,9.7
43753,77,male,Rose,5,tertiary,0,0,0.0,0,0,0,0,0,34.0,140,0,0,0,0,0,0,0,8.1
28997,56,female,Nightingale,1,secondary,0,0,0.0,1,0,0,0,0,26.3,129,0,0,0,0,0,0,0,4.0
97220,69,male,Hill,4,tertiary,1,0,0.0,0,0,1,0,0,26.1,137,0,0,0,0,0,0,0,6.9
43661,72,male,Nightingale,1,secondary,1,1,25.3,1,0,0,0,1,29.6,131,0,0,0,0,1,0,1,5.0
12028,78,male,Doll,4,secondary,1,0,0.0,0,1,1,0,0,30.2,129,0,0,0,0,0,0,0,4.6
46173,46,female,Snow,3,secondary,0,0,0.0,1,0,0,0,0,26.2,126,0,0,0,0,0,0,0,8.3
25213,70,female,Doll,3,secondary,1,1,22.7,1,0,0,0,1,27.9,96,0,0,1,0,0,0,1,7.6
33630,18,female,Doll,2,primary,0,0,0.0,0,1,0,0,1,32.7,107,0,0,0,0,0,0,0,5.8
47096,38,female,Nightingale,2,secondary,1,0,0.0,1,1,0,0,0,29.3,92,0,0,0,0,0,0,0,9.9
64528,42,female,Rose,4,tertiary,0,0,0.0,0,0,1,0,0,28.3,128,0,0,0,0,0,0,0,6.6
83805,52,female,Doll,3,tertiary,1,0,0.0,0,1,1,0,0,30.8,123,1,0,0,0,0,0,0,7.9
72616,43,female,Doll,2,secondary,1,1,8.1,0,0,0,1,0,31.6,123,0,0,0,0,0,0,0,5.9
22737,19,female,Doll,5,tertiary,1,0,0.0,1,0,0,0,0,23.0,93,0,0,0,0,0,0,1,9.8
64779,35,female,Hill,2,secondary,1,0,0.0,1,1,1,1,0,35.5,133,0,0,0,0,0,0,0,6.8
23820,56,female,Doll,3,secondary,0,0,0.0,0,0,0,0,0,26.1,130,0,0,0,0,0,0,0,6.9
64939,39,female,Rose,4,tertiary,1,0,0.0,0,1,0,0,0,31.2,125,0,0,0,0,0,0,1,7.4
62996,60,female,Snow,3,secondary,1,0,0.0,1,0,1,0,1,28.8,139,1,0,0,0,0,1,0,7.9
44724,66,female,Hill,4,tertiary,1,0,0.0,1,0,1,0,0,23.8,132,0,0,0,0,0,0,0,6.4
68608,63,female,Snow,4,secondary,1,0,0.0,0,0,0,0,0,19.8,118,0,0,0,0,0,0,0,5.9
15320,68,male,Doll,3,tertiary,1,1,12.8,0,1,0,0,0,31.0,124,0,0,0,0,0,0,0,5.8
89823,58,female,Doll,3,primary,0,0,0.0,0,0,0,1,0,26.2,102,0,0,0,0,0,0,0,4.0
37266,23,male,Snow,2,secondary,1,0,0.0,0,1,1,0,0,22.5,94,0,0,0,0,0,0,0,9.9
76918,63,male,Rose,3,secondary,1,0,0.0,0,0,1,0,0,25.7,128,0,0,0,0,0,0,0,4.1
66764,68,male,Rose,2,secondary,0,0,0.0,0,1,0,0,1,34.3,123,0,1,0,0,0,0,1,9.1
26428,37,female,Snow,2,secondary,1,0,0.0,1,0,0,0,0,29.2,102,1,0,0,0,0,0,0,5.6
55240,59,male,Doll,5,tertiary,0,0,0.0,0,0,0,0,1,24.2,115,0,0,0,0,0,0,0,6.9
89937,29,male,Doll,3,secondary,1,0,0.0,0,0,0,0,0,23.6,90,0,0,0,0,0,0,0,4.1
19397,25,female,Snow,4,primary,1,0,0.0,0,1,0,0,0,24.6,105,0,0,0,0,0,0,0,7.8
92485,66,male,Nightingale,3,tertiary,0,0,0.0,0,0,1,0,0,31.9,132,1,0,0,0,0,0,0,8.2
40862,60,female,Rose,4,secondary,1,1,11.9,0,0,1,0,0,31.6,131,0,1,0,0,0,0,1,9.8
67286,68,male,Hill,5,tertiary,1,0,0.0,0,0,1,0,0,28.1,122,0,0,0,0,0,0,0,8.7
53179,59,female,Nightingale,3,secondary,1,0,0.0,0,0,0,0,0,30.5,133,0,0,0,0,0,1,0,5.4
23329,20,female,Nightingale,4,secondary,1,1,0.8,1,0,1,0,0,31.1,112,1,0,0,0,0,0,0,7.4
94845,36,female,Snow,3,secondary,1,0,0.0,0,0,0,0,0,23.2,105,0,0,0,0,0,0,0,8.2
93657,51,male,Hill,2,secondary,0,1,12.6,1,0,0,0,0,30.2,112,0,0,0,0,0,0,0,5.7
30228,65,male,Doll,4,tertiary,1,0,0.0,0,0,0,0,0,27.7,135,0,0,0,0,0,0,0,9.9
66620,45,female,Hill,2,secondary,0,1,12.0,0,1,0,0,0,32.9,127,0,1,0,0,0,0,0,7.2
97123,33,female,Nightingale,4,secondary,1,0,0.0,0,0,1,1,0,27.0,97,0,0,0,0,0,0,1,7.3
92444,54,female,Hill,2,secondary,0,1,11.9,0,1,1,1,0,21.8,132,0,0,1,0,0,0,1,6.2
47721,59,male,Snow,3,secondary,0,0,0.0,1,0,1,0,0,27.7,114,0,0,0,0,0,0,0,5.6
99088,35,male,Doll,5,secondary,1,0,0.0,1,0,0,1,0,22.1,106,0,0,0,0,0,0,0,9.6
42021,49,female,Rose,3,secondary,0,0,0.0,0,1,1,0,0,29.4,125,0,0,0,0,0,0,0,9.1
49654,57,male,Doll,2,secondary,0,0,0.0,0,1,1,0,0,38.3,117,0,0,0,0,1,0,0,4.3
39593,33,male,Nightingale,3,tertiary,1,0,0.0,0,1,1,1,0,31.7,106,1,0,0,0,0,0,0,8.1
95697,59,female,Rose,3,secondary,1,0,0.0,0,1,0,0,0,28.1,120,0,0,0,0,0,0,0,6.1
81028,54,female,Hill,2,primary,1,0,0.0,1,1,0,0,1,32.4,118,1,0,0,0,0,0,1,6.9
78637,23,male,Snow,1,primary,0,0,0.0,0,1,0,1,0,27.9,93,0,0,0,0,0,0,0,7.8
88198,49,male,Doll,4,primary,0,0,0.0,1,0,0,0,0,22.3,128,0,0,0,0,0,0,0,7.4
53606,63,male,Snow,2,primary,0,0,0.0,1,1,1,0,0,33.6,135,0,0,0,0,0,0,0,6.7
63971,36,male,Nightingale,2,primary,0,1,6.1,0,1,1,0,1,27.2,115,0,0,0,0,0,0,0,6.7
36527,21,female,Hill,3,secondary,1,0,0.0,1,0,1,0,0,27.8,102,0,0,0,0,0,0,0,8.2
37413,78,male,Doll,3,primary,0,0,0.0,0,0,1,0,0,34.0,143,0,1,0,0,0,0,1,6.6
61237,22,male,Doll,3,secondary,1,1,1.6,0,0,1,1,1,25.8,108,0,0,0,0,0,0,0,6.2
24649,54,male,Snow,4,secondary,0,0,0.0,1,0,0,0,1,26.1,131,0,0,0,0,0,0,0,7.2
81063,21,male,Snow,2,secondary,1,0,0.0,1,1,1,0,1,31.9,95,1,0,0,0,0,0,0,4.3
19959,78,male,Doll,3,secondary,1,0,0.0,0,0,1,0,0,28.7,132,0,0,0,0,0,0,0,9.6
87777,58,female,Rose,4,tertiary,1,0,0.0,0,0,1,0,0,31.1,108,0,0,0,0,0,0,0,6.4
36548,29,female,Doll,2,primary,0,1,2.1,0,1,1,0,0,31.8,120,0,0,0,0,1,0,0,8.7
56430,19,male,Doll,4,secondary,1,0,0.0,0,1,1,1,0,24.7,95,0,0,0,0,0,1,0,8.5
23242,64,female,Rose,4,secondary,1,0,0.0,0,0,0,0,0,24.2,120,1,1,0,0,0,0,1,8.6
19206,61,female,Rose,5,tertiary,1,0,0.0,0,0,1,0,0,29.0,126,0,0,0,0,0,1,1,10.0
70495,67,female,Rose,3,secondary,1,1,13.7,1,0,0,0,0,24.0,120,0,0,0,0,0,0,1,4.7
97092,72,female,Doll,4,tertiary,1,0,0.0,1,0,1,0,0,25.3,122,1,0,0,0,1,0,1,4.4
20978,33,male,Doll,5,secondary,1,0,0.0,0,0,1,0,0,24.7,112,0,0,0,0,0,0,0,5.0
60650,77,female,Doll,5,tertiary,1,0,0.0,0,1,1,0,0,27.8,111,0,0,0,0,0,0,0,5.7
25546,44,male,Hill,3,secondary,1,0,0.0,0,0,1,0,0,27.9,108,0,0,0,0,0,0,0,6.7
20846,61,male,Nightingale,3,secondary,1,0,0.0,1,0,0,0,0,27.8,107,1,0,0,0,0,1,1,7.8
57928,48,female,Snow,3,primary,0,1,10.3,0,0,1,1,1,30.9,104,0,0,0,0,0,0,0,6.9
53401,54,female,Doll,5,secondary,1,0,0.0,1,0,1,0,0,26.7,113,0,0,0,0,0,0,0,9.3
60463,38,male,Hill,2,secondary,1,1,10.1,1,1,0,1,0,27.5,126,1,0,0,0,0,0,1,7.6
27579,21,female,Doll,2,secondary,0,1,1.3,1,1,0,1,1,29.7,123,0,0,0,0,0,0,0,4.1
74942,78,female,Rose,5,primary,1,1,26.3,0,1,1,0,0,31.2,143,0,0,0,0,0,0,1,5.5
60421,64,female,Hill,1,secondary,0,1,11.3,0,1,0,0,0,34.5,124,0,0,0,0,0,0,1,7.7
74638,28,male,Hill,4,secondary,1,0,0.0,1,1,0,0,0,27.6,113,0,0,0,0,0,0,0,7.1
92843,41,male,Rose,5,tertiary,1,0,0.0,0,0,0,1,0,28.6,122,1,0,0,0,0,0,0,4.1
78183,62,female,Snow,1,secondary,0,1,8.5,1,0,0,0,0,31.4,127,0,0,0,0,0,0,0,8.0
93714,55,male,Snow,2,secondary,0,0,0.0,1,1,0,0,0,30.9,117,0,1,0,0,1,0,0,9.5
24408,40,male,Doll,4,secondary,0,0,0.0,0,0,0,0,0,25.7,124,0,0,0,0,0,0,0,4.6
36629,61,female,Snow,4,secondary,1,0,0.0,1,0,0,0,1,25.6,128,1,1,0,0,0,0,1,4.0
15871,18,female,Doll,4,secondary,1,0,0.0,0,0,0,1,0,24.7,97,0,0,0,0,0,0,0,9.0
52847,34,female,Nightingale,4,secondary,0,0,0.0,1,0,1,0,0,24.3,119,0,0,0,0,0,0,0,5.3
14042,55,male,Hill,3,secondary,0,0,0.0,1,1,1,0,0,31.7,119,0,0,0,0,0,0,0,6.4
67230,54,female,Snow,4,secondary,1,0,0.0,1,0,0,1,0,24.5,125,0,0,0,0,0,0,0,4.1
58369,19,male,Nightingale,3,secondary,0,0,0.0,0,0,1,0,0,27.7,94,0,1,0,0,0,0,1,6.0
39463,78,female,Doll,5,secondary,1,1,29.1,0,1,1,1,0,31.7,130,0,0,0,0,0,1,1,6.9
96642,34,male,Hill,5,tertiary,0,1,7.3,1,1,1,0,0,27.1,121,0,0,0,0,0,1,0,6.6
46964,27,female,Doll,3,primary,1,0,0.0,0,1,1,0,0,29.4,103,0,0,0,0,0,0,0,9.8
96678,39,female,Nightingale,1,secondary,1,1,8.2,1,1,0,0,0,23.2,107,0,0,0,0,0,0,0,9.1
74601,43,female,Rose,4,tertiary,1,1,9.9,0,1,0,0,0,34.1,130,0,0,0,0,0,0,0,5.3
45650,72,male,Snow,2,primary,0,1,12.6,1,1,1,0,0,30.2,128,1,1,0,1,0,0,0,4.5
83621,66,female,Snow,2,primary,0,0,0.0,0,0,1,0,0,28.3,150,0,0,0,0,0,0,0,4.5
82846,38,female,Nightingale,4,primary,1,1,9.6,0,0,1,1,0,22.0,117,0,0,0,0,0,0,1,4.1
83861,39,male,Doll,4,secondary,0,0,0.0,0,0,0,0,0,24.1,113,0,0,0,0,0,0,0,4.7
14377,22,female,Snow,2,secondary,0,0,0.0,0,1,1,1,0,20.7,99,0,0,0,0,0,0,1,8.1
39713,58,female,Nightingale,3,secondary,1,0,0.0,0,1,1,0,0,27.3,123,0,0,0,0,0,0,0,5.9
23018,73,female,Snow,2,secondary,0,1,20.2,1,1,0,0,0,27.1,136,0,0,0,0,0,0,0,5.7
68820,21,female,Hill,2,secondary,0,0,0.0,1,1,1,0,0,29.6,101,0,0,0,0,0,0,0,7.2
79644,69,female,Hill,5,secondary,1,0,0.0,0,0,0,0,0,29.4,132,0,0,0,0,0,0,0,4.1
50548,30,female,Doll,2,primary,1,1,4.3,0,1,0,0,0,35.4,111,0,0,0,0,0,0,0,7.4
63669,39,female,Snow,4,primary,1,0,0.0,0,0,1,0,0,24.3,126,0,1,0,0,0,0,1,9.5
11138,23,female,Snow,4,tertiary,0,0,0.0,0,0,0,0,0,31.5,94,0,0,0,0,0,0,0,8.2
72455,49,male,Hill,2,primary,1,1,6.3,1,0,0,0,0,30.1,119,0,0,0,0,0,0,1,9.6
16180,30,female,Hill,2,secondary,1,0,0.0,0,1,0,1,0,27.1,105,0,0,0,0,0,0,0,8.8
46810,36,male,Snow,4,secondary,0,0,0.0,0,0,1,1,0,31.2,123,0,0,0,0,1,0,0,8.7
94290,46,male,Hill,2,primary,0,0,0.0,1,0,0,0,1,22.6,114,0,0,0,0,0,0,0,5.5
35984,63,male,Hill,2,secondary,0,0,0.0,0,1,1,0,1,26.5,148,0,0,0,0,0,0,0,9.9
66049,49,female,Snow,1,secondary,0,1,14.5,1,1,1,0,0,30.8,105,0,0,0,1,0,0,1,6.1
29585,59,female,Snow,4,secondary,1,0,0.0,0,0,1,1,0,27.9,103,0,0,0,0,1,1,1,9.0
81446,22,female,Nightingale,3,primary,1,0,0.0,0,1,0,1,1,28.6,99,0,0,0,0,0,0,0,8.7
84310,67,male,Nightingale,4,secondary,0,0,0.0,0,0,0,0,0,25.7,129,0,0,0,0,1,0,1,8.8
28094,49,male,Snow,3,secondary,1,0,0.0,1,1,1,0,0,26.1,99,0,0,0,0,0,0,0,5.7
58801,68,male,Doll,5,secondary,0,0,0.0,0,1,0,0,0,32.3,122,0,0,0,0,0,0,0,9.4
57440,67,female,Nightingale,4,tertiary,1,0,0.0,0,1,1,0,0,31.0,121,0,0,0,0,0,0,0,8.7
99806,34,male,Snow,1,secondary,0,0,0.0,0,1,1,0,0,26.9,112,0,0,0,0,1,0,1,6.5
48133,37,female,Hill,5,tertiary,1,0,0.0,0,1,0,1,0,28.2,107,0,0,0,0,0,1,1,4.3
22812,75,female,Rose,3,secondary,1,0,0.0,0,0,0,1,0,29.1,119,0,0,1,0,0,0,1,5.9
60191,31,male,Doll,5,secondary,1,0,0.0,0,0,1,1,0,25.8,124,0,0,0,0,0,0,0,5.2
74268,48,female,Snow,2,secondary,1,0,0.0,1,1,0,0,0,24.2,121,0,0,0,0,0,0,0,9.2
48991,64,female,Doll,2,secondary,0,1,9.7,0,0,1,0,1,29.4,127,1,0,0,0,0,0,0,7.4
49675,53,female,Hill,2,secondary,0,1,11.9,0,0,0,0,0,27.1,125,0,0,0,0,0,0,0,7.7
11204,25,female,Doll,3,secondary,0,1,2.0,1,0,1,1,0,35.2,117,1,0,0,0,1,0,1,9.0
86214,79,female,Nightingale,3,secondary,1,1,14.9,0,0,1,0,0,28.0,127,0,0,0,0,0,0,0,5.9
29400,29,male,Doll,4,secondary,0,0,0.0,0,0,0,0,1,24.2,102,1,0,0,0,0,0,0,4.7
99705,76,female,Nightingale,4,secondary,0,0,0.0,0,1,1,0,0,30.6,135,0,0,0,0,0,0,0,7.4
63914,28,male,Nightingale,2,secondary,1,1,2.4,0,1,0,1,0,32.9,104,0,0,1,0,0,0,1,9.0
78754,43,male,Doll,3,secondary,1,0,0.0,0,0,0,0,1,25.8,104,1,0,0,0,0,0,0,7.8
92940,57,female,Nightingale,2,primary,0,0,0.0,0,1,1,1,0,29.4,128,0,0,0,0,1,0,1,8.6
10366,73,male,Doll,5,tertiary,1,0,0.0,0,1,1,0,1,33.4,144,0,0,0,0,0,0,0,7.3
39079,35,male,Snow,4,primary,0,0,0.0,0,0,0,1,1,29.5,122,0,0,1,0,0,0,0,9.2
23642,33,female,Doll,2,primary,0,1,3.4,0,0,1,0,0,29.9,116,0,0,1,0,0,0,1,9.4
12139,19,female,Snow,3,secondary,1,0,0.0,0,0,0,1,0,25.3,97,0,0,0,0,0,0,0,7.2
95480,64,male,Hill,4,secondary,1,1,15.7,1,0,0,0,0,24.7,121,0,0,1,0,0,0,0,4.3
14672,32,female,Hill,1,secondary,1,1,5.3,1,1,0,0,0,27.2,115,0,0,0,0,0,1,0,6.8
19944,56,female,Rose,3,secondary,1,0,0.0,0,0,0,0,0,32.6,122,0,0,0,0,0,0,1,7.8
87770,50,female,Snow,1,primary,1,0,0.0,0,0,1,1,1,30.2,132,0,0,0,0,0,0,0,4.5
39112,71,female,Snow,3,secondary,1,0,0.0,1,1,1,0,0,32.1,134,0,0,0,0,0,0,1,5.3
97981,24,male,Hill,2,primary,0,1,1.4,0,0,0,0,0,31.7,101,0,0,0,0,0,0,0,4.3
84224,18,male,Nightingale,1,primary,0,1,0.0,1,1,0,1,1,27.6,102,1,0,0,0,0,0,0,7.9
40411,19,male,Doll,5,tertiary,1,0,0.0,0,0,0,0,0,30.5,95,1,0,0,0,0,0,1,4.6
15496,73,male,Rose,2,secondary,1,0,0.0,0,1,0,0,1,30.3,123,0,0,0,0,0,0,0,7.6
88540,43,female,Rose,3,secondary,1,0,0.0,1,1,0,0,0,27.6,133,0,0,0,0,0,0,0,6.5
54408,56,male,Rose,2,secondary,1,0,0.0,1,0,0,0,1,27.9,126,0,0,0,0,1,0,0,5.8
52833,63,female,Hill,4,primary,1,0,0.0,1,0,0,0,0,28.0,126,0,0,0,0,0,0,0,5.3
74263,19,male,Hill,2,primary,1,1,0.3,0,0,0,1,0,25.8,111,0,0,0,0,0,0,0,8.5
58386,52,female,Nightingale,2,secondary,0,1,12.5,0,0,1,0,0,29.9,130,1,0,0,0,0,0,0,5.2
28815,48,male,Nightingale,3,secondary,0,1,6.7,0,0,1,0,1,31.8,126,0,0,1,0,0,0,1,4.7
19671,68,female,Hill,1,secondary,0,0,0.0,1,0,1,0,0,28.6,142,0,1,0,0,0,0,0,5.1
26903,36,female,Doll,3,secondary,1,0,0.0,1,0,0,0,0,18.9,118,1,0,0,0,0,0,0,4.9
57625,49,female,Snow,2,primary,1,0,0.0,1,0,1,0,0,26.5,115,0,0,0,0,0,0,0,7.1
89753,75,female,Hill,4,tertiary,0,1,14.1,0,1,1,0,0,33.7,133,0,0,0,0,0,0,0,8.6
93087,65,female,Snow,2,secondary,0,0,0.0,1,1,0,0,0,26.2,128,0,0,1,0,0,0,1,8.7
40495,46,male,Hill,5,secondary,0,0,0.0,0,0,0,0,0,26.4,105,0,0,0,0,0,0,0,4.1
79446,40,male,Nightingale,1,secondary,0,0,0.0,0,0,0,0,0,32.8,119,0,0,0,0,0,0,0,9.3
62422,74,female,Rose,4,secondary,0,0,0.0,0,0,1,0,0,29.8,143,0,0,0,0,0,0,0,5.7
64828,38,male,Doll,2,secondary,0,1,9.8,0,1,1,1,1,28.8,127,1,0,0,0,0,0,0,8.9
